"id","data","crawled_at","arena_channel_id","slug","title","description","item_count","user_id"
"1","{""id"":2823602,""can"":{""add_to"":false,""update"":false,""destroy"":false,""manage_collaborators"":false},""slug"":""drain-gang-collection-archive-qcycxiz0byu"",""type"":""Channel"",""owner"":{""id"":22783,""name"":""La Horde Secrète"",""slug"":""la-horde-secrete"",""type"":""Group"",""avatar"":null,""initials"":""LHS""},""state"":""available"",""title"":""Drain Gang - Collection Archive"",""_links"":{""self"":{""href"":""https://api.are.na/v3/channels/drain-gang-collection-archive-qcycxiz0byu""},""owner"":{""href"":""https://api.are.na/v3/groups/la-horde-secrete""},""contents"":{""href"":""https://api.are.na/v3/channels/drain-gang-collection-archive-qcycxiz0byu/contents""},""followers"":{""href"":""https://api.are.na/v3/channels/drain-gang-collection-archive-qcycxiz0byu/followers""},""connections"":{""href"":""https://api.are.na/v3/channels/drain-gang-collection-archive-qcycxiz0byu/connections""}},""counts"":{""blocks"":93,""channels"":0,""contents"":93,""collaborators"":0},""metadata"":null,""created_at"":""2024-04-21T23:11:48Z"",""updated_at"":""2026-04-07T13:25:37Z"",""visibility"":""closed"",""description"":null,""collaborators"":[]}","2026-07-27 19:24:35.058537","2823602","drain-gang-collection-archive-qcycxiz0byu","Drain Gang - Collection Archive",,"93",
"2","{""id"":3948789,""can"":{""add_to"":false,""update"":false,""destroy"":false,""manage_collaborators"":false},""slug"":""drain-related"",""type"":""Channel"",""owner"":{""id"":410054,""name"":""Ben Magill"",""slug"":""ben-magill-hhyebqoy4ck"",""type"":""User"",""avatar"":null,""initials"":""BM""},""state"":""available"",""title"":""drain related"",""_links"":{""self"":{""href"":""https://api.are.na/v3/channels/drain-related""},""owner"":{""href"":""https://api.are.na/v3/users/ben-magill-hhyebqoy4ck""},""contents"":{""href"":""https://api.are.na/v3/channels/drain-related/contents""},""followers"":{""href"":""https://api.are.na/v3/channels/drain-related/followers""},""connections"":{""href"":""https://api.are.na/v3/channels/drain-related/connections""}},""counts"":{""blocks"":72,""channels"":0,""contents"":72,""collaborators"":0},""metadata"":null,""created_at"":""2025-07-01T08:35:00Z"",""updated_at"":""2026-01-26T20:27:03Z"",""visibility"":""closed"",""description"":null,""collaborators"":[]}","2026-07-27 19:24:56.300394","3948789","drain-related","drain related",,"72","1"
"3","{""id"":1056589,""can"":{""add_to"":false,""update"":false,""destroy"":false,""manage_collaborators"":false},""slug"":""drained"",""type"":""Channel"",""owner"":{""id"":132170,""name"":""auhsoJ rehcsiF "",""slug"":""auhsoj-rehcsif"",""type"":""User"",""avatar"":null,""initials"":""ar""},""state"":""available"",""title"":""drained"",""_links"":{""self"":{""href"":""https://api.are.na/v3/channels/drained""},""owner"":{""href"":""https://api.are.na/v3/users/auhsoj-rehcsif""},""contents"":{""href"":""https://api.are.na/v3/channels/drained/contents""},""followers"":{""href"":""https://api.are.na/v3/channels/drained/followers""},""connections"":{""href"":""https://api.are.na/v3/channels/drained/connections""}},""counts"":{""blocks"":371,""channels"":0,""contents"":371,""collaborators"":0},""metadata"":null,""created_at"":""2021-04-17T22:55:35Z"",""updated_at"":""2026-01-14T10:31:03Z"",""visibility"":""closed"",""description"":null,""collaborators"":[]}","2026-07-27 19:25:15.806286","1056589","drained","drained",,"371","2"
"4","{""id"":705229,""can"":{""add_to"":false,""update"":false,""destroy"":false,""manage_collaborators"":false},""slug"":""aes-brutalist"",""type"":""Channel"",""owner"":{""id"":4458,""name"":""w e b"",""slug"":""w-e-b"",""type"":""Group"",""avatar"":null,""initials"":""WEB""},""state"":""available"",""title"":""aes / brutalist"",""_links"":{""self"":{""href"":""https://api.are.na/v3/channels/aes-brutalist""},""owner"":{""href"":""https://api.are.na/v3/groups/w-e-b""},""contents"":{""href"":""https://api.are.na/v3/channels/aes-brutalist/contents""},""followers"":{""href"":""https://api.are.na/v3/channels/aes-brutalist/followers""},""connections"":{""href"":""https://api.are.na/v3/channels/aes-brutalist/connections""}},""counts"":{""blocks"":271,""channels"":0,""contents"":271,""collaborators"":0},""metadata"":null,""created_at"":""2020-05-27T20:28:41Z"",""updated_at"":""2026-06-10T18:29:32Z"",""visibility"":""closed"",""description"":null,""collaborators"":[]}","2026-07-27 19:26:11.897891","705229","aes-brutalist","aes / brutalist",,"271",
"5","{""id"":428420,""can"":{""add_to"":false,""update"":false,""destroy"":false,""manage_collaborators"":false},""slug"":""brutalist-art-architecture"",""type"":""Channel"",""owner"":{""id"":72532,""name"":""Denis Salem"",""slug"":""denis-salem"",""type"":""User"",""avatar"":""https://static.avatars.are.na/72532/large_7e34f765ea267927ded5fd5ab07981ba.gif?1697549602"",""initials"":""DS""},""state"":""available"",""title"":""❤ Brutalist Art & Architecture"",""_links"":{""self"":{""href"":""https://api.are.na/v3/channels/brutalist-art-architecture""},""owner"":{""href"":""https://api.are.na/v3/users/denis-salem""},""contents"":{""href"":""https://api.are.na/v3/channels/brutalist-art-architecture/contents""},""followers"":{""href"":""https://api.are.na/v3/channels/brutalist-art-architecture/followers""},""connections"":{""href"":""https://api.are.na/v3/channels/brutalist-art-architecture/connections""}},""counts"":{""blocks"":700,""channels"":6,""contents"":706,""collaborators"":0},""metadata"":null,""created_at"":""2019-07-05T11:18:01Z"",""updated_at"":""2026-07-27T18:08:44Z"",""visibility"":""closed"",""description"":{""html"":""<p>If there is no obvious identification of the place or the building in the title or description, and if you have theses information, please comments.</p>"",""plain"":""If there is no obvious identification of the place or the building in the title or description, and if you have theses information, please comments."",""markdown"":""If there is no obvious identification of the place or the building in the title or description, and if you have theses information, please comments.""},""collaborators"":[]}","2026-07-27 19:26:50.436229","428420","brutalist-art-architecture","❤ Brutalist Art & Architecture","If there is no obvious identification of the place or the building in the title or description, and if you have theses information, please comments.","700","3"
"6","{""id"":1181604,""can"":{""add_to"":false,""update"":false,""destroy"":false,""manage_collaborators"":false},""slug"":""brutalist-_tvzitpjad0"",""type"":""Channel"",""owner"":{""id"":265150,""name"":""Bill Whithers"",""slug"":""bill-whithers"",""type"":""User"",""avatar"":null,""initials"":""BW""},""state"":""available"",""title"":""Brutalist"",""_links"":{""self"":{""href"":""https://api.are.na/v3/channels/brutalist-_tvzitpjad0""},""owner"":{""href"":""https://api.are.na/v3/users/bill-whithers""},""contents"":{""href"":""https://api.are.na/v3/channels/brutalist-_tvzitpjad0/contents""},""followers"":{""href"":""https://api.are.na/v3/channels/brutalist-_tvzitpjad0/followers""},""connections"":{""href"":""https://api.are.na/v3/channels/brutalist-_tvzitpjad0/connections""}},""counts"":{""blocks"":167,""channels"":0,""contents"":167,""collaborators"":0},""metadata"":null,""created_at"":""2021-08-21T22:02:16Z"",""updated_at"":""2026-06-21T19:18:47Z"",""visibility"":""closed"",""description"":null,""collaborators"":[]}","2026-07-27 19:28:08.351006","1181604","brutalist-_tvzitpjad0","Brutalist",,"167","4"
"7","{""id"":757100,""can"":{""add_to"":false,""update"":false,""destroy"":false,""manage_collaborators"":false},""slug"":""y2k-wfnhqmpy_n8"",""type"":""Channel"",""owner"":{""id"":137939,""name"":""Joshua Abejo"",""slug"":""joshua-abejo"",""type"":""User"",""avatar"":""https://static.avatars.are.na/137939/large_6e1428bd012520f954f0795566e91adc.jpg?1707252149"",""initials"":""JA""},""state"":""available"",""title"":""Y2K"",""_links"":{""self"":{""href"":""https://api.are.na/v3/channels/y2k-wfnhqmpy_n8""},""owner"":{""href"":""https://api.are.na/v3/users/joshua-abejo""},""contents"":{""href"":""https://api.are.na/v3/channels/y2k-wfnhqmpy_n8/contents""},""followers"":{""href"":""https://api.are.na/v3/channels/y2k-wfnhqmpy_n8/followers""},""connections"":{""href"":""https://api.are.na/v3/channels/y2k-wfnhqmpy_n8/connections""}},""counts"":{""blocks"":379,""channels"":5,""contents"":384,""collaborators"":0},""metadata"":null,""created_at"":""2020-07-25T07:06:13Z"",""updated_at"":""2026-07-24T09:30:14Z"",""visibility"":""closed"",""description"":null,""collaborators"":[]}","2026-07-27 19:28:37.461137","757100","y2k-wfnhqmpy_n8","Y2K",,"379","5"
"8","{""id"":2973216,""can"":{""add_to"":false,""update"":false,""destroy"":false,""manage_collaborators"":false},""slug"":""y2k-km_zjbhp4fy"",""type"":""Channel"",""owner"":{""id"":717821,""name"":""chili fruit"",""slug"":""chili-fruit"",""type"":""User"",""avatar"":null,""initials"":""cf""},""state"":""available"",""title"":""Y2K"",""_links"":{""self"":{""href"":""https://api.are.na/v3/channels/y2k-km_zjbhp4fy""},""owner"":{""href"":""https://api.are.na/v3/users/chili-fruit""},""contents"":{""href"":""https://api.are.na/v3/channels/y2k-km_zjbhp4fy/contents""},""followers"":{""href"":""https://api.are.na/v3/channels/y2k-km_zjbhp4fy/followers""},""connections"":{""href"":""https://api.are.na/v3/channels/y2k-km_zjbhp4fy/connections""}},""counts"":{""blocks"":207,""channels"":0,""contents"":207,""collaborators"":0},""metadata"":null,""created_at"":""2024-06-29T20:15:24Z"",""updated_at"":""2026-07-26T10:26:54Z"",""visibility"":""closed"",""description"":{""html"":""<p>Cyber Y2K<br>\nCybercore</p>"",""plain"":""Cyber Y2K\nCybercore"",""markdown"":""Cyber Y2K\nCybercore""},""collaborators"":[]}","2026-07-27 19:29:28.08326","2973216","y2k-km_zjbhp4fy","Y2K","Cyber Y2K
Cybercore","207","6"
"9","{""id"":424359,""can"":{""add_to"":false,""update"":false,""destroy"":false,""manage_collaborators"":false},""slug"":""grunge-corp-grunge"",""type"":""Channel"",""owner"":{""id"":51156,""name"":""Evan Collins"",""slug"":""evan-collins-1522646491"",""type"":""User"",""avatar"":""https://static.avatars.are.na/51156/large_8c6098f64217eca6b4bcff44a7abf2d7.jpg?1563035757"",""initials"":""EC""},""state"":""available"",""title"":""Grunge™ (Corp. Grunge)"",""_links"":{""self"":{""href"":""https://api.are.na/v3/channels/grunge-corp-grunge""},""owner"":{""href"":""https://api.are.na/v3/users/evan-collins-1522646491""},""contents"":{""href"":""https://api.are.na/v3/channels/grunge-corp-grunge/contents""},""followers"":{""href"":""https://api.are.na/v3/channels/grunge-corp-grunge/followers""},""connections"":{""href"":""https://api.are.na/v3/channels/grunge-corp-grunge/connections""}},""counts"":{""blocks"":321,""channels"":0,""contents"":321,""collaborators"":0},""metadata"":null,""created_at"":""2019-06-27T03:49:30Z"",""updated_at"":""2026-07-20T09:06:23Z"",""visibility"":""closed"",""description"":{""html"":""<p>Potential other name: Hype-Grunge, named after &#39;Hype!&#39;, a documentary reviewing the media hype &amp; corporate appropriation surrounding grunge in the early 1990s.</p>\n\n<p>It&#39;s the ubiquitous &#39;corporate&#39; grunge look derived mainly from experimental &#39;grunge typography&#39; works by designers like David Carson &amp; Neville Brody and publications like Raygun &amp; Emigre, but diluted &amp; appropriated for more mainstream commercial applications. Some ties to CSA/Industrial Americana, imagery of American industrial decay, and the style of collage-y, dirty, punk/riot grrl zine culture. </p>\n\n<p>Note: Some of the examples here, like Raygun Magazine, wouldn&#39;t be considered &#39;corporate grunge&#39; in the sense that they&#39;re not part of the corporate/media marketing version of &#39;grunge&#39;, but they&#39;re important to include here since they were extremely influential on the look that the &#39;grunge&#39; media/hype/corporate marketing machine adopted.</p>"",""plain"":""Potential other name: Hype-Grunge, named after 'Hype!', a documentary reviewing the media hype & corporate appropriation surrounding grunge in the early 1990s.\nIt's the ubiquitous 'corporate' grunge look derived mainly from experimental 'grunge typography' works by designers like David Carson & Neville Brody and publications like Raygun & Emigre, but diluted & appropriated for more mainstream commercial applications. Some ties to CSA/Industrial Americana, imagery of American industrial decay, and the style of collage-y, dirty, punk/riot grrl zine culture. \nNote: Some of the examples here, like Raygun Magazine, wouldn't be considered 'corporate grunge' in the sense that they're not part of the corporate/media marketing version of 'grunge', but they're important to include here since they were extremely influential on the look that the 'grunge' media/hype/corporate marketing machine adopted."",""markdown"":""Potential other name: Hype-Grunge, named after 'Hype!', a documentary reviewing the media hype & corporate appropriation surrounding grunge in the early 1990s.\n\nIt's the ubiquitous 'corporate' grunge look derived mainly from experimental 'grunge typography' works by designers like David Carson & Neville Brody and publications like Raygun & Emigre, but diluted & appropriated for more mainstream commercial applications. Some ties to CSA/Industrial Americana, imagery of American industrial decay, and the style of collage-y, dirty, punk/riot grrl zine culture. \n\nNote: Some of the examples here, like Raygun Magazine, wouldn't be considered 'corporate grunge' in the sense that they're not part of the corporate/media marketing version of 'grunge', but they're important to include here since they were extremely influential on the look that the 'grunge' media/hype/corporate marketing machine adopted.""},""collaborators"":[]}","2026-07-27 19:30:03.039942","424359","grunge-corp-grunge","Grunge™ (Corp. Grunge)","Potential other name: Hype-Grunge, named after 'Hype!', a documentary reviewing the media hype & corporate appropriation surrounding grunge in the early 1990s.
It's the ubiquitous 'corporate' grunge look derived mainly from experimental 'grunge typography' works by designers like David Carson & Neville Brody and publications like Raygun & Emigre, but diluted & appropriated for more mainstream commercial applications. Some ties to CSA/Industrial Americana, imagery of American industrial decay, and the style of collage-y, dirty, punk/riot grrl zine culture. 
Note: Some of the examples here, like Raygun Magazine, wouldn't be considered 'corporate grunge' in the sense that they're not part of the corporate/media marketing version of 'grunge', but they're important to include here since they were extremely influential on the look that the 'grunge' media/hype/corporate marketing machine adopted.","321","7"
"10","{""id"":2359858,""can"":{""add_to"":false,""update"":false,""destroy"":false,""manage_collaborators"":false},""slug"":""soft-grunge-tumblr"",""type"":""Channel"",""owner"":{""id"":565366,""name"":""ari lysogorski"",""slug"":""ari-lysogorski"",""type"":""User"",""avatar"":null,""initials"":""al""},""state"":""available"",""title"":""Soft Grunge Tumblr"",""_links"":{""self"":{""href"":""https://api.are.na/v3/channels/soft-grunge-tumblr""},""owner"":{""href"":""https://api.are.na/v3/users/ari-lysogorski""},""contents"":{""href"":""https://api.are.na/v3/channels/soft-grunge-tumblr/contents""},""followers"":{""href"":""https://api.are.na/v3/channels/soft-grunge-tumblr/followers""},""connections"":{""href"":""https://api.are.na/v3/channels/soft-grunge-tumblr/connections""}},""counts"":{""blocks"":84,""channels"":0,""contents"":84,""collaborators"":0},""metadata"":null,""created_at"":""2023-09-07T03:12:49Z"",""updated_at"":""2026-07-22T06:34:50Z"",""visibility"":""public"",""description"":{""html"":""<p>Subcultures project<br>\nSource: <a href=\""https://pin.it/75boUnu\"" target=\""_blank\"" rel=\""nofollow noopener\"">https://pin.it/75boUnu</a></p>"",""plain"":""Subcultures project\nSource: https://pin.it/75boUnu"",""markdown"":""Subcultures project\nSource: https://pin.it/75boUnu""},""collaborators"":[]}","2026-07-27 19:30:45.084889","2359858","soft-grunge-tumblr","Soft Grunge Tumblr","Subcultures project
Source: https://pin.it/75boUnu","84","8"
"11","{""id"":1216147,""can"":{""add_to"":false,""update"":false,""destroy"":false,""manage_collaborators"":false},""slug"":""corporate-grunge-4bye2hjlezi"",""type"":""Channel"",""owner"":{""id"":8215,""name"":""Consumer Aesthetics Research Institute"",""slug"":""consumer-aesthetics-research-institute"",""type"":""Group"",""avatar"":""https://static.avatars.are.na/groups/8215/large_7b32587c1ad0de2ff2c435c867cc3a84.png?1630433050"",""initials"":""CARI""},""state"":""available"",""title"":""Corporate Grunge"",""_links"":{""self"":{""href"":""https://api.are.na/v3/channels/corporate-grunge-4bye2hjlezi""},""owner"":{""href"":""https://api.are.na/v3/groups/consumer-aesthetics-research-institute""},""contents"":{""href"":""https://api.are.na/v3/channels/corporate-grunge-4bye2hjlezi/contents""},""followers"":{""href"":""https://api.are.na/v3/channels/corporate-grunge-4bye2hjlezi/followers""},""connections"":{""href"":""https://api.are.na/v3/channels/corporate-grunge-4bye2hjlezi/connections""}},""counts"":{""blocks"":45,""channels"":0,""contents"":45,""collaborators"":0},""metadata"":null,""created_at"":""2021-09-17T17:00:38Z"",""updated_at"":""2026-07-16T19:11:44Z"",""visibility"":""closed"",""description"":{""html"":""<p>The ubiquitous &#39;corporate&#39; grunge look derived from the hype surrounding the Pacific Northwest &#39;grunge&#39; music scene, the work of graphic designers such as David Carson, Neville Brody &amp; Carlos Segura, and magazines like Raygun &amp; Emigre.</p>"",""plain"":""The ubiquitous 'corporate' grunge look derived from the hype surrounding the Pacific Northwest 'grunge' music scene, the work of graphic designers such as David Carson, Neville Brody & Carlos Segura, and magazines like Raygun & Emigre."",""markdown"":""The ubiquitous 'corporate' grunge look derived from the hype surrounding the Pacific Northwest 'grunge' music scene, the work of graphic designers such as David Carson, Neville Brody & Carlos Segura, and magazines like Raygun & Emigre.""},""collaborators"":[]}","2026-07-27 19:31:05.677243","1216147","corporate-grunge-4bye2hjlezi","Corporate Grunge","The ubiquitous 'corporate' grunge look derived from the hype surrounding the Pacific Northwest 'grunge' music scene, the work of graphic designers such as David Carson, Neville Brody & Carlos Segura, and magazines like Raygun & Emigre.","45",
"12","{""id"":2733611,""can"":{""add_to"":false,""update"":false,""destroy"":false,""manage_collaborators"":false},""slug"":""decking"",""type"":""Channel"",""owner"":{""id"":398921,""name"":""dgtl btch"",""slug"":""dgtl-btch"",""type"":""User"",""avatar"":null,""initials"":""db""},""state"":""available"",""title"":""decking"",""_links"":{""self"":{""href"":""https://api.are.na/v3/channels/decking""},""owner"":{""href"":""https://api.are.na/v3/users/dgtl-btch""},""contents"":{""href"":""https://api.are.na/v3/channels/decking/contents""},""followers"":{""href"":""https://api.are.na/v3/channels/decking/followers""},""connections"":{""href"":""https://api.are.na/v3/channels/decking/connections""}},""counts"":{""blocks"":157,""channels"":147,""contents"":304,""collaborators"":0},""metadata"":null,""created_at"":""2024-03-11T11:49:15Z"",""updated_at"":""2026-07-27T14:32:30Z"",""visibility"":""closed"",""description"":null,""collaborators"":[]}","2026-07-27 19:31:24.858462","2733611","decking","decking",,"157","9"
"13","{""id"":5009447,""can"":{""add_to"":false,""update"":false,""destroy"":false,""manage_collaborators"":false},""slug"":""rabbithole-radio-set"",""type"":""Channel"",""owner"":{""id"":612815,""name"":""SCARLET THURNER"",""slug"":""scarlet-thurner-jzo34sjyjfq"",""type"":""User"",""avatar"":""https://static.avatars.are.na/612815/large_3e433a4ed1bd1aab304b186774dfa6b0.gif?1770136939"",""initials"":""ST""},""state"":""available"",""title"":""Rabbithole Radio Set"",""_links"":{""self"":{""href"":""https://api.are.na/v3/channels/rabbithole-radio-set""},""owner"":{""href"":""https://api.are.na/v3/users/scarlet-thurner-jzo34sjyjfq""},""contents"":{""href"":""https://api.are.na/v3/channels/rabbithole-radio-set/contents""},""followers"":{""href"":""https://api.are.na/v3/channels/rabbithole-radio-set/followers""},""connections"":{""href"":""https://api.are.na/v3/channels/rabbithole-radio-set/connections""}},""counts"":{""blocks"":30,""channels"":0,""contents"":30,""collaborators"":0},""metadata"":null,""created_at"":""2026-04-05T14:18:08Z"",""updated_at"":""2026-04-13T12:15:33Z"",""visibility"":""closed"",""description"":null,""collaborators"":[]}","2026-07-27 19:31:59.818127","5009447","rabbithole-radio-set","Rabbithole Radio Set",,"30","10"
"14","{""id"":2689380,""can"":{""add_to"":false,""update"":false,""destroy"":false,""manage_collaborators"":false},""slug"":""pipe-pipe-nzbvkyytaps"",""type"":""Channel"",""owner"":{""id"":637607,""name"":""Aptet Mori"",""slug"":""aptet-mori"",""type"":""User"",""avatar"":""https://static.avatars.are.na/637607/large_7e8b5786a977e6fc25f4c9030a2c3736.png?1752985277"",""initials"":""AM""},""state"":""available"",""title"":""|☻|"",""_links"":{""self"":{""href"":""https://api.are.na/v3/channels/pipe-pipe-nzbvkyytaps""},""owner"":{""href"":""https://api.are.na/v3/users/aptet-mori""},""contents"":{""href"":""https://api.are.na/v3/channels/pipe-pipe-nzbvkyytaps/contents""},""followers"":{""href"":""https://api.are.na/v3/channels/pipe-pipe-nzbvkyytaps/followers""},""connections"":{""href"":""https://api.are.na/v3/channels/pipe-pipe-nzbvkyytaps/connections""}},""counts"":{""blocks"":827,""channels"":6,""contents"":833,""collaborators"":0},""metadata"":null,""created_at"":""2024-02-20T16:23:14Z"",""updated_at"":""2026-07-24T18:00:27Z"",""visibility"":""closed"",""description"":null,""collaborators"":[]}","2026-07-27 19:32:20.887189","2689380","pipe-pipe-nzbvkyytaps","|☻|",,"827","11"
"15","{""id"":2443798,""can"":{""add_to"":false,""update"":false,""destroy"":false,""manage_collaborators"":false},""slug"":""what-im-really-interested-in"",""type"":""Channel"",""owner"":{""id"":436500,""name"":""Hina Fernstrom"",""slug"":""hina-fernstrom-rez5-ok37mi"",""type"":""User"",""avatar"":null,""initials"":""HF""},""state"":""available"",""title"":""What Im really interested in "",""_links"":{""self"":{""href"":""https://api.are.na/v3/channels/what-im-really-interested-in""},""owner"":{""href"":""https://api.are.na/v3/users/hina-fernstrom-rez5-ok37mi""},""contents"":{""href"":""https://api.are.na/v3/channels/what-im-really-interested-in/contents""},""followers"":{""href"":""https://api.are.na/v3/channels/what-im-really-interested-in/followers""},""connections"":{""href"":""https://api.are.na/v3/channels/what-im-really-interested-in/connections""}},""counts"":{""blocks"":97,""channels"":9,""contents"":106,""collaborators"":0},""metadata"":null,""created_at"":""2023-10-18T20:31:57Z"",""updated_at"":""2025-02-02T09:12:24Z"",""visibility"":""public"",""description"":{""html"":""<p>On Trees, its origins and its connection to us now. On reality and faux reality. On digital and physical materials.</p>"",""plain"":""On Trees, its origins and its connection to us now. On reality and faux reality. On digital and physical materials."",""markdown"":""On Trees, its origins and its connection to us now. On reality and faux reality. On digital and physical materials.""},""collaborators"":[]}","2026-07-27 19:33:51.423546","2443798","what-im-really-interested-in","What Im really interested in ","On Trees, its origins and its connection to us now. On reality and faux reality. On digital and physical materials.","97","12"
"16","{""id"":1916820,""can"":{""add_to"":false,""update"":false,""destroy"":false,""manage_collaborators"":false},""slug"":""3d-fqzlftl3x00"",""type"":""Channel"",""owner"":{""id"":169874,""name"":""Michelle Belgrod"",""slug"":""michelle-belgrod"",""type"":""User"",""avatar"":null,""initials"":""MB""},""state"":""available"",""title"":""3d"",""_links"":{""self"":{""href"":""https://api.are.na/v3/channels/3d-fqzlftl3x00""},""owner"":{""href"":""https://api.are.na/v3/users/michelle-belgrod""},""contents"":{""href"":""https://api.are.na/v3/channels/3d-fqzlftl3x00/contents""},""followers"":{""href"":""https://api.are.na/v3/channels/3d-fqzlftl3x00/followers""},""connections"":{""href"":""https://api.are.na/v3/channels/3d-fqzlftl3x00/connections""}},""counts"":{""blocks"":57,""channels"":2,""contents"":59,""collaborators"":0},""metadata"":null,""created_at"":""2022-12-21T02:08:13Z"",""updated_at"":""2025-02-14T18:35:07Z"",""visibility"":""public"",""description"":null,""collaborators"":[]}","2026-07-27 19:34:25.031645","1916820","3d-fqzlftl3x00","3d",,"57","13"
"17","{""id"":1693514,""can"":{""add_to"":false,""update"":false,""destroy"":false,""manage_collaborators"":false},""slug"":""thats-so-so-so-soooooo"",""type"":""Channel"",""owner"":{""id"":358189,""name"":""nuria lima"",""slug"":""nuria-lima-rqt8cbl-xe8"",""type"":""User"",""avatar"":null,""initials"":""nl""},""state"":""available"",""title"":""thats so so so soooooo"",""_links"":{""self"":{""href"":""https://api.are.na/v3/channels/thats-so-so-so-soooooo""},""owner"":{""href"":""https://api.are.na/v3/users/nuria-lima-rqt8cbl-xe8""},""contents"":{""href"":""https://api.are.na/v3/channels/thats-so-so-so-soooooo/contents""},""followers"":{""href"":""https://api.are.na/v3/channels/thats-so-so-so-soooooo/followers""},""connections"":{""href"":""https://api.are.na/v3/channels/thats-so-so-so-soooooo/connections""}},""counts"":{""blocks"":198,""channels"":13,""contents"":211,""collaborators"":0},""metadata"":null,""created_at"":""2022-08-09T20:50:41Z"",""updated_at"":""2026-03-26T03:38:21Z"",""visibility"":""closed"",""description"":null,""collaborators"":[]}","2026-07-27 19:34:55.116444","1693514","thats-so-so-so-soooooo","thats so so so soooooo",,"198","14"
"18","{""id"":688794,""can"":{""add_to"":false,""update"":false,""destroy"":false,""manage_collaborators"":false},""slug"":""freeculture-api"",""type"":""Channel"",""owner"":{""id"":172032,""name"":""freeculture .api"",""slug"":""freeculture-api"",""type"":""User"",""avatar"":""https://static.avatars.are.na/172032/large_211943f69e47cabce23cca154f894cec.png?1771792326"",""initials"":""f.""},""state"":""available"",""title"":""freeculture.api"",""_links"":{""self"":{""href"":""https://api.are.na/v3/channels/freeculture-api""},""owner"":{""href"":""https://api.are.na/v3/users/freeculture-api""},""contents"":{""href"":""https://api.are.na/v3/channels/freeculture-api/contents""},""followers"":{""href"":""https://api.are.na/v3/channels/freeculture-api/followers""},""connections"":{""href"":""https://api.are.na/v3/channels/freeculture-api/connections""}},""counts"":{""blocks"":401,""channels"":19,""contents"":420,""collaborators"":0},""metadata"":null,""created_at"":""2020-05-12T07:03:36Z"",""updated_at"":""2026-07-23T09:29:23Z"",""visibility"":""closed"",""description"":null,""collaborators"":[]}","2026-07-27 19:35:33.020108","688794","freeculture-api","freeculture.api",,"401","15"
"19","{""id"":1538957,""can"":{""add_to"":false,""update"":false,""destroy"":false,""manage_collaborators"":false},""slug"":""just-good-or-inspiring"",""type"":""Channel"",""owner"":{""id"":243095,""name"":""Carson Koo"",""slug"":""carson-koo-bkryjcxmjgo"",""type"":""User"",""avatar"":null,""initials"":""CK""},""state"":""available"",""title"":""JUST GOOD OR INSPIRING"",""_links"":{""self"":{""href"":""https://api.are.na/v3/channels/just-good-or-inspiring""},""owner"":{""href"":""https://api.are.na/v3/users/carson-koo-bkryjcxmjgo""},""contents"":{""href"":""https://api.are.na/v3/channels/just-good-or-inspiring/contents""},""followers"":{""href"":""https://api.are.na/v3/channels/just-good-or-inspiring/followers""},""connections"":{""href"":""https://api.are.na/v3/channels/just-good-or-inspiring/connections""}},""counts"":{""blocks"":525,""channels"":39,""contents"":564,""collaborators"":0},""metadata"":null,""created_at"":""2022-04-21T04:37:05Z"",""updated_at"":""2026-06-12T09:42:18Z"",""visibility"":""closed"",""description"":null,""collaborators"":[]}","2026-07-27 19:36:19.736478","1538957","just-good-or-inspiring","JUST GOOD OR INSPIRING",,"525","16"
"20","{""id"":1436975,""can"":{""add_to"":false,""update"":false,""destroy"":false,""manage_collaborators"":false},""slug"":""mash-dtmaaqjrlpu"",""type"":""Channel"",""owner"":{""id"":340267,""name"":""Nik Mirpuri"",""slug"":""nik-mirpuri"",""type"":""User"",""avatar"":""https://static.avatars.are.na/340267/large_770882657237c6dbe9f34da4a7777742.jpg?1645660681"",""initials"":""NM""},""state"":""available"",""title"":""mash"",""_links"":{""self"":{""href"":""https://api.are.na/v3/channels/mash-dtmaaqjrlpu""},""owner"":{""href"":""https://api.are.na/v3/users/nik-mirpuri""},""contents"":{""href"":""https://api.are.na/v3/channels/mash-dtmaaqjrlpu/contents""},""followers"":{""href"":""https://api.are.na/v3/channels/mash-dtmaaqjrlpu/followers""},""connections"":{""href"":""https://api.are.na/v3/channels/mash-dtmaaqjrlpu/connections""}},""counts"":{""blocks"":1783,""channels"":63,""contents"":1846,""collaborators"":0},""metadata"":null,""created_at"":""2022-02-16T03:03:33Z"",""updated_at"":""2026-04-04T18:35:50Z"",""visibility"":""closed"",""description"":null,""collaborators"":[]}","2026-07-27 19:37:21.341972","1436975","mash-dtmaaqjrlpu","mash",,"1783","17"
"21","{""id"":269639,""can"":{""add_to"":false,""update"":false,""destroy"":false,""manage_collaborators"":false},""slug"":""3d_ideas"",""type"":""Channel"",""owner"":{""id"":56527,""name"":""Erwin Sanvictores"",""slug"":""erwin-sanvictores"",""type"":""User"",""avatar"":""https://static.avatars.are.na/56527/large_c267996720b92007d5b7fd790918e828.jpg?1528835163"",""initials"":""ES""},""state"":""available"",""title"":""3D_IDEAS"",""_links"":{""self"":{""href"":""https://api.are.na/v3/channels/3d_ideas""},""owner"":{""href"":""https://api.are.na/v3/users/erwin-sanvictores""},""contents"":{""href"":""https://api.are.na/v3/channels/3d_ideas/contents""},""followers"":{""href"":""https://api.are.na/v3/channels/3d_ideas/followers""},""connections"":{""href"":""https://api.are.na/v3/channels/3d_ideas/connections""}},""counts"":{""blocks"":1496,""channels"":22,""contents"":1518,""collaborators"":0},""metadata"":null,""created_at"":""2018-10-30T21:46:40Z"",""updated_at"":""2026-07-27T09:50:11Z"",""visibility"":""closed"",""description"":{""html"":""<p>I &lt;3 CGI</p>"",""plain"":""I <3 CGI"",""markdown"":""I <3 CGI""},""collaborators"":[]}","2026-07-27 19:40:20.303966","269639","3d_ideas","3D_IDEAS","I <3 CGI","1496","18"
"22","{""id"":431611,""can"":{""add_to"":false,""update"":false,""destroy"":false,""manage_collaborators"":false},""slug"":""collage-styles"",""type"":""Channel"",""owner"":{""id"":14593,""name"":""Marian Park"",""slug"":""marian-park"",""type"":""User"",""avatar"":null,""initials"":""MP""},""state"":""available"",""title"":""* COLLAGE STYLES"",""_links"":{""self"":{""href"":""https://api.are.na/v3/channels/collage-styles""},""owner"":{""href"":""https://api.are.na/v3/users/marian-park""},""contents"":{""href"":""https://api.are.na/v3/channels/collage-styles/contents""},""followers"":{""href"":""https://api.are.na/v3/channels/collage-styles/followers""},""connections"":{""href"":""https://api.are.na/v3/channels/collage-styles/connections""}},""counts"":{""blocks"":395,""channels"":2,""contents"":397,""collaborators"":0},""metadata"":null,""created_at"":""2019-07-11T15:27:05Z"",""updated_at"":""2026-07-23T06:26:24Z"",""visibility"":""closed"",""description"":null,""collaborators"":[]}","2026-07-27 19:42:47.123453","431611","collage-styles","* COLLAGE STYLES",,"395","19"
"23","{""id"":1138375,""can"":{""add_to"":false,""update"":false,""destroy"":false,""manage_collaborators"":false},""slug"":""jnzxjseopx8"",""type"":""Channel"",""owner"":{""id"":48574,""name"":""Kit Zauhar"",""slug"":""kit-zauhar"",""type"":""User"",""avatar"":""https://static.avatars.are.na/48574/large_f6a1f1eac527e6b152d63a8f177ad7a5.jpg?1673408068"",""initials"":""KZ""},""state"":""available"",""title"":""😎"",""_links"":{""self"":{""href"":""https://api.are.na/v3/channels/jnzxjseopx8""},""owner"":{""href"":""https://api.are.na/v3/users/kit-zauhar""},""contents"":{""href"":""https://api.are.na/v3/channels/jnzxjseopx8/contents""},""followers"":{""href"":""https://api.are.na/v3/channels/jnzxjseopx8/followers""},""connections"":{""href"":""https://api.are.na/v3/channels/jnzxjseopx8/connections""}},""counts"":{""blocks"":212,""channels"":8,""contents"":220,""collaborators"":0},""metadata"":null,""created_at"":""2021-07-11T22:05:33Z"",""updated_at"":""2026-05-05T22:38:14Z"",""visibility"":""closed"",""description"":null,""collaborators"":[]}","2026-07-27 19:43:42.233722","1138375","jnzxjseopx8","😎",,"212","20"
"24","{""id"":1541177,""can"":{""add_to"":false,""update"":false,""destroy"":false,""manage_collaborators"":false},""slug"":""picspicspics"",""type"":""Channel"",""owner"":{""id"":241130,""name"":""Joanna Floesser"",""slug"":""joanna-floesser"",""type"":""User"",""avatar"":null,""initials"":""JF""},""state"":""available"",""title"":""picspicspics"",""_links"":{""self"":{""href"":""https://api.are.na/v3/channels/picspicspics""},""owner"":{""href"":""https://api.are.na/v3/users/joanna-floesser""},""contents"":{""href"":""https://api.are.na/v3/channels/picspicspics/contents""},""followers"":{""href"":""https://api.are.na/v3/channels/picspicspics/followers""},""connections"":{""href"":""https://api.are.na/v3/channels/picspicspics/connections""}},""counts"":{""blocks"":51,""channels"":2,""contents"":53,""collaborators"":0},""metadata"":null,""created_at"":""2022-04-22T10:02:46Z"",""updated_at"":""2023-08-14T13:26:26Z"",""visibility"":""closed"",""description"":null,""collaborators"":[]}","2026-07-27 19:44:21.226114","1541177","picspicspics","picspicspics",,"51","21"
"25","{""id"":1126472,""can"":{""add_to"":false,""update"":false,""destroy"":false,""manage_collaborators"":false},""slug"":""culture-is-not-your-friend"",""type"":""Channel"",""owner"":{""id"":114008,""name"":""Evan Kempinski"",""slug"":""evan-kempinski"",""type"":""User"",""avatar"":""https://static.avatars.are.na/114008/large_7f0dd3f28adb37be7ec4c4ed6c3817c5.png?1708622208"",""initials"":""EK""},""state"":""available"",""title"":""Culture Is Not Your Friend"",""_links"":{""self"":{""href"":""https://api.are.na/v3/channels/culture-is-not-your-friend""},""owner"":{""href"":""https://api.are.na/v3/users/evan-kempinski""},""contents"":{""href"":""https://api.are.na/v3/channels/culture-is-not-your-friend/contents""},""followers"":{""href"":""https://api.are.na/v3/channels/culture-is-not-your-friend/followers""},""connections"":{""href"":""https://api.are.na/v3/channels/culture-is-not-your-friend/connections""}},""counts"":{""blocks"":208,""channels"":0,""contents"":208,""collaborators"":0},""metadata"":null,""created_at"":""2021-06-28T15:12:34Z"",""updated_at"":""2026-05-19T05:43:34Z"",""visibility"":""closed"",""description"":null,""collaborators"":[]}","2026-07-27 19:44:50.838617","1126472","culture-is-not-your-friend","Culture Is Not Your Friend",,"208","22"
"26","{""id"":560771,""can"":{""add_to"":false,""update"":false,""destroy"":false,""manage_collaborators"":false},""slug"":""digital-hoarding-smm7mu4iec8"",""type"":""Channel"",""owner"":{""id"":139110,""name"":""Maxton O'Connor"",""slug"":""maxton-o-connor-90ppmror2vg"",""type"":""User"",""avatar"":""https://static.avatars.are.na/139110/large_896b04d1ccac7a0ccb531c62ba678108.png?1649301483"",""initials"":""MO""},""state"":""available"",""title"":""digital hoarding "",""_links"":{""self"":{""href"":""https://api.are.na/v3/channels/digital-hoarding-smm7mu4iec8""},""owner"":{""href"":""https://api.are.na/v3/users/maxton-o-connor-90ppmror2vg""},""contents"":{""href"":""https://api.are.na/v3/channels/digital-hoarding-smm7mu4iec8/contents""},""followers"":{""href"":""https://api.are.na/v3/channels/digital-hoarding-smm7mu4iec8/followers""},""connections"":{""href"":""https://api.are.na/v3/channels/digital-hoarding-smm7mu4iec8/connections""}},""counts"":{""blocks"":189,""channels"":0,""contents"":189,""collaborators"":0},""metadata"":null,""created_at"":""2020-01-13T05:49:18Z"",""updated_at"":""2025-11-08T18:48:18Z"",""visibility"":""public"",""description"":null,""collaborators"":[]}","2026-07-27 19:45:31.39074","560771","digital-hoarding-smm7mu4iec8","digital hoarding ",,"189","23"
"27","{""id"":4684986,""can"":{""add_to"":false,""update"":false,""destroy"":false,""manage_collaborators"":false},""slug"":""2-photography-references"",""type"":""Channel"",""owner"":{""id"":739325,""name"":""Sam Treanor"",""slug"":""sam-treanor"",""type"":""User"",""avatar"":null,""initials"":""ST""},""state"":""available"",""title"":""2 - Photography References"",""_links"":{""self"":{""href"":""https://api.are.na/v3/channels/2-photography-references""},""owner"":{""href"":""https://api.are.na/v3/users/sam-treanor""},""contents"":{""href"":""https://api.are.na/v3/channels/2-photography-references/contents""},""followers"":{""href"":""https://api.are.na/v3/channels/2-photography-references/followers""},""connections"":{""href"":""https://api.are.na/v3/channels/2-photography-references/connections""}},""counts"":{""blocks"":142,""channels"":0,""contents"":142,""collaborators"":1},""metadata"":null,""created_at"":""2026-01-11T17:23:46Z"",""updated_at"":""2026-07-24T16:21:11Z"",""visibility"":""closed"",""description"":{""html"":""<p>How should we shoot? Whats been done already? Where are we now and where are we going? What are we looking for?</p>"",""plain"":""How should we shoot? Whats been done already? Where are we now and where are we going? What are we looking for?"",""markdown"":""How should we shoot? Whats been done already? Where are we now and where are we going? What are we looking for?""},""collaborators"":[{""id"":861305,""name"":""Jakob Meighen"",""slug"":""jakob-meighen"",""type"":""User"",""_links"":{""self"":{""href"":""https://api.are.na/v3/users/jakob-meighen""}},""avatar"":null,""initials"":""JM""}]}","2026-07-27 19:46:03.357086","4684986","2-photography-references","2 - Photography References","How should we shoot? Whats been done already? Where are we now and where are we going? What are we looking for?","142","24"
"28","{""id"":4564653,""can"":{""add_to"":false,""update"":false,""destroy"":false,""manage_collaborators"":false},""slug"":""symp-adv-inspo"",""type"":""Channel"",""owner"":{""id"":883928,""name"":""LayBron James"",""slug"":""laybron-james"",""type"":""User"",""avatar"":null,""initials"":""LJ""},""state"":""available"",""title"":""symp adv inspo"",""_links"":{""self"":{""href"":""https://api.are.na/v3/channels/symp-adv-inspo""},""owner"":{""href"":""https://api.are.na/v3/users/laybron-james""},""contents"":{""href"":""https://api.are.na/v3/channels/symp-adv-inspo/contents""},""followers"":{""href"":""https://api.are.na/v3/channels/symp-adv-inspo/followers""},""connections"":{""href"":""https://api.are.na/v3/channels/symp-adv-inspo/connections""}},""counts"":{""blocks"":70,""channels"":4,""contents"":74,""collaborators"":4},""metadata"":null,""created_at"":""2025-12-11T14:10:12Z"",""updated_at"":""2026-02-15T14:17:25Z"",""visibility"":""closed"",""description"":null,""collaborators"":[{""id"":880561,""name"":""paulina schwartz"",""slug"":""paulina-schwartz"",""type"":""User"",""_links"":{""self"":{""href"":""https://api.are.na/v3/users/paulina-schwartz""}},""avatar"":null,""initials"":""ps""},{""id"":880481,""name"":""Abigail Tulenko"",""slug"":""abigail-tulenko"",""type"":""User"",""_links"":{""self"":{""href"":""https://api.are.na/v3/users/abigail-tulenko""}},""avatar"":null,""initials"":""AT""},{""id"":882410,""name"":""y_a_s_ee_n :D"",""slug"":""y_a_s_ee_n-d"",""type"":""User"",""_links"":{""self"":{""href"":""https://api.are.na/v3/users/y_a_s_ee_n-d""}},""avatar"":null,""initials"":""y:""},{""id"":891759,""name"":""susan a"",""slug"":""susan-a"",""type"":""User"",""_links"":{""self"":{""href"":""https://api.are.na/v3/users/susan-a""}},""avatar"":null,""initials"":""sa""}]}","2026-07-27 19:46:35.121937","4564653","symp-adv-inspo","symp adv inspo",,"70","25"
"29","{""id"":4445430,""can"":{""add_to"":false,""update"":false,""destroy"":false,""manage_collaborators"":false},""slug"":""connection-destroyed"",""type"":""Channel"",""owner"":{""id"":172006,""name"":""ashley girouard"",""slug"":""ashley-girouard"",""type"":""User"",""avatar"":null,""initials"":""ag""},""state"":""available"",""title"":""CONNECTION DESTROYED"",""_links"":{""self"":{""href"":""https://api.are.na/v3/channels/connection-destroyed""},""owner"":{""href"":""https://api.are.na/v3/users/ashley-girouard""},""contents"":{""href"":""https://api.are.na/v3/channels/connection-destroyed/contents""},""followers"":{""href"":""https://api.are.na/v3/channels/connection-destroyed/followers""},""connections"":{""href"":""https://api.are.na/v3/channels/connection-destroyed/connections""}},""counts"":{""blocks"":617,""channels"":2,""contents"":619,""collaborators"":0},""metadata"":null,""created_at"":""2025-11-11T03:45:40Z"",""updated_at"":""2026-07-27T19:44:53Z"",""visibility"":""closed"",""description"":null,""collaborators"":[]}","2026-07-27 19:47:03.531173","4445430","connection-destroyed","CONNECTION DESTROYED",,"617","26"
"30","{""id"":4569135,""can"":{""add_to"":false,""update"":false,""destroy"":false,""manage_collaborators"":false},""slug"":""lumino-us"",""type"":""Channel"",""owner"":{""id"":560024,""name"":""Thomas Lovell"",""slug"":""thomas-lovell"",""type"":""User"",""avatar"":""https://static.avatars.are.na/560024/large_55531413f915c0c7c298a7947141dbb7.png?1709677516"",""initials"":""TL""},""state"":""available"",""title"":""lumino[us]"",""_links"":{""self"":{""href"":""https://api.are.na/v3/channels/lumino-us""},""owner"":{""href"":""https://api.are.na/v3/users/thomas-lovell""},""contents"":{""href"":""https://api.are.na/v3/channels/lumino-us/contents""},""followers"":{""href"":""https://api.are.na/v3/channels/lumino-us/followers""},""connections"":{""href"":""https://api.are.na/v3/channels/lumino-us/connections""}},""counts"":{""blocks"":54,""channels"":1,""contents"":55,""collaborators"":0},""metadata"":null,""created_at"":""2025-12-12T18:52:54Z"",""updated_at"":""2026-06-23T18:20:31Z"",""visibility"":""closed"",""description"":null,""collaborators"":[]}","2026-07-27 19:48:14.578388","4569135","lumino-us","lumino[us]",,"54","27"
"31","{""id"":3901016,""can"":{""add_to"":false,""update"":false,""destroy"":false,""manage_collaborators"":false},""slug"":""luminous-zdqcngi8vr8"",""type"":""Channel"",""owner"":{""id"":441665,""name"":""Sleepy Revelations"",""slug"":""sleepy-revelations"",""type"":""User"",""avatar"":null,""initials"":""SR""},""state"":""available"",""title"":""Luminous "",""_links"":{""self"":{""href"":""https://api.are.na/v3/channels/luminous-zdqcngi8vr8""},""owner"":{""href"":""https://api.are.na/v3/users/sleepy-revelations""},""contents"":{""href"":""https://api.are.na/v3/channels/luminous-zdqcngi8vr8/contents""},""followers"":{""href"":""https://api.are.na/v3/channels/luminous-zdqcngi8vr8/followers""},""connections"":{""href"":""https://api.are.na/v3/channels/luminous-zdqcngi8vr8/connections""}},""counts"":{""blocks"":138,""channels"":0,""contents"":138,""collaborators"":0},""metadata"":null,""created_at"":""2025-06-14T02:33:01Z"",""updated_at"":""2026-07-07T23:46:23Z"",""visibility"":""closed"",""description"":null,""collaborators"":[]}","2026-07-27 19:48:41.839836","3901016","luminous-zdqcngi8vr8","Luminous ",,"138","28"
"32","{""id"":3895640,""can"":{""add_to"":false,""update"":false,""destroy"":false,""manage_collaborators"":false},""slug"":""spirit-k70dfxdhkgm"",""type"":""Channel"",""owner"":{""id"":957019,""name"":""jugo de ava"",""slug"":""jugo-de-ava"",""type"":""User"",""avatar"":""https://static.avatars.are.na/957019/large_fc5ee53ce69a29c817b32f3a8487c864.jpg?1753226002"",""initials"":""jda""},""state"":""available"",""title"":""spirit"",""_links"":{""self"":{""href"":""https://api.are.na/v3/channels/spirit-k70dfxdhkgm""},""owner"":{""href"":""https://api.are.na/v3/users/jugo-de-ava""},""contents"":{""href"":""https://api.are.na/v3/channels/spirit-k70dfxdhkgm/contents""},""followers"":{""href"":""https://api.are.na/v3/channels/spirit-k70dfxdhkgm/followers""},""connections"":{""href"":""https://api.are.na/v3/channels/spirit-k70dfxdhkgm/connections""}},""counts"":{""blocks"":174,""channels"":0,""contents"":174,""collaborators"":0},""metadata"":null,""created_at"":""2025-06-11T22:40:43Z"",""updated_at"":""2026-06-01T23:27:20Z"",""visibility"":""closed"",""description"":null,""collaborators"":[]}","2026-07-27 19:49:07.624516","3895640","spirit-k70dfxdhkgm","spirit",,"174","29"
"33","{""id"":3569114,""can"":{""add_to"":false,""update"":false,""destroy"":false,""manage_collaborators"":false},""slug"":""stream-nhoodwpyhj8"",""type"":""Channel"",""owner"":{""id"":885893,""name"":""Dante Tobar"",""slug"":""dante-tobar"",""type"":""User"",""avatar"":null,""initials"":""DT""},""state"":""available"",""title"":""stream"",""_links"":{""self"":{""href"":""https://api.are.na/v3/channels/stream-nhoodwpyhj8""},""owner"":{""href"":""https://api.are.na/v3/users/dante-tobar""},""contents"":{""href"":""https://api.are.na/v3/channels/stream-nhoodwpyhj8/contents""},""followers"":{""href"":""https://api.are.na/v3/channels/stream-nhoodwpyhj8/followers""},""connections"":{""href"":""https://api.are.na/v3/channels/stream-nhoodwpyhj8/connections""}},""counts"":{""blocks"":348,""channels"":8,""contents"":356,""collaborators"":0},""metadata"":null,""created_at"":""2025-02-15T19:44:25Z"",""updated_at"":""2026-07-18T06:47:40Z"",""visibility"":""closed"",""description"":null,""collaborators"":[]}","2026-07-27 19:49:43.880039","3569114","stream-nhoodwpyhj8","stream",,"348","30"
"34","{""id"":2664829,""can"":{""add_to"":false,""update"":false,""destroy"":false,""manage_collaborators"":false},""slug"":""grunion-ygexrgxoie4"",""type"":""Channel"",""owner"":{""id"":271800,""name"":""n a"",""slug"":""n-a-jdjhxpohzyk"",""type"":""User"",""avatar"":null,""initials"":""na""},""state"":""available"",""title"":""grunion"",""_links"":{""self"":{""href"":""https://api.are.na/v3/channels/grunion-ygexrgxoie4""},""owner"":{""href"":""https://api.are.na/v3/users/n-a-jdjhxpohzyk""},""contents"":{""href"":""https://api.are.na/v3/channels/grunion-ygexrgxoie4/contents""},""followers"":{""href"":""https://api.are.na/v3/channels/grunion-ygexrgxoie4/followers""},""connections"":{""href"":""https://api.are.na/v3/channels/grunion-ygexrgxoie4/connections""}},""counts"":{""blocks"":22,""channels"":0,""contents"":22,""collaborators"":0},""metadata"":null,""created_at"":""2024-02-08T22:47:39Z"",""updated_at"":""2024-04-04T00:15:36Z"",""visibility"":""closed"",""description"":null,""collaborators"":[]}","2026-07-27 19:50:32.320937","2664829","grunion-ygexrgxoie4","grunion",,"22","31"
"35","{""id"":2580112,""can"":{""add_to"":false,""update"":false,""destroy"":false,""manage_collaborators"":false},""slug"":""allel-storytelling"",""type"":""Channel"",""owner"":{""id"":252721,""name"":""BEAU BRAY"",""slug"":""beau-bray"",""type"":""User"",""avatar"":null,""initials"":""BB""},""state"":""available"",""title"":""ALLEL storytelling"",""_links"":{""self"":{""href"":""https://api.are.na/v3/channels/allel-storytelling""},""owner"":{""href"":""https://api.are.na/v3/users/beau-bray""},""contents"":{""href"":""https://api.are.na/v3/channels/allel-storytelling/contents""},""followers"":{""href"":""https://api.are.na/v3/channels/allel-storytelling/followers""},""connections"":{""href"":""https://api.are.na/v3/channels/allel-storytelling/connections""}},""counts"":{""blocks"":211,""channels"":0,""contents"":211,""collaborators"":2},""metadata"":null,""created_at"":""2024-01-04T03:04:42Z"",""updated_at"":""2026-02-26T18:58:47Z"",""visibility"":""closed"",""description"":null,""collaborators"":[{""id"":546285,""name"":""James Reyes"",""slug"":""james-reyes"",""type"":""User"",""_links"":{""self"":{""href"":""https://api.are.na/v3/users/james-reyes""}},""avatar"":null,""initials"":""JR""},{""id"":549070,""name"":""Raynalyn Ashley"",""slug"":""raynalyn-ashley"",""type"":""User"",""_links"":{""self"":{""href"":""https://api.are.na/v3/users/raynalyn-ashley""}},""avatar"":""https://static.avatars.are.na/549070/large_c98187b5020325e6f2b247baf3154b54.jpg?1726261933"",""initials"":""RA""}]}","2026-07-27 19:50:47.94343","2580112","allel-storytelling","ALLEL storytelling",,"211","32"
"36","{""id"":2165919,""can"":{""add_to"":false,""update"":false,""destroy"":false,""manage_collaborators"":false},""slug"":""sun-6j-p3gfxqiw"",""type"":""Channel"",""owner"":{""id"":14786,""name"":""aidan quinlan"",""slug"":""aidan-quinlan"",""type"":""User"",""avatar"":""https://static.avatars.are.na/14786/large_7ca5fc33ba80a6a1dc67dc24661ef2ed.png?1738462318"",""initials"":""aq""},""state"":""available"",""title"":""sun"",""_links"":{""self"":{""href"":""https://api.are.na/v3/channels/sun-6j-p3gfxqiw""},""owner"":{""href"":""https://api.are.na/v3/users/aidan-quinlan""},""contents"":{""href"":""https://api.are.na/v3/channels/sun-6j-p3gfxqiw/contents""},""followers"":{""href"":""https://api.are.na/v3/channels/sun-6j-p3gfxqiw/followers""},""connections"":{""href"":""https://api.are.na/v3/channels/sun-6j-p3gfxqiw/connections""}},""counts"":{""blocks"":30,""channels"":0,""contents"":30,""collaborators"":0},""metadata"":null,""created_at"":""2023-05-04T23:44:13Z"",""updated_at"":""2026-02-26T13:46:18Z"",""visibility"":""closed"",""description"":null,""collaborators"":[]}","2026-07-27 19:51:27.21568","2165919","sun-6j-p3gfxqiw","sun",,"30","33"
"37","{""id"":2499712,""can"":{""add_to"":false,""update"":false,""destroy"":false,""manage_collaborators"":false},""slug"":""glow-230le9dysr8"",""type"":""Channel"",""owner"":{""id"":204265,""name"":""Anna Chandler"",""slug"":""anna-chandler"",""type"":""User"",""avatar"":null,""initials"":""AC""},""state"":""available"",""title"":""GLOW"",""_links"":{""self"":{""href"":""https://api.are.na/v3/channels/glow-230le9dysr8""},""owner"":{""href"":""https://api.are.na/v3/users/anna-chandler""},""contents"":{""href"":""https://api.are.na/v3/channels/glow-230le9dysr8/contents""},""followers"":{""href"":""https://api.are.na/v3/channels/glow-230le9dysr8/followers""},""connections"":{""href"":""https://api.are.na/v3/channels/glow-230le9dysr8/connections""}},""counts"":{""blocks"":163,""channels"":0,""contents"":163,""collaborators"":0},""metadata"":null,""created_at"":""2023-11-15T22:23:58Z"",""updated_at"":""2026-07-18T19:28:00Z"",""visibility"":""closed"",""description"":null,""collaborators"":[]}","2026-07-27 19:51:51.943469","2499712","glow-230le9dysr8","GLOW",,"163","34"
"38","{""id"":1918000,""can"":{""add_to"":false,""update"":false,""destroy"":false,""manage_collaborators"":false},""slug"":""29s"",""type"":""Channel"",""owner"":{""id"":61890,""name"":""Ben Shirken"",""slug"":""ben-shirken"",""type"":""User"",""avatar"":null,""initials"":""BS""},""state"":""available"",""title"":""29S"",""_links"":{""self"":{""href"":""https://api.are.na/v3/channels/29s""},""owner"":{""href"":""https://api.are.na/v3/users/ben-shirken""},""contents"":{""href"":""https://api.are.na/v3/channels/29s/contents""},""followers"":{""href"":""https://api.are.na/v3/channels/29s/followers""},""connections"":{""href"":""https://api.are.na/v3/channels/29s/connections""}},""counts"":{""blocks"":162,""channels"":0,""contents"":162,""collaborators"":0},""metadata"":null,""created_at"":""2022-12-21T21:21:13Z"",""updated_at"":""2026-04-30T00:24:43Z"",""visibility"":""closed"",""description"":null,""collaborators"":[]}","2026-07-27 19:52:25.048895","1918000","29s","29S",,"162","35"
"39","{""id"":1554609,""can"":{""add_to"":false,""update"":false,""destroy"":false,""manage_collaborators"":false},""slug"":""energy-besvn1rk8me"",""type"":""Channel"",""owner"":{""id"":61992,""name"":""GIOVANI NGNOATTO ☥"",""slug"":""giovani-ngnoatto"",""type"":""User"",""avatar"":""https://static.avatars.are.na/61992/large_340fcf66705cd9f0339781d78fbdcbd2.png?1694015760"",""initials"":""GN☥""},""state"":""available"",""title"":""ENERGY"",""_links"":{""self"":{""href"":""https://api.are.na/v3/channels/energy-besvn1rk8me""},""owner"":{""href"":""https://api.are.na/v3/users/giovani-ngnoatto""},""contents"":{""href"":""https://api.are.na/v3/channels/energy-besvn1rk8me/contents""},""followers"":{""href"":""https://api.are.na/v3/channels/energy-besvn1rk8me/followers""},""connections"":{""href"":""https://api.are.na/v3/channels/energy-besvn1rk8me/connections""}},""counts"":{""blocks"":275,""channels"":30,""contents"":305,""collaborators"":0},""metadata"":null,""created_at"":""2022-05-01T17:33:16Z"",""updated_at"":""2026-07-01T00:17:39Z"",""visibility"":""closed"",""description"":null,""collaborators"":[]}","2026-07-27 19:53:01.837992","1554609","energy-besvn1rk8me","ENERGY",,"275","36"
"40","{""id"":2400318,""can"":{""add_to"":false,""update"":false,""destroy"":false,""manage_collaborators"":false},""slug"":""frank-core"",""type"":""Channel"",""owner"":{""id"":533947,""name"":""Frank *"",""slug"":""frank-zvx_rhub2fk"",""type"":""User"",""avatar"":""https://static.avatars.are.na/533947/large_2831150e82e67e79381ddb79b7be765e.png?1717679528"",""initials"":""F*""},""state"":""available"",""title"":""frank-core"",""_links"":{""self"":{""href"":""https://api.are.na/v3/channels/frank-core""},""owner"":{""href"":""https://api.are.na/v3/users/frank-zvx_rhub2fk""},""contents"":{""href"":""https://api.are.na/v3/channels/frank-core/contents""},""followers"":{""href"":""https://api.are.na/v3/channels/frank-core/followers""},""connections"":{""href"":""https://api.are.na/v3/channels/frank-core/connections""}},""counts"":{""blocks"":129,""channels"":0,""contents"":129,""collaborators"":0},""metadata"":null,""created_at"":""2023-09-28T04:21:32Z"",""updated_at"":""2026-05-15T18:13:37Z"",""visibility"":""closed"",""description"":null,""collaborators"":[]}","2026-07-27 19:53:45.579832","2400318","frank-core","frank-core",,"129","37"
"41","{""id"":1288845,""can"":{""add_to"":false,""update"":false,""destroy"":false,""manage_collaborators"":false},""slug"":""are-you-burning-bright"",""type"":""Channel"",""owner"":{""id"":205778,""name"":""Pat O'Reilly"",""slug"":""pat-o-reilly"",""type"":""User"",""avatar"":null,""initials"":""PO""},""state"":""available"",""title"":""Are you burning bright? "",""_links"":{""self"":{""href"":""https://api.are.na/v3/channels/are-you-burning-bright""},""owner"":{""href"":""https://api.are.na/v3/users/pat-o-reilly""},""contents"":{""href"":""https://api.are.na/v3/channels/are-you-burning-bright/contents""},""followers"":{""href"":""https://api.are.na/v3/channels/are-you-burning-bright/followers""},""connections"":{""href"":""https://api.are.na/v3/channels/are-you-burning-bright/connections""}},""counts"":{""blocks"":246,""channels"":1,""contents"":247,""collaborators"":0},""metadata"":null,""created_at"":""2021-11-05T16:06:23Z"",""updated_at"":""2026-06-25T22:26:51Z"",""visibility"":""closed"",""description"":{""html"":""<p>A journey to burn bright like the sun</p>"",""plain"":""A journey to burn bright like the sun"",""markdown"":""A journey to burn bright like the sun""},""collaborators"":[]}","2026-07-27 19:54:18.537451","1288845","are-you-burning-bright","Are you burning bright? ","A journey to burn bright like the sun","246","38"
"42","{""id"":2274310,""can"":{""add_to"":false,""update"":false,""destroy"":false,""manage_collaborators"":false},""slug"":""wheelhouse-imagery"",""type"":""Channel"",""owner"":{""id"":410909,""name"":""Angel  Bambu ꩜"",""slug"":""angel-bambu"",""type"":""User"",""avatar"":""https://static.avatars.are.na/410909/large_9f3b9894e0e03c3b22d26f23887ee4ee.jpg?1682784983"",""initials"":""AB꩜""},""state"":""available"",""title"":""wheelhouse - imagery"",""_links"":{""self"":{""href"":""https://api.are.na/v3/channels/wheelhouse-imagery""},""owner"":{""href"":""https://api.are.na/v3/users/angel-bambu""},""contents"":{""href"":""https://api.are.na/v3/channels/wheelhouse-imagery/contents""},""followers"":{""href"":""https://api.are.na/v3/channels/wheelhouse-imagery/followers""},""connections"":{""href"":""https://api.are.na/v3/channels/wheelhouse-imagery/connections""}},""counts"":{""blocks"":33,""channels"":1,""contents"":34,""collaborators"":0},""metadata"":null,""created_at"":""2023-07-14T14:39:58Z"",""updated_at"":""2026-04-07T12:42:39Z"",""visibility"":""closed"",""description"":null,""collaborators"":[]}","2026-07-27 19:54:57.253456","2274310","wheelhouse-imagery","wheelhouse - imagery",,"33","39"
"43","{""id"":2233590,""can"":{""add_to"":false,""update"":false,""destroy"":false,""manage_collaborators"":false},""slug"":""allel"",""type"":""Channel"",""owner"":{""id"":252721,""name"":""BEAU BRAY"",""slug"":""beau-bray"",""type"":""User"",""avatar"":null,""initials"":""BB""},""state"":""available"",""title"":""ALLEL"",""_links"":{""self"":{""href"":""https://api.are.na/v3/channels/allel""},""owner"":{""href"":""https://api.are.na/v3/users/beau-bray""},""contents"":{""href"":""https://api.are.na/v3/channels/allel/contents""},""followers"":{""href"":""https://api.are.na/v3/channels/allel/followers""},""connections"":{""href"":""https://api.are.na/v3/channels/allel/connections""}},""counts"":{""blocks"":615,""channels"":1,""contents"":616,""collaborators"":0},""metadata"":null,""created_at"":""2023-06-17T08:39:43Z"",""updated_at"":""2026-02-26T19:00:41Z"",""visibility"":""closed"",""description"":null,""collaborators"":[]}","2026-07-27 19:55:27.191196","2233590","allel","ALLEL",,"615","32"
"44","{""id"":2153888,""can"":{""add_to"":false,""update"":false,""destroy"":false,""manage_collaborators"":false},""slug"":""your-air-cherry-blu"",""type"":""Channel"",""owner"":{""id"":64159,""name"":""Mukat Dhillon"",""slug"":""mukat-dhillon"",""type"":""User"",""avatar"":""https://static.avatars.are.na/64159/large_bb4f410d2fd5e424d8d733b5a44ea1d3.png?1649704106"",""initials"":""MD""},""state"":""available"",""title"":""Your Air - Cherry Blu"",""_links"":{""self"":{""href"":""https://api.are.na/v3/channels/your-air-cherry-blu""},""owner"":{""href"":""https://api.are.na/v3/users/mukat-dhillon""},""contents"":{""href"":""https://api.are.na/v3/channels/your-air-cherry-blu/contents""},""followers"":{""href"":""https://api.are.na/v3/channels/your-air-cherry-blu/followers""},""connections"":{""href"":""https://api.are.na/v3/channels/your-air-cherry-blu/connections""}},""counts"":{""blocks"":62,""channels"":0,""contents"":62,""collaborators"":2},""metadata"":null,""created_at"":""2023-04-27T19:13:12Z"",""updated_at"":""2024-09-10T00:25:53Z"",""visibility"":""closed"",""description"":null,""collaborators"":[{""id"":154252,""name"":""rayul g"",""slug"":""rayul-g"",""type"":""User"",""_links"":{""self"":{""href"":""https://api.are.na/v3/users/rayul-g""}},""avatar"":""https://static.avatars.are.na/154252/large_2077e54c6b5183b394f6e8abe10f71d4.jpg?1587084648"",""initials"":""rg""},{""id"":520366,""name"":""Sebastian Busse"",""slug"":""sebastian-busse"",""type"":""User"",""_links"":{""self"":{""href"":""https://api.are.na/v3/users/sebastian-busse""}},""avatar"":null,""initials"":""SB""}]}","2026-07-27 19:56:44.4246","2153888","your-air-cherry-blu","Your Air - Cherry Blu",,"62","41"
"45","{""id"":2157536,""can"":{""add_to"":false,""update"":false,""destroy"":false,""manage_collaborators"":false},""slug"":""zen-mode"",""type"":""Channel"",""owner"":{""id"":10891,""name"":""Petri"",""slug"":""petri"",""type"":""Group"",""avatar"":null,""initials"":""P""},""state"":""available"",""title"":""Zen Mode"",""_links"":{""self"":{""href"":""https://api.are.na/v3/channels/zen-mode""},""owner"":{""href"":""https://api.are.na/v3/groups/petri""},""contents"":{""href"":""https://api.are.na/v3/channels/zen-mode/contents""},""followers"":{""href"":""https://api.are.na/v3/channels/zen-mode/followers""},""connections"":{""href"":""https://api.are.na/v3/channels/zen-mode/connections""}},""counts"":{""blocks"":330,""channels"":0,""contents"":330,""collaborators"":0},""metadata"":null,""created_at"":""2023-04-30T14:55:53Z"",""updated_at"":""2026-06-21T21:10:57Z"",""visibility"":""closed"",""description"":{""html"":""<p>Zen Mode</p>"",""plain"":""Zen Mode"",""markdown"":""Zen Mode""},""collaborators"":[]}","2026-07-27 19:57:11.443784","2157536","zen-mode","Zen Mode","Zen Mode","330",
"46","{""id"":2073454,""can"":{""add_to"":false,""update"":false,""destroy"":false,""manage_collaborators"":false},""slug"":""mystic-yikiseb81k4"",""type"":""Channel"",""owner"":{""id"":497928,""name"":""Alix Quentin"",""slug"":""alix-quentin"",""type"":""User"",""avatar"":null,""initials"":""AQ""},""state"":""available"",""title"":""✺mystic"",""_links"":{""self"":{""href"":""https://api.are.na/v3/channels/mystic-yikiseb81k4""},""owner"":{""href"":""https://api.are.na/v3/users/alix-quentin""},""contents"":{""href"":""https://api.are.na/v3/channels/mystic-yikiseb81k4/contents""},""followers"":{""href"":""https://api.are.na/v3/channels/mystic-yikiseb81k4/followers""},""connections"":{""href"":""https://api.are.na/v3/channels/mystic-yikiseb81k4/connections""}},""counts"":{""blocks"":229,""channels"":5,""contents"":234,""collaborators"":0},""metadata"":null,""created_at"":""2023-03-16T19:54:28Z"",""updated_at"":""2026-07-11T02:19:29Z"",""visibility"":""closed"",""description"":null,""collaborators"":[]}","2026-07-27 19:58:03.054179","2073454","mystic-yikiseb81k4","✺mystic",,"229","42"
"47","{""id"":1871350,""can"":{""add_to"":false,""update"":false,""destroy"":false,""manage_collaborators"":false},""slug"":""mars-exploration"",""type"":""Channel"",""owner"":{""id"":182290,""name"":""Patryk Kaplita"",""slug"":""patryk-kaplita"",""type"":""User"",""avatar"":null,""initials"":""PK""},""state"":""available"",""title"":""MARS EXPLORATION"",""_links"":{""self"":{""href"":""https://api.are.na/v3/channels/mars-exploration""},""owner"":{""href"":""https://api.are.na/v3/users/patryk-kaplita""},""contents"":{""href"":""https://api.are.na/v3/channels/mars-exploration/contents""},""followers"":{""href"":""https://api.are.na/v3/channels/mars-exploration/followers""},""connections"":{""href"":""https://api.are.na/v3/channels/mars-exploration/connections""}},""counts"":{""blocks"":324,""channels"":0,""contents"":324,""collaborators"":0},""metadata"":null,""created_at"":""2022-11-22T14:03:17Z"",""updated_at"":""2026-07-20T01:09:47Z"",""visibility"":""closed"",""description"":null,""collaborators"":[]}","2026-07-27 19:58:45.543797","1871350","mars-exploration","MARS EXPLORATION",,"324","43"
"48","{""id"":743033,""can"":{""add_to"":false,""update"":false,""destroy"":false,""manage_collaborators"":false},""slug"":""spiritual-awakening-whbuxzf06gq"",""type"":""Channel"",""owner"":{""id"":182187,""name"":""Ella Mae Jepsen"",""slug"":""ella-mae-jepsen"",""type"":""User"",""avatar"":""https://static.avatars.are.na/182187/large_c6431cb6db44a0c4e6cd87348e9ee1da.jpg?1641862017"",""initials"":""EMJ""},""state"":""available"",""title"":""spiritual awakening "",""_links"":{""self"":{""href"":""https://api.are.na/v3/channels/spiritual-awakening-whbuxzf06gq""},""owner"":{""href"":""https://api.are.na/v3/users/ella-mae-jepsen""},""contents"":{""href"":""https://api.are.na/v3/channels/spiritual-awakening-whbuxzf06gq/contents""},""followers"":{""href"":""https://api.are.na/v3/channels/spiritual-awakening-whbuxzf06gq/followers""},""connections"":{""href"":""https://api.are.na/v3/channels/spiritual-awakening-whbuxzf06gq/connections""}},""counts"":{""blocks"":466,""channels"":5,""contents"":471,""collaborators"":0},""metadata"":null,""created_at"":""2020-07-09T14:52:12Z"",""updated_at"":""2026-07-17T17:41:25Z"",""visibility"":""closed"",""description"":null,""collaborators"":[]}","2026-07-27 19:59:32.583117","743033","spiritual-awakening-whbuxzf06gq","spiritual awakening ",,"466","44"
"49","{""id"":1872206,""can"":{""add_to"":false,""update"":false,""destroy"":false,""manage_collaborators"":false},""slug"":""l-wmtwqbca3hc"",""type"":""Channel"",""owner"":{""id"":446930,""name"":""𝖕𝖊𝖗𝖌𝖆𝖑𝖊 \u200e"",""slug"":""sbcqnqjk3tq"",""type"":""User"",""avatar"":""https://static.avatars.are.na/446930/large_7b3cf05ca7c536d1ca704a43fecbf060.jpg?1669158113"",""initials"":""𝖕\u200e""},""state"":""available"",""title"":""L.ѻƈᛕﻉɗ ٱก ɦﻉค۷ﻉก "",""_links"":{""self"":{""href"":""https://api.are.na/v3/channels/l-wmtwqbca3hc""},""owner"":{""href"":""https://api.are.na/v3/users/sbcqnqjk3tq""},""contents"":{""href"":""https://api.are.na/v3/channels/l-wmtwqbca3hc/contents""},""followers"":{""href"":""https://api.are.na/v3/channels/l-wmtwqbca3hc/followers""},""connections"":{""href"":""https://api.are.na/v3/channels/l-wmtwqbca3hc/connections""}},""counts"":{""blocks"":105,""channels"":0,""contents"":105,""collaborators"":0},""metadata"":null,""created_at"":""2022-11-22T22:44:05Z"",""updated_at"":""2025-05-24T18:46:24Z"",""visibility"":""closed"",""description"":null,""collaborators"":[]}","2026-07-27 20:00:34.272697","1872206","l-wmtwqbca3hc","L.ѻƈᛕﻉɗ ٱก ɦﻉค۷ﻉก ",,"105","45"
"50","{""id"":140352,""can"":{""add_to"":false,""update"":false,""destroy"":false,""manage_collaborators"":false},""slug"":""digital-magic-form-energy-spirit-the-quantum-field"",""type"":""Channel"",""owner"":{""id"":16807,""name"":""Luca Raimondi"",""slug"":""luca-raimondi"",""type"":""User"",""avatar"":""https://static.avatars.are.na/16807/large_40fa00e6b9215d7159cc8747daac20a8?1528664879"",""initials"":""LR""},""state"":""available"",""title"":""Digital Magic, Form/Energy/Spirit & the Quantum Field"",""_links"":{""self"":{""href"":""https://api.are.na/v3/channels/digital-magic-form-energy-spirit-the-quantum-field""},""owner"":{""href"":""https://api.are.na/v3/users/luca-raimondi""},""contents"":{""href"":""https://api.are.na/v3/channels/digital-magic-form-energy-spirit-the-quantum-field/contents""},""followers"":{""href"":""https://api.are.na/v3/channels/digital-magic-form-energy-spirit-the-quantum-field/followers""},""connections"":{""href"":""https://api.are.na/v3/channels/digital-magic-form-energy-spirit-the-quantum-field/connections""}},""counts"":{""blocks"":219,""channels"":72,""contents"":291,""collaborators"":0},""metadata"":null,""created_at"":""2018-02-03T03:18:40Z"",""updated_at"":""2026-07-23T16:01:12Z"",""visibility"":""public"",""description"":null,""collaborators"":[]}","2026-07-27 20:01:07.654731","140352","digital-magic-form-energy-spirit-the-quantum-field","Digital Magic, Form/Energy/Spirit & the Quantum Field",,"219","46"
"52","{""id"":1429601,""can"":{""add_to"":false,""update"":false,""destroy"":false,""manage_collaborators"":false},""slug"":""poetry-1k2xctfcbby"",""type"":""Channel"",""owner"":{""id"":338109,""name"":""MIAZAKI STUDIOS"",""slug"":""miazaki-studios"",""type"":""User"",""avatar"":null,""initials"":""MS""},""state"":""available"",""title"":""POETRY"",""_links"":{""self"":{""href"":""https://api.are.na/v3/channels/poetry-1k2xctfcbby""},""owner"":{""href"":""https://api.are.na/v3/users/miazaki-studios""},""contents"":{""href"":""https://api.are.na/v3/channels/poetry-1k2xctfcbby/contents""},""followers"":{""href"":""https://api.are.na/v3/channels/poetry-1k2xctfcbby/followers""},""connections"":{""href"":""https://api.are.na/v3/channels/poetry-1k2xctfcbby/connections""}},""counts"":{""blocks"":1544,""channels"":48,""contents"":1592,""collaborators"":0},""metadata"":null,""created_at"":""2022-02-10T22:23:36Z"",""updated_at"":""2026-07-13T21:33:50Z"",""visibility"":""closed"",""description"":null,""collaborators"":[]}","2026-07-27 20:02:26.345805","1429601","poetry-1k2xctfcbby","POETRY",,"1544","48"
"53","{""id"":1440641,""can"":{""add_to"":false,""update"":false,""destroy"":false,""manage_collaborators"":false},""slug"":""fa22-support"",""type"":""Channel"",""owner"":{""id"":68233,""name"":""Claire Pedersen"",""slug"":""claire-pedersen"",""type"":""User"",""avatar"":""https://static.avatars.are.na/68233/large_3bd039a2e55d94bc80bfe142c904a580.jpg?1566250525"",""initials"":""CP""},""state"":""available"",""title"":""FA22 Support"",""_links"":{""self"":{""href"":""https://api.are.na/v3/channels/fa22-support""},""owner"":{""href"":""https://api.are.na/v3/users/claire-pedersen""},""contents"":{""href"":""https://api.are.na/v3/channels/fa22-support/contents""},""followers"":{""href"":""https://api.are.na/v3/channels/fa22-support/followers""},""connections"":{""href"":""https://api.are.na/v3/channels/fa22-support/connections""}},""counts"":{""blocks"":993,""channels"":3,""contents"":996,""collaborators"":3},""metadata"":null,""created_at"":""2022-02-17T22:35:43Z"",""updated_at"":""2025-07-21T00:07:15Z"",""visibility"":""public"",""description"":null,""collaborators"":[{""id"":350421,""name"":""Erica Cruz"",""slug"":""erica-cruz"",""type"":""User"",""_links"":{""self"":{""href"":""https://api.are.na/v3/users/erica-cruz""}},""avatar"":null,""initials"":""EC""},{""id"":348293,""name"":""Miyu Shirotsuka"",""slug"":""miyu-shirotsuka"",""type"":""User"",""_links"":{""self"":{""href"":""https://api.are.na/v3/users/miyu-shirotsuka""}},""avatar"":null,""initials"":""MS""},{""id"":348292,""name"":""Diana Albrecht"",""slug"":""diana-albrecht-9nergfyjc04"",""type"":""User"",""_links"":{""self"":{""href"":""https://api.are.na/v3/users/diana-albrecht-9nergfyjc04""}},""avatar"":null,""initials"":""DA""}]}","2026-07-27 20:04:55.295127","1440641","fa22-support","FA22 Support",,"993","49"
"54","{""id"":1374485,""can"":{""add_to"":false,""update"":false,""destroy"":false,""manage_collaborators"":false},""slug"":""x-lcl87yb5yxi"",""type"":""Channel"",""owner"":{""id"":33085,""name"":""W B"",""slug"":""w-b-jytbjtoeq7y"",""type"":""User"",""avatar"":null,""initials"":""WB""},""state"":""available"",""title"":""x"",""_links"":{""self"":{""href"":""https://api.are.na/v3/channels/x-lcl87yb5yxi""},""owner"":{""href"":""https://api.are.na/v3/users/w-b-jytbjtoeq7y""},""contents"":{""href"":""https://api.are.na/v3/channels/x-lcl87yb5yxi/contents""},""followers"":{""href"":""https://api.are.na/v3/channels/x-lcl87yb5yxi/followers""},""connections"":{""href"":""https://api.are.na/v3/channels/x-lcl87yb5yxi/connections""}},""counts"":{""blocks"":470,""channels"":0,""contents"":470,""collaborators"":0},""metadata"":null,""created_at"":""2022-01-10T17:57:26Z"",""updated_at"":""2026-06-05T21:10:58Z"",""visibility"":""closed"",""description"":null,""collaborators"":[]}","2026-07-27 20:06:41.225607","1374485","x-lcl87yb5yxi","x",,"470","50"
"55","{""id"":1215881,""can"":{""add_to"":false,""update"":false,""destroy"":false,""manage_collaborators"":false},""slug"":""soul-alphabet"",""type"":""Channel"",""owner"":{""id"":274385,""name"":""felix mzd"",""slug"":""felix-mzd"",""type"":""User"",""avatar"":null,""initials"":""fm""},""state"":""available"",""title"":""soul alphabet"",""_links"":{""self"":{""href"":""https://api.are.na/v3/channels/soul-alphabet""},""owner"":{""href"":""https://api.are.na/v3/users/felix-mzd""},""contents"":{""href"":""https://api.are.na/v3/channels/soul-alphabet/contents""},""followers"":{""href"":""https://api.are.na/v3/channels/soul-alphabet/followers""},""connections"":{""href"":""https://api.are.na/v3/channels/soul-alphabet/connections""}},""counts"":{""blocks"":1525,""channels"":1,""contents"":1526,""collaborators"":0},""metadata"":null,""created_at"":""2021-09-17T13:24:49Z"",""updated_at"":""2026-06-07T20:22:13Z"",""visibility"":""closed"",""description"":{""html"":""<p>shapes &amp; glows</p>"",""plain"":""shapes & glows"",""markdown"":""shapes & glows""},""collaborators"":[]}","2026-07-27 20:07:37.401705","1215881","soul-alphabet","soul alphabet","shapes & glows","1525","51"
"57","{""id"":1029740,""can"":{""add_to"":false,""update"":false,""destroy"":false,""manage_collaborators"":false},""slug"":""energised-excited"",""type"":""Channel"",""owner"":{""id"":226904,""name"":""Aaron Krishna"",""slug"":""aaron-krishna"",""type"":""User"",""avatar"":""https://static.avatars.are.na/226904/large_d712e0790508cefe5c5816f39cef9661.jpg?1731129402"",""initials"":""AK""},""state"":""available"",""title"":""energised > excited "",""_links"":{""self"":{""href"":""https://api.are.na/v3/channels/energised-excited""},""owner"":{""href"":""https://api.are.na/v3/users/aaron-krishna""},""contents"":{""href"":""https://api.are.na/v3/channels/energised-excited/contents""},""followers"":{""href"":""https://api.are.na/v3/channels/energised-excited/followers""},""connections"":{""href"":""https://api.are.na/v3/channels/energised-excited/connections""}},""counts"":{""blocks"":403,""channels"":0,""contents"":403,""collaborators"":0},""metadata"":null,""created_at"":""2021-03-25T15:57:02Z"",""updated_at"":""2026-07-19T13:59:08Z"",""visibility"":""closed"",""description"":{""html"":""<p>david bowie once said, &quot;never play to the gallery&quot; </p>"",""plain"":""david bowie once said, \""never play to the gallery\"" "",""markdown"":""david bowie once said, \""never play to the gallery\"" ""},""collaborators"":[]}","2026-07-27 20:10:24.535144","1029740","energised-excited","energised > excited ","david bowie once said, ""never play to the gallery"" ","403","53"
"58","{""id"":3750411,""can"":{""add_to"":false,""update"":false,""destroy"":false,""manage_collaborators"":false},""slug"":""best-friend-pk4w69cbpri"",""type"":""Channel"",""owner"":{""id"":938803,""name"":""x o"",""slug"":""x-o-vsz4bqqsvh4"",""type"":""User"",""avatar"":null,""initials"":""xo""},""state"":""available"",""title"":""best friend ʄₒᵣₑᵥₑᵣᨖ"",""_links"":{""self"":{""href"":""https://api.are.na/v3/channels/best-friend-pk4w69cbpri""},""owner"":{""href"":""https://api.are.na/v3/users/x-o-vsz4bqqsvh4""},""contents"":{""href"":""https://api.are.na/v3/channels/best-friend-pk4w69cbpri/contents""},""followers"":{""href"":""https://api.are.na/v3/channels/best-friend-pk4w69cbpri/followers""},""connections"":{""href"":""https://api.are.na/v3/channels/best-friend-pk4w69cbpri/connections""}},""counts"":{""blocks"":34,""channels"":0,""contents"":34,""collaborators"":0},""metadata"":null,""created_at"":""2025-04-20T05:38:03Z"",""updated_at"":""2025-12-08T21:45:36Z"",""visibility"":""closed"",""description"":null,""collaborators"":[]}","2026-07-27 20:11:18.367871","3750411","best-friend-pk4w69cbpri","best friend ʄₒᵣₑᵥₑᵣᨖ",,"34","54"
"59","{""id"":3378440,""can"":{""add_to"":false,""update"":false,""destroy"":false,""manage_collaborators"":false},""slug"":""color-uhza2rzzb2w"",""type"":""Channel"",""owner"":{""id"":811025,""name"":""Daphne Kim"",""slug"":""daphne-kim"",""type"":""User"",""avatar"":null,""initials"":""DK""},""state"":""available"",""title"":""color"",""_links"":{""self"":{""href"":""https://api.are.na/v3/channels/color-uhza2rzzb2w""},""owner"":{""href"":""https://api.are.na/v3/users/daphne-kim""},""contents"":{""href"":""https://api.are.na/v3/channels/color-uhza2rzzb2w/contents""},""followers"":{""href"":""https://api.are.na/v3/channels/color-uhza2rzzb2w/followers""},""connections"":{""href"":""https://api.are.na/v3/channels/color-uhza2rzzb2w/connections""}},""counts"":{""blocks"":53,""channels"":0,""contents"":53,""collaborators"":0},""metadata"":null,""created_at"":""2024-12-05T02:49:33Z"",""updated_at"":""2025-09-30T00:14:16Z"",""visibility"":""closed"",""description"":null,""collaborators"":[]}","2026-07-27 20:11:41.528018","3378440","color-uhza2rzzb2w","color",,"53","55"
"60","{""id"":997678,""can"":{""add_to"":false,""update"":false,""destroy"":false,""manage_collaborators"":false},""slug"":""yes-c2k9avatqdu"",""type"":""Channel"",""owner"":{""id"":24894,""name"":""zoe marika"",""slug"":""zoe-marika"",""type"":""User"",""avatar"":null,""initials"":""zm""},""state"":""available"",""title"":""yes "",""_links"":{""self"":{""href"":""https://api.are.na/v3/channels/yes-c2k9avatqdu""},""owner"":{""href"":""https://api.are.na/v3/users/zoe-marika""},""contents"":{""href"":""https://api.are.na/v3/channels/yes-c2k9avatqdu/contents""},""followers"":{""href"":""https://api.are.na/v3/channels/yes-c2k9avatqdu/followers""},""connections"":{""href"":""https://api.are.na/v3/channels/yes-c2k9avatqdu/connections""}},""counts"":{""blocks"":1807,""channels"":1,""contents"":1808,""collaborators"":0},""metadata"":null,""created_at"":""2021-02-27T03:48:31Z"",""updated_at"":""2026-06-25T03:50:48Z"",""visibility"":""public"",""description"":null,""collaborators"":[]}","2026-07-27 20:12:09.486211","997678","yes-c2k9avatqdu","yes ",,"1807","56"
"61","{""id"":2764678,""can"":{""add_to"":false,""update"":false,""destroy"":false,""manage_collaborators"":false},""slug"":""tattoo-insppiration"",""type"":""Channel"",""owner"":{""id"":529431,""name"":""Christine Weston"",""slug"":""christine-weston"",""type"":""User"",""avatar"":null,""initials"":""CW""},""state"":""available"",""title"":""tattoo insppiration"",""_links"":{""self"":{""href"":""https://api.are.na/v3/channels/tattoo-insppiration""},""owner"":{""href"":""https://api.are.na/v3/users/christine-weston""},""contents"":{""href"":""https://api.are.na/v3/channels/tattoo-insppiration/contents""},""followers"":{""href"":""https://api.are.na/v3/channels/tattoo-insppiration/followers""},""connections"":{""href"":""https://api.are.na/v3/channels/tattoo-insppiration/connections""}},""counts"":{""blocks"":86,""channels"":0,""contents"":86,""collaborators"":0},""metadata"":null,""created_at"":""2024-03-26T10:11:10Z"",""updated_at"":""2026-04-24T22:25:45Z"",""visibility"":""closed"",""description"":null,""collaborators"":[]}","2026-07-27 20:15:03.521998","2764678","tattoo-insppiration","tattoo insppiration",,"86","57"
"62","{""id"":2435321,""can"":{""add_to"":false,""update"":false,""destroy"":false,""manage_collaborators"":false},""slug"":""d-444-curator"",""type"":""Channel"",""owner"":{""id"":586686,""name"":""Crea888or 🦋"",""slug"":""crea888or"",""type"":""User"",""avatar"":""https://static.avatars.are.na/586686/large_0b2e4badc21075dd149b3edbc0014f75.jpg?1775310975"",""initials"":""C🦋""},""state"":""available"",""title"":""D/444 Curator"",""_links"":{""self"":{""href"":""https://api.are.na/v3/channels/d-444-curator""},""owner"":{""href"":""https://api.are.na/v3/users/crea888or""},""contents"":{""href"":""https://api.are.na/v3/channels/d-444-curator/contents""},""followers"":{""href"":""https://api.are.na/v3/channels/d-444-curator/followers""},""connections"":{""href"":""https://api.are.na/v3/channels/d-444-curator/connections""}},""counts"":{""blocks"":264,""channels"":0,""contents"":264,""collaborators"":0},""metadata"":null,""created_at"":""2023-10-15T01:18:42Z"",""updated_at"":""2026-02-25T19:04:10Z"",""visibility"":""closed"",""description"":{""html"":""<p>Soulful dump of beautiful content nodes.</p>"",""plain"":""Soulful dump of beautiful content nodes."",""markdown"":""Soulful dump of beautiful content nodes.""},""collaborators"":[]}","2026-07-27 20:15:34.74444","2435321","d-444-curator","D/444 Curator","Soulful dump of beautiful content nodes.","264","58"
"64","{""id"":1758184,""can"":{""add_to"":false,""update"":false,""destroy"":false,""manage_collaborators"":false},""slug"":""bwvpxdgy_li"",""type"":""Channel"",""owner"":{""id"":352256,""name"":""ujn 3000"",""slug"":""ujn-3000"",""type"":""User"",""avatar"":null,""initials"":""u3""},""state"":""available"",""title"":""крінж"",""_links"":{""self"":{""href"":""https://api.are.na/v3/channels/bwvpxdgy_li""},""owner"":{""href"":""https://api.are.na/v3/users/ujn-3000""},""contents"":{""href"":""https://api.are.na/v3/channels/bwvpxdgy_li/contents""},""followers"":{""href"":""https://api.are.na/v3/channels/bwvpxdgy_li/followers""},""connections"":{""href"":""https://api.are.na/v3/channels/bwvpxdgy_li/connections""}},""counts"":{""blocks"":643,""channels"":3,""contents"":646,""collaborators"":0},""metadata"":null,""created_at"":""2022-09-17T23:56:03Z"",""updated_at"":""2026-07-10T05:28:53Z"",""visibility"":""closed"",""description"":null,""collaborators"":[]}","2026-07-27 20:16:47.054431","1758184","bwvpxdgy_li","крінж",,"643","60"
"65","{""id"":1998229,""can"":{""add_to"":false,""update"":false,""destroy"":false,""manage_collaborators"":false},""slug"":""resonance-r6hu-pke8eu"",""type"":""Channel"",""owner"":{""id"":24577,""name"":""Roby S"",""slug"":""roby-s"",""type"":""User"",""avatar"":""https://static.avatars.are.na/24577/large_7322aee7b459856ef40eb16f802e88c3.jpg?1517717325"",""initials"":""RS""},""state"":""available"",""title"":""Resonance "",""_links"":{""self"":{""href"":""https://api.are.na/v3/channels/resonance-r6hu-pke8eu""},""owner"":{""href"":""https://api.are.na/v3/users/roby-s""},""contents"":{""href"":""https://api.are.na/v3/channels/resonance-r6hu-pke8eu/contents""},""followers"":{""href"":""https://api.are.na/v3/channels/resonance-r6hu-pke8eu/followers""},""connections"":{""href"":""https://api.are.na/v3/channels/resonance-r6hu-pke8eu/connections""}},""counts"":{""blocks"":74,""channels"":0,""contents"":74,""collaborators"":0},""metadata"":null,""created_at"":""2023-02-06T21:51:56Z"",""updated_at"":""2026-06-23T17:36:27Z"",""visibility"":""closed"",""description"":null,""collaborators"":[]}","2026-07-27 20:17:53.977353","1998229","resonance-r6hu-pke8eu","Resonance ",,"74","61"
"66","{""id"":2143683,""can"":{""add_to"":false,""update"":false,""destroy"":false,""manage_collaborators"":false},""slug"":""my-soul-in-another-body"",""type"":""Channel"",""owner"":{""id"":493278,""name"":""Plueschi Mood"",""slug"":""plueschi-mood"",""type"":""User"",""avatar"":""https://static.avatars.are.na/493278/large_ab41feb749a19b8553be88d797d1b71b.jpg?1680282356"",""initials"":""PM""},""state"":""available"",""title"":""my soul in another body "",""_links"":{""self"":{""href"":""https://api.are.na/v3/channels/my-soul-in-another-body""},""owner"":{""href"":""https://api.are.na/v3/users/plueschi-mood""},""contents"":{""href"":""https://api.are.na/v3/channels/my-soul-in-another-body/contents""},""followers"":{""href"":""https://api.are.na/v3/channels/my-soul-in-another-body/followers""},""connections"":{""href"":""https://api.are.na/v3/channels/my-soul-in-another-body/connections""}},""counts"":{""blocks"":69,""channels"":2,""contents"":71,""collaborators"":0},""metadata"":null,""created_at"":""2023-04-22T13:22:32Z"",""updated_at"":""2026-05-06T21:22:31Z"",""visibility"":""closed"",""description"":{""html"":""<p>a deer once talked to me and since then the connection only grew stronger </p>"",""plain"":""a deer once talked to me and since then the connection only grew stronger "",""markdown"":""a deer once talked to me and since then the connection only grew stronger ""},""collaborators"":[]}","2026-07-27 20:18:20.114684","2143683","my-soul-in-another-body","my soul in another body ","a deer once talked to me and since then the connection only grew stronger ","69","62"
"67","{""id"":2157727,""can"":{""add_to"":false,""update"":false,""destroy"":false,""manage_collaborators"":false},""slug"":""occult-btahujsidji"",""type"":""Channel"",""owner"":{""id"":519387,""name"":""ex human"",""slug"":""ex-human"",""type"":""User"",""avatar"":""https://static.avatars.are.na/519387/large_10661ab9a60b12128088188528b81f4d.jpg?1752991075"",""initials"":""eh""},""state"":""available"",""title"":""Occult"",""_links"":{""self"":{""href"":""https://api.are.na/v3/channels/occult-btahujsidji""},""owner"":{""href"":""https://api.are.na/v3/users/ex-human""},""contents"":{""href"":""https://api.are.na/v3/channels/occult-btahujsidji/contents""},""followers"":{""href"":""https://api.are.na/v3/channels/occult-btahujsidji/followers""},""connections"":{""href"":""https://api.are.na/v3/channels/occult-btahujsidji/connections""}},""counts"":{""blocks"":135,""channels"":22,""contents"":157,""collaborators"":0},""metadata"":null,""created_at"":""2023-04-30T18:00:03Z"",""updated_at"":""2026-07-12T07:45:16Z"",""visibility"":""closed"",""description"":{""html"":""<p>Occult, mystical, non-obvious, cybernetic techno acceleracionism </p>"",""plain"":""Occult, mystical, non-obvious, cybernetic techno acceleracionism "",""markdown"":""Occult, mystical, non-obvious, cybernetic techno acceleracionism ""},""collaborators"":[]}","2026-07-27 20:18:49.086649","2157727","occult-btahujsidji","Occult","Occult, mystical, non-obvious, cybernetic techno acceleracionism ","135","63"
"68","{""id"":1958763,""can"":{""add_to"":false,""update"":false,""destroy"":false,""manage_collaborators"":false},""slug"":""mysticism-cwtol0o4igi"",""type"":""Channel"",""owner"":{""id"":328284,""name"":""Merrin Winkel"",""slug"":""merrin-winkel"",""type"":""User"",""avatar"":null,""initials"":""MW""},""state"":""available"",""title"":""mysticism"",""_links"":{""self"":{""href"":""https://api.are.na/v3/channels/mysticism-cwtol0o4igi""},""owner"":{""href"":""https://api.are.na/v3/users/merrin-winkel""},""contents"":{""href"":""https://api.are.na/v3/channels/mysticism-cwtol0o4igi/contents""},""followers"":{""href"":""https://api.are.na/v3/channels/mysticism-cwtol0o4igi/followers""},""connections"":{""href"":""https://api.are.na/v3/channels/mysticism-cwtol0o4igi/connections""}},""counts"":{""blocks"":28,""channels"":2,""contents"":30,""collaborators"":0},""metadata"":null,""created_at"":""2023-01-17T19:14:11Z"",""updated_at"":""2026-05-03T07:18:25Z"",""visibility"":""closed"",""description"":null,""collaborators"":[]}","2026-07-27 20:19:17.266677","1958763","mysticism-cwtol0o4igi","mysticism",,"28","64"
"70","{""id"":670487,""can"":{""add_to"":false,""update"":false,""destroy"":false,""manage_collaborators"":false},""slug"":""meme-construction-zone"",""type"":""Channel"",""owner"":{""id"":152080,""name"":""Jen Evans"",""slug"":""jen-evans"",""type"":""User"",""avatar"":null,""initials"":""JE""},""state"":""available"",""title"":""meme construction zone"",""_links"":{""self"":{""href"":""https://api.are.na/v3/channels/meme-construction-zone""},""owner"":{""href"":""https://api.are.na/v3/users/jen-evans""},""contents"":{""href"":""https://api.are.na/v3/channels/meme-construction-zone/contents""},""followers"":{""href"":""https://api.are.na/v3/channels/meme-construction-zone/followers""},""connections"":{""href"":""https://api.are.na/v3/channels/meme-construction-zone/connections""}},""counts"":{""blocks"":1296,""channels"":10,""contents"":1306,""collaborators"":0},""metadata"":null,""created_at"":""2020-04-26T20:06:11Z"",""updated_at"":""2026-07-27T13:46:11Z"",""visibility"":""closed"",""description"":null,""collaborators"":[]}","2026-07-27 20:20:02.398421","670487","meme-construction-zone","meme construction zone",,"1296","66"
"72","{""id"":1102784,""can"":{""add_to"":false,""update"":false,""destroy"":false,""manage_collaborators"":false},""slug"":""bekenntnisse-einer-apolitischen"",""type"":""Channel"",""owner"":{""id"":234657,""name"":""Alva **"",""slug"":""alva"",""type"":""User"",""avatar"":null,""initials"":""A*""},""state"":""available"",""title"":""bekenntnisse einer apolitischen"",""_links"":{""self"":{""href"":""https://api.are.na/v3/channels/bekenntnisse-einer-apolitischen""},""owner"":{""href"":""https://api.are.na/v3/users/alva""},""contents"":{""href"":""https://api.are.na/v3/channels/bekenntnisse-einer-apolitischen/contents""},""followers"":{""href"":""https://api.are.na/v3/channels/bekenntnisse-einer-apolitischen/followers""},""connections"":{""href"":""https://api.are.na/v3/channels/bekenntnisse-einer-apolitischen/connections""}},""counts"":{""blocks"":197,""channels"":14,""contents"":211,""collaborators"":0},""metadata"":null,""created_at"":""2021-06-01T10:42:34Z"",""updated_at"":""2023-05-16T09:07:35Z"",""visibility"":""closed"",""description"":null,""collaborators"":[]}","2026-07-27 20:22:51.316833","1102784","bekenntnisse-einer-apolitischen","bekenntnisse einer apolitischen",,"197","68"
"73","{""id"":1058884,""can"":{""add_to"":false,""update"":false,""destroy"":false,""manage_collaborators"":false},""slug"":""1-4-the-arrival"",""type"":""Channel"",""owner"":{""id"":107698,""name"":""Alessandro Cugola"",""slug"":""alessandro-cugola"",""type"":""User"",""avatar"":null,""initials"":""AC""},""state"":""available"",""title"":""1/4 the Arrival"",""_links"":{""self"":{""href"":""https://api.are.na/v3/channels/1-4-the-arrival""},""owner"":{""href"":""https://api.are.na/v3/users/alessandro-cugola""},""contents"":{""href"":""https://api.are.na/v3/channels/1-4-the-arrival/contents""},""followers"":{""href"":""https://api.are.na/v3/channels/1-4-the-arrival/followers""},""connections"":{""href"":""https://api.are.na/v3/channels/1-4-the-arrival/connections""}},""counts"":{""blocks"":64,""channels"":0,""contents"":64,""collaborators"":1},""metadata"":null,""created_at"":""2021-04-20T06:29:39Z"",""updated_at"":""2024-06-06T02:42:46Z"",""visibility"":""public"",""description"":null,""collaborators"":[{""id"":122864,""name"":""Alice Zani"",""slug"":""alice-zani"",""type"":""User"",""_links"":{""self"":{""href"":""https://api.are.na/v3/users/alice-zani""}},""avatar"":null,""initials"":""AZ""}]}","2026-07-27 20:23:35.634176","1058884","1-4-the-arrival","1/4 the Arrival",,"64","69"
"75","{""id"":2678592,""can"":{""add_to"":false,""update"":false,""destroy"":false,""manage_collaborators"":false},""slug"":""agro-hpopnx-qgfy"",""type"":""Channel"",""owner"":{""id"":37554,""name"":""adephaga 🪲"",""slug"":""adephaga"",""type"":""User"",""avatar"":""https://static.avatars.are.na/37554/large_ae006d1c5f416fbb7a57f58c79d21c3d.jpg?1642629132"",""initials"":""a🪲""},""state"":""available"",""title"":""agro"",""_links"":{""self"":{""href"":""https://api.are.na/v3/channels/agro-hpopnx-qgfy""},""owner"":{""href"":""https://api.are.na/v3/users/adephaga""},""contents"":{""href"":""https://api.are.na/v3/channels/agro-hpopnx-qgfy/contents""},""followers"":{""href"":""https://api.are.na/v3/channels/agro-hpopnx-qgfy/followers""},""connections"":{""href"":""https://api.are.na/v3/channels/agro-hpopnx-qgfy/connections""}},""counts"":{""blocks"":313,""channels"":2,""contents"":315,""collaborators"":0},""metadata"":null,""created_at"":""2024-02-15T13:44:03Z"",""updated_at"":""2026-06-25T12:24:14Z"",""visibility"":""closed"",""description"":null,""collaborators"":[]}","2026-07-27 20:24:40.854846","2678592","agro-hpopnx-qgfy","agro",,"313","71"
"76","{""id"":2108905,""can"":{""add_to"":false,""update"":false,""destroy"":false,""manage_collaborators"":false},""slug"":""stuff-_h9v-pq2ajy"",""type"":""Channel"",""owner"":{""id"":341111,""name"":""Shohei Higa"",""slug"":""shohei-higa"",""type"":""User"",""avatar"":""https://static.avatars.are.na/341111/large_dae82976893a18ce4165e3828b964f27.jpg?1747628135"",""initials"":""SH""},""state"":""available"",""title"":""STUFF"",""_links"":{""self"":{""href"":""https://api.are.na/v3/channels/stuff-_h9v-pq2ajy""},""owner"":{""href"":""https://api.are.na/v3/users/shohei-higa""},""contents"":{""href"":""https://api.are.na/v3/channels/stuff-_h9v-pq2ajy/contents""},""followers"":{""href"":""https://api.are.na/v3/channels/stuff-_h9v-pq2ajy/followers""},""connections"":{""href"":""https://api.are.na/v3/channels/stuff-_h9v-pq2ajy/connections""}},""counts"":{""blocks"":1420,""channels"":65,""contents"":1485,""collaborators"":0},""metadata"":null,""created_at"":""2023-04-04T02:03:59Z"",""updated_at"":""2026-07-21T20:05:47Z"",""visibility"":""closed"",""description"":null,""collaborators"":[]}","2026-07-27 20:25:30.698978","2108905","stuff-_h9v-pq2ajy","STUFF",,"1420","72"
"77","{""id"":2766985,""can"":{""add_to"":false,""update"":false,""destroy"":false,""manage_collaborators"":false},""slug"":""cr-38wcplz_6da"",""type"":""Channel"",""owner"":{""id"":650518,""name"":""Maya Linenberg"",""slug"":""maya-linenberg"",""type"":""User"",""avatar"":""https://static.avatars.are.na/650518/large_de36cb22b151460a9195b4082a1eed9d.jpg?1709485553"",""initials"":""ML""},""state"":""available"",""title"":""CR"",""_links"":{""self"":{""href"":""https://api.are.na/v3/channels/cr-38wcplz_6da""},""owner"":{""href"":""https://api.are.na/v3/users/maya-linenberg""},""contents"":{""href"":""https://api.are.na/v3/channels/cr-38wcplz_6da/contents""},""followers"":{""href"":""https://api.are.na/v3/channels/cr-38wcplz_6da/followers""},""connections"":{""href"":""https://api.are.na/v3/channels/cr-38wcplz_6da/connections""}},""counts"":{""blocks"":135,""channels"":3,""contents"":138,""collaborators"":0},""metadata"":null,""created_at"":""2024-03-27T05:37:54Z"",""updated_at"":""2025-05-16T08:03:03Z"",""visibility"":""closed"",""description"":null,""collaborators"":[]}","2026-07-27 20:27:49.477855","2766985","cr-38wcplz_6da","CR",,"135","73"
"78","{""id"":1600155,""can"":{""add_to"":false,""update"":false,""destroy"":false,""manage_collaborators"":false},""slug"":""graphics-qq92viryeag"",""type"":""Channel"",""owner"":{""id"":377777,""name"":""Erik Denysyuk"",""slug"":""erik-denysyuk"",""type"":""User"",""avatar"":null,""initials"":""ED""},""state"":""available"",""title"":""GRAPHICS"",""_links"":{""self"":{""href"":""https://api.are.na/v3/channels/graphics-qq92viryeag""},""owner"":{""href"":""https://api.are.na/v3/users/erik-denysyuk""},""contents"":{""href"":""https://api.are.na/v3/channels/graphics-qq92viryeag/contents""},""followers"":{""href"":""https://api.are.na/v3/channels/graphics-qq92viryeag/followers""},""connections"":{""href"":""https://api.are.na/v3/channels/graphics-qq92viryeag/connections""}},""counts"":{""blocks"":317,""channels"":37,""contents"":354,""collaborators"":0},""metadata"":null,""created_at"":""2022-06-03T00:12:40Z"",""updated_at"":""2026-07-27T14:58:07Z"",""visibility"":""closed"",""description"":null,""collaborators"":[]}","2026-07-27 20:28:24.077853","1600155","graphics-qq92viryeag","GRAPHICS",,"317","74"
"79","{""id"":2322751,""can"":{""add_to"":false,""update"":false,""destroy"":false,""manage_collaborators"":false},""slug"":""words-of-wisdom-pz0pw3lxpki"",""type"":""Channel"",""owner"":{""id"":414443,""name"":""Alexander Gwilliam"",""slug"":""alexander-gwilliam"",""type"":""User"",""avatar"":""https://static.avatars.are.na/414443/large_504163af2467e408c423189cb3db860a.jpg?1692091228"",""initials"":""AG""},""state"":""available"",""title"":""Words of Wisdom"",""_links"":{""self"":{""href"":""https://api.are.na/v3/channels/words-of-wisdom-pz0pw3lxpki""},""owner"":{""href"":""https://api.are.na/v3/users/alexander-gwilliam""},""contents"":{""href"":""https://api.are.na/v3/channels/words-of-wisdom-pz0pw3lxpki/contents""},""followers"":{""href"":""https://api.are.na/v3/channels/words-of-wisdom-pz0pw3lxpki/followers""},""connections"":{""href"":""https://api.are.na/v3/channels/words-of-wisdom-pz0pw3lxpki/connections""}},""counts"":{""blocks"":55,""channels"":0,""contents"":55,""collaborators"":0},""metadata"":null,""created_at"":""2023-08-15T10:14:11Z"",""updated_at"":""2026-04-13T15:26:38Z"",""visibility"":""closed"",""description"":null,""collaborators"":[]}","2026-07-27 20:29:09.775604","2322751","words-of-wisdom-pz0pw3lxpki","Words of Wisdom",,"55","75"
"80","{""id"":1682335,""can"":{""add_to"":false,""update"":false,""destroy"":false,""manage_collaborators"":false},""slug"":""design-ated"",""type"":""Channel"",""owner"":{""id"":349192,""name"":""genreless Media"",""slug"":""genreless-media"",""type"":""User"",""avatar"":""https://static.avatars.are.na/349192/large_9047a40626b7ecbcef96a6744b9bc73b.jpg?1691399992"",""initials"":""gM""},""state"":""available"",""title"":""🔗 DESIGN[ated]"",""_links"":{""self"":{""href"":""https://api.are.na/v3/channels/design-ated""},""owner"":{""href"":""https://api.are.na/v3/users/genreless-media""},""contents"":{""href"":""https://api.are.na/v3/channels/design-ated/contents""},""followers"":{""href"":""https://api.are.na/v3/channels/design-ated/followers""},""connections"":{""href"":""https://api.are.na/v3/channels/design-ated/connections""}},""counts"":{""blocks"":656,""channels"":29,""contents"":685,""collaborators"":0},""metadata"":null,""created_at"":""2022-08-02T01:44:30Z"",""updated_at"":""2026-07-20T23:56:44Z"",""visibility"":""closed"",""description"":{""html"":""<p>( ZOOM OUT )</p>"",""plain"":""( ZOOM OUT )"",""markdown"":""( ZOOM OUT )""},""collaborators"":[]}","2026-07-27 20:29:33.815833","1682335","design-ated","🔗 DESIGN[ated]","( ZOOM OUT )","656","76"
"81","{""id"":1734655,""can"":{""add_to"":false,""update"":false,""destroy"":false,""manage_collaborators"":false},""slug"":""editorial-zine-inspiration"",""type"":""Channel"",""owner"":{""id"":283812,""name"":""jayden nguyen"",""slug"":""jayden-nguyen"",""type"":""User"",""avatar"":""https://static.avatars.are.na/283812/large_3685f2ce00e7788b3b1fd52b9d308653.jpeg?1781330711"",""initials"":""jn""},""state"":""available"",""title"":""EDITORIAL, ZINE, INSPIRATION"",""_links"":{""self"":{""href"":""https://api.are.na/v3/channels/editorial-zine-inspiration""},""owner"":{""href"":""https://api.are.na/v3/users/jayden-nguyen""},""contents"":{""href"":""https://api.are.na/v3/channels/editorial-zine-inspiration/contents""},""followers"":{""href"":""https://api.are.na/v3/channels/editorial-zine-inspiration/followers""},""connections"":{""href"":""https://api.are.na/v3/channels/editorial-zine-inspiration/connections""}},""counts"":{""blocks"":1148,""channels"":69,""contents"":1217,""collaborators"":0},""metadata"":null,""created_at"":""2022-09-05T04:24:57Z"",""updated_at"":""2026-07-27T19:47:56Z"",""visibility"":""public"",""description"":{""html"":""<p>dump channel with editorial design / brand ephemera that inspires <br>\n       or: every detail matters</p>\n\n<p>OPEN: feel free to add blocks you think fit the vibe :) i won&#39;t get mad haha</p>"",""plain"":""dump channel with editorial design / brand ephemera that inspires \n       or: every detail matters\nOPEN: feel free to add blocks you think fit the vibe :) i won't get mad haha"",""markdown"":""dump channel with editorial design / brand ephemera that inspires \n       or: every detail matters\n\nOPEN: feel free to add blocks you think fit the vibe :) i won't get mad haha""},""collaborators"":[]}","2026-07-27 20:30:49.031715","1734655","editorial-zine-inspiration","EDITORIAL, ZINE, INSPIRATION","dump channel with editorial design / brand ephemera that inspires 
       or: every detail matters
OPEN: feel free to add blocks you think fit the vibe :) i won't get mad haha","1148","77"
"82","{""id"":1522803,""can"":{""add_to"":false,""update"":false,""destroy"":false,""manage_collaborators"":false},""slug"":""social-media-design-zo3uetchjt0"",""type"":""Channel"",""owner"":{""id"":273370,""name"":""Matthew Miller"",""slug"":""matthew-miller-vmq043yyfuk"",""type"":""User"",""avatar"":null,""initials"":""MM""},""state"":""available"",""title"":""Social Media Design"",""_links"":{""self"":{""href"":""https://api.are.na/v3/channels/social-media-design-zo3uetchjt0""},""owner"":{""href"":""https://api.are.na/v3/users/matthew-miller-vmq043yyfuk""},""contents"":{""href"":""https://api.are.na/v3/channels/social-media-design-zo3uetchjt0/contents""},""followers"":{""href"":""https://api.are.na/v3/channels/social-media-design-zo3uetchjt0/followers""},""connections"":{""href"":""https://api.are.na/v3/channels/social-media-design-zo3uetchjt0/connections""}},""counts"":{""blocks"":85,""channels"":0,""contents"":85,""collaborators"":0},""metadata"":null,""created_at"":""2022-04-11T12:21:44Z"",""updated_at"":""2025-09-29T09:31:13Z"",""visibility"":""closed"",""description"":null,""collaborators"":[]}","2026-07-27 20:32:45.294589","1522803","social-media-design-zo3uetchjt0","Social Media Design",,"85","78"
"83","{""id"":764977,""can"":{""add_to"":false,""update"":false,""destroy"":false,""manage_collaborators"":false},""slug"":""old-b1m7ymmmm50"",""type"":""Channel"",""owner"":{""id"":128060,""name"":""Yeah--- eeee"",""slug"":""yeah-eeee"",""type"":""User"",""avatar"":null,""initials"":""Ye""},""state"":""available"",""title"":""old"",""_links"":{""self"":{""href"":""https://api.are.na/v3/channels/old-b1m7ymmmm50""},""owner"":{""href"":""https://api.are.na/v3/users/yeah-eeee""},""contents"":{""href"":""https://api.are.na/v3/channels/old-b1m7ymmmm50/contents""},""followers"":{""href"":""https://api.are.na/v3/channels/old-b1m7ymmmm50/followers""},""connections"":{""href"":""https://api.are.na/v3/channels/old-b1m7ymmmm50/connections""}},""counts"":{""blocks"":50,""channels"":1,""contents"":51,""collaborators"":0},""metadata"":null,""created_at"":""2020-08-04T02:13:12Z"",""updated_at"":""2026-06-05T08:59:06Z"",""visibility"":""closed"",""description"":null,""collaborators"":[]}","2026-07-27 20:33:13.931704","764977","old-b1m7ymmmm50","old",,"50","79"
"84","{""id"":1240916,""can"":{""add_to"":false,""update"":false,""destroy"":false,""manage_collaborators"":false},""slug"":""imma-brand-it-just-a-lil"",""type"":""Channel"",""owner"":{""id"":8717,""name"":""Moth Minds"",""slug"":""moth-minds-fukngstq6ve"",""type"":""Group"",""avatar"":""https://static.avatars.are.na/groups/8717/large_bb5000daae2fceb7f084c617223c97d1.png?1639089034"",""initials"":""MM""},""state"":""available"",""title"":""imma brand it, just a lil"",""_links"":{""self"":{""href"":""https://api.are.na/v3/channels/imma-brand-it-just-a-lil""},""owner"":{""href"":""https://api.are.na/v3/groups/moth-minds-fukngstq6ve""},""contents"":{""href"":""https://api.are.na/v3/channels/imma-brand-it-just-a-lil/contents""},""followers"":{""href"":""https://api.are.na/v3/channels/imma-brand-it-just-a-lil/followers""},""connections"":{""href"":""https://api.are.na/v3/channels/imma-brand-it-just-a-lil/connections""}},""counts"":{""blocks"":513,""channels"":7,""contents"":520,""collaborators"":1},""metadata"":null,""created_at"":""2021-10-03T21:18:10Z"",""updated_at"":""2026-01-14T21:47:25Z"",""visibility"":""closed"",""description"":null,""collaborators"":[{""id"":8717,""name"":""Moth Minds"",""slug"":""moth-minds-fukngstq6ve"",""type"":""Group"",""_links"":{""self"":{""href"":""https://api.are.na/v3/groups/moth-minds-fukngstq6ve""}},""avatar"":""https://static.avatars.are.na/groups/8717/large_bb5000daae2fceb7f084c617223c97d1.png?1639089034"",""initials"":""MM""}]}","2026-07-27 20:33:40.005141","1240916","imma-brand-it-just-a-lil","imma brand it, just a lil",,"513",
"85","{""id"":1361559,""can"":{""add_to"":false,""update"":false,""destroy"":false,""manage_collaborators"":false},""slug"":""waxing"",""type"":""Channel"",""owner"":{""id"":320769,""name"":""I R"",""slug"":""i-r-bqldj2tlhoi"",""type"":""User"",""avatar"":null,""initials"":""IR""},""state"":""available"",""title"":""waxing"",""_links"":{""self"":{""href"":""https://api.are.na/v3/channels/waxing""},""owner"":{""href"":""https://api.are.na/v3/users/i-r-bqldj2tlhoi""},""contents"":{""href"":""https://api.are.na/v3/channels/waxing/contents""},""followers"":{""href"":""https://api.are.na/v3/channels/waxing/followers""},""connections"":{""href"":""https://api.are.na/v3/channels/waxing/connections""}},""counts"":{""blocks"":41,""channels"":0,""contents"":41,""collaborators"":0},""metadata"":null,""created_at"":""2022-01-02T00:55:32Z"",""updated_at"":""2026-02-08T22:56:26Z"",""visibility"":""public"",""description"":null,""collaborators"":[]}","2026-07-27 20:34:43.490737","1361559","waxing","waxing",,"41","80"
"87","{""id"":1891336,""can"":{""add_to"":false,""update"":false,""destroy"":false,""manage_collaborators"":false},""slug"":""anatomical-g2yqnlng2ry"",""type"":""Channel"",""owner"":{""id"":317543,""name"":""Sam Reyes"",""slug"":""sam-reyes"",""type"":""User"",""avatar"":null,""initials"":""SR""},""state"":""available"",""title"":""Anatomical"",""_links"":{""self"":{""href"":""https://api.are.na/v3/channels/anatomical-g2yqnlng2ry""},""owner"":{""href"":""https://api.are.na/v3/users/sam-reyes""},""contents"":{""href"":""https://api.are.na/v3/channels/anatomical-g2yqnlng2ry/contents""},""followers"":{""href"":""https://api.are.na/v3/channels/anatomical-g2yqnlng2ry/followers""},""connections"":{""href"":""https://api.are.na/v3/channels/anatomical-g2yqnlng2ry/connections""}},""counts"":{""blocks"":86,""channels"":0,""contents"":86,""collaborators"":0},""metadata"":null,""created_at"":""2022-12-04T02:29:13Z"",""updated_at"":""2026-06-03T06:01:24Z"",""visibility"":""closed"",""description"":null,""collaborators"":[]}","2026-07-27 20:35:28.894317","1891336","anatomical-g2yqnlng2ry","Anatomical",,"86","82"
"89","{""id"":1505080,""can"":{""add_to"":false,""update"":false,""destroy"":false,""manage_collaborators"":false},""slug"":""walking-h-0-mkpntz8"",""type"":""Channel"",""owner"":{""id"":223597,""name"":""Laura Reither"",""slug"":""laura-reither"",""type"":""User"",""avatar"":null,""initials"":""LR""},""state"":""available"",""title"":""walking"",""_links"":{""self"":{""href"":""https://api.are.na/v3/channels/walking-h-0-mkpntz8""},""owner"":{""href"":""https://api.are.na/v3/users/laura-reither""},""contents"":{""href"":""https://api.are.na/v3/channels/walking-h-0-mkpntz8/contents""},""followers"":{""href"":""https://api.are.na/v3/channels/walking-h-0-mkpntz8/followers""},""connections"":{""href"":""https://api.are.na/v3/channels/walking-h-0-mkpntz8/connections""}},""counts"":{""blocks"":240,""channels"":0,""contents"":240,""collaborators"":0},""metadata"":null,""created_at"":""2022-03-31T07:56:44Z"",""updated_at"":""2025-11-16T14:16:49Z"",""visibility"":""closed"",""description"":{""html"":""<p>walking as a performative act</p>"",""plain"":""walking as a performative act"",""markdown"":""walking as a performative act""},""collaborators"":[]}","2026-07-27 20:36:31.794378","1505080","walking-h-0-mkpntz8","walking","walking as a performative act","240","84"
"90","{""id"":1301433,""can"":{""add_to"":false,""update"":false,""destroy"":false,""manage_collaborators"":false},""slug"":""bangers-only"",""type"":""Channel"",""owner"":{""id"":113350,""name"":""Cedric Payne"",""slug"":""cedric-payne"",""type"":""User"",""avatar"":null,""initials"":""CP""},""state"":""available"",""title"":""BANGERS ONLY"",""_links"":{""self"":{""href"":""https://api.are.na/v3/channels/bangers-only""},""owner"":{""href"":""https://api.are.na/v3/users/cedric-payne""},""contents"":{""href"":""https://api.are.na/v3/channels/bangers-only/contents""},""followers"":{""href"":""https://api.are.na/v3/channels/bangers-only/followers""},""connections"":{""href"":""https://api.are.na/v3/channels/bangers-only/connections""}},""counts"":{""blocks"":1059,""channels"":0,""contents"":1059,""collaborators"":0},""metadata"":null,""created_at"":""2021-11-14T21:52:24Z"",""updated_at"":""2026-06-23T14:08:05Z"",""visibility"":""closed"",""description"":{""html"":""<p>@opticsplayground<br>\n@cedricpayne</p>"",""plain"":""@opticsplayground\n@cedricpayne"",""markdown"":""\n@opticsplayground\n@cedricpayne\n\n\t\n""},""collaborators"":[]}","2026-07-27 20:37:06.090207","1301433","bangers-only","BANGERS ONLY","@opticsplayground
@cedricpayne","1059","85"
"92","{""id"":929604,""can"":{""add_to"":false,""update"":false,""destroy"":false,""manage_collaborators"":false},""slug"":""gradients-with-noise"",""type"":""Channel"",""owner"":{""id"":149925,""name"":""t hanks"",""slug"":""t-hanks"",""type"":""User"",""avatar"":""https://static.avatars.are.na/149925/large_16b226b5337324bb0bbc7e15fa767fde.jpg?1620861122"",""initials"":""th""},""state"":""available"",""title"":""GRADIENTS WITH NOISE"",""_links"":{""self"":{""href"":""https://api.are.na/v3/channels/gradients-with-noise""},""owner"":{""href"":""https://api.are.na/v3/users/t-hanks""},""contents"":{""href"":""https://api.are.na/v3/channels/gradients-with-noise/contents""},""followers"":{""href"":""https://api.are.na/v3/channels/gradients-with-noise/followers""},""connections"":{""href"":""https://api.are.na/v3/channels/gradients-with-noise/connections""}},""counts"":{""blocks"":487,""channels"":2,""contents"":489,""collaborators"":0},""metadata"":null,""created_at"":""2021-01-08T20:28:06Z"",""updated_at"":""2026-07-27T20:15:55Z"",""visibility"":""public"",""description"":{""html"":""<p>Surreal, dystopia, tech, vintage, fantasy, dreamy </p>"",""plain"":""Surreal, dystopia, tech, vintage, fantasy, dreamy "",""markdown"":""Surreal, dystopia, tech, vintage, fantasy, dreamy ""},""collaborators"":[]}","2026-07-27 20:39:14.385891","929604","gradients-with-noise","GRADIENTS WITH NOISE","Surreal, dystopia, tech, vintage, fantasy, dreamy ","487","87"
"93","{""id"":345140,""can"":{""add_to"":false,""update"":false,""destroy"":false,""manage_collaborators"":false},""slug"":""save-itqqswbwlok"",""type"":""Channel"",""owner"":{""id"":73316,""name"":""Harry Butt"",""slug"":""harry-butt"",""type"":""User"",""avatar"":null,""initials"":""HB""},""state"":""available"",""title"":""save"",""_links"":{""self"":{""href"":""https://api.are.na/v3/channels/save-itqqswbwlok""},""owner"":{""href"":""https://api.are.na/v3/users/harry-butt""},""contents"":{""href"":""https://api.are.na/v3/channels/save-itqqswbwlok/contents""},""followers"":{""href"":""https://api.are.na/v3/channels/save-itqqswbwlok/followers""},""connections"":{""href"":""https://api.are.na/v3/channels/save-itqqswbwlok/connections""}},""counts"":{""blocks"":1789,""channels"":0,""contents"":1789,""collaborators"":0},""metadata"":null,""created_at"":""2019-02-28T10:34:53Z"",""updated_at"":""2026-07-24T16:00:13Z"",""visibility"":""public"",""description"":null,""collaborators"":[]}","2026-07-27 20:40:16.816789","345140","save-itqqswbwlok","save",,"1789","88"
"94","{""id"":4747027,""can"":{""add_to"":false,""update"":false,""destroy"":false,""manage_collaborators"":false},""slug"":""sunvase-graphic"",""type"":""Channel"",""owner"":{""id"":1306069,""name"":""taesu Lee"",""slug"":""taesu-lee"",""type"":""User"",""avatar"":null,""initials"":""tL""},""state"":""available"",""title"":""sunvase graphic"",""_links"":{""self"":{""href"":""https://api.are.na/v3/channels/sunvase-graphic""},""owner"":{""href"":""https://api.are.na/v3/users/taesu-lee""},""contents"":{""href"":""https://api.are.na/v3/channels/sunvase-graphic/contents""},""followers"":{""href"":""https://api.are.na/v3/channels/sunvase-graphic/followers""},""connections"":{""href"":""https://api.are.na/v3/channels/sunvase-graphic/connections""}},""counts"":{""blocks"":221,""channels"":21,""contents"":242,""collaborators"":0},""metadata"":null,""created_at"":""2026-01-26T06:11:44Z"",""updated_at"":""2026-07-27T07:46:06Z"",""visibility"":""closed"",""description"":null,""collaborators"":[]}","2026-07-27 20:43:09.584442","4747027","sunvase-graphic","sunvase graphic",,"221","89"
"95","{""id"":5329195,""can"":{""add_to"":false,""update"":false,""destroy"":false,""manage_collaborators"":false},""slug"":""to-print-auae4gez4dy"",""type"":""Channel"",""owner"":{""id"":1026453,""name"":""Jon Goldman"",""slug"":""jon-goldman"",""type"":""User"",""avatar"":null,""initials"":""JG""},""state"":""available"",""title"":""to print"",""_links"":{""self"":{""href"":""https://api.are.na/v3/channels/to-print-auae4gez4dy""},""owner"":{""href"":""https://api.are.na/v3/users/jon-goldman""},""contents"":{""href"":""https://api.are.na/v3/channels/to-print-auae4gez4dy/contents""},""followers"":{""href"":""https://api.are.na/v3/channels/to-print-auae4gez4dy/followers""},""connections"":{""href"":""https://api.are.na/v3/channels/to-print-auae4gez4dy/connections""}},""counts"":{""blocks"":298,""channels"":0,""contents"":298,""collaborators"":0},""metadata"":null,""created_at"":""2026-06-18T15:34:24Z"",""updated_at"":""2026-07-27T03:55:57Z"",""visibility"":""closed"",""description"":null,""collaborators"":[]}","2026-07-27 20:43:49.084299","5329195","to-print-auae4gez4dy","to print",,"298","90"
"96","{""id"":5327080,""can"":{""add_to"":false,""update"":false,""destroy"":false,""manage_collaborators"":false},""slug"":""icptqv6hr-a"",""type"":""Channel"",""owner"":{""id"":1510887,""name"":""W Y"",""slug"":""w-y-ollhn_9p8cu"",""type"":""User"",""avatar"":null,""initials"":""WY""},""state"":""available"",""title"":""二维动态"",""_links"":{""self"":{""href"":""https://api.are.na/v3/channels/icptqv6hr-a""},""owner"":{""href"":""https://api.are.na/v3/users/w-y-ollhn_9p8cu""},""contents"":{""href"":""https://api.are.na/v3/channels/icptqv6hr-a/contents""},""followers"":{""href"":""https://api.are.na/v3/channels/icptqv6hr-a/followers""},""connections"":{""href"":""https://api.are.na/v3/channels/icptqv6hr-a/connections""}},""counts"":{""blocks"":34,""channels"":0,""contents"":34,""collaborators"":0},""metadata"":null,""created_at"":""2026-06-18T03:02:47Z"",""updated_at"":""2026-07-01T05:40:29Z"",""visibility"":""closed"",""description"":null,""collaborators"":[]}","2026-07-27 20:44:39.141277","5327080","icptqv6hr-a","二维动态",,"34","91"
"97","{""id"":5209133,""can"":{""add_to"":false,""update"":false,""destroy"":false,""manage_collaborators"":false},""slug"":""graphics-ifanil3wkps"",""type"":""Channel"",""owner"":{""id"":1077272,""name"":""Ambre Blanchard"",""slug"":""ambre-blanchard"",""type"":""User"",""avatar"":null,""initials"":""AB""},""state"":""available"",""title"":""graphics."",""_links"":{""self"":{""href"":""https://api.are.na/v3/channels/graphics-ifanil3wkps""},""owner"":{""href"":""https://api.are.na/v3/users/ambre-blanchard""},""contents"":{""href"":""https://api.are.na/v3/channels/graphics-ifanil3wkps/contents""},""followers"":{""href"":""https://api.are.na/v3/channels/graphics-ifanil3wkps/followers""},""connections"":{""href"":""https://api.are.na/v3/channels/graphics-ifanil3wkps/connections""}},""counts"":{""blocks"":31,""channels"":3,""contents"":34,""collaborators"":0},""metadata"":null,""created_at"":""2026-05-22T07:51:59Z"",""updated_at"":""2026-05-29T12:12:11Z"",""visibility"":""closed"",""description"":null,""collaborators"":[]}","2026-07-27 20:45:05.721223","5209133","graphics-ifanil3wkps","graphics.",,"31","92"
"98","{""id"":2213479,""can"":{""add_to"":false,""update"":false,""destroy"":false,""manage_collaborators"":false},""slug"":""photo-manipulate"",""type"":""Channel"",""owner"":{""id"":534072,""name"":""Mitch Wilson"",""slug"":""mitch-wilson"",""type"":""User"",""avatar"":null,""initials"":""MW""},""state"":""available"",""title"":""Photo: Manipulate"",""_links"":{""self"":{""href"":""https://api.are.na/v3/channels/photo-manipulate""},""owner"":{""href"":""https://api.are.na/v3/users/mitch-wilson""},""contents"":{""href"":""https://api.are.na/v3/channels/photo-manipulate/contents""},""followers"":{""href"":""https://api.are.na/v3/channels/photo-manipulate/followers""},""connections"":{""href"":""https://api.are.na/v3/channels/photo-manipulate/connections""}},""counts"":{""blocks"":825,""channels"":7,""contents"":832,""collaborators"":0},""metadata"":null,""created_at"":""2023-06-04T17:37:14Z"",""updated_at"":""2026-07-23T21:29:25Z"",""visibility"":""closed"",""description"":null,""collaborators"":[]}","2026-07-27 20:45:32.4724","2213479","photo-manipulate","Photo: Manipulate",,"825","93"
"99","{""id"":4771945,""can"":{""add_to"":false,""update"":false,""destroy"":false,""manage_collaborators"":false},""slug"":""tnt-brand-building"",""type"":""Channel"",""owner"":{""id"":300352,""name"":""Midamo Design"",""slug"":""midamo-design"",""type"":""User"",""avatar"":""https://static.avatars.are.na/300352/large_808432603eb33acd6cf64da50c65bc1f.png?1647920447"",""initials"":""MD""},""state"":""available"",""title"":""TNT Brand Building"",""_links"":{""self"":{""href"":""https://api.are.na/v3/channels/tnt-brand-building""},""owner"":{""href"":""https://api.are.na/v3/users/midamo-design""},""contents"":{""href"":""https://api.are.na/v3/channels/tnt-brand-building/contents""},""followers"":{""href"":""https://api.are.na/v3/channels/tnt-brand-building/followers""},""connections"":{""href"":""https://api.are.na/v3/channels/tnt-brand-building/connections""}},""counts"":{""blocks"":209,""channels"":5,""contents"":214,""collaborators"":0},""metadata"":null,""created_at"":""2026-01-31T21:09:45Z"",""updated_at"":""2026-07-16T14:39:10Z"",""visibility"":""closed"",""description"":null,""collaborators"":[]}","2026-07-27 20:47:01.903276","4771945","tnt-brand-building","TNT Brand Building",,"209","94"
"100","{""id"":2671552,""can"":{""add_to"":false,""update"":false,""destroy"":false,""manage_collaborators"":false},""slug"":""thing_s"",""type"":""Channel"",""owner"":{""id"":445688,""name"":""Dmitrii Erlihman"",""slug"":""dmitrii-erlihman"",""type"":""User"",""avatar"":""https://static.avatars.are.na/445688/large_b1b07c1cf61055013040dfa177165cf0.jpg?1743591675"",""initials"":""DE""},""state"":""available"",""title"":""thing_s"",""_links"":{""self"":{""href"":""https://api.are.na/v3/channels/thing_s""},""owner"":{""href"":""https://api.are.na/v3/users/dmitrii-erlihman""},""contents"":{""href"":""https://api.are.na/v3/channels/thing_s/contents""},""followers"":{""href"":""https://api.are.na/v3/channels/thing_s/followers""},""connections"":{""href"":""https://api.are.na/v3/channels/thing_s/connections""}},""counts"":{""blocks"":1290,""channels"":20,""contents"":1310,""collaborators"":0},""metadata"":null,""created_at"":""2024-02-12T16:19:25Z"",""updated_at"":""2026-07-27T15:33:36Z"",""visibility"":""closed"",""description"":null,""collaborators"":[]}","2026-07-27 20:47:44.182536","2671552","thing_s","thing_s",,"1290","95"
"101","{""id"":3049074,""can"":{""add_to"":false,""update"":false,""destroy"":false,""manage_collaborators"":false},""slug"":""dd_oh_that-s_nice"",""type"":""Channel"",""owner"":{""id"":18043,""name"":""DOMINIC"",""slug"":""dominic"",""type"":""Group"",""avatar"":null,""initials"":""D""},""state"":""available"",""title"":""DD_Oh_That's_Nice"",""_links"":{""self"":{""href"":""https://api.are.na/v3/channels/dd_oh_that-s_nice""},""owner"":{""href"":""https://api.are.na/v3/groups/dominic""},""contents"":{""href"":""https://api.are.na/v3/channels/dd_oh_that-s_nice/contents""},""followers"":{""href"":""https://api.are.na/v3/channels/dd_oh_that-s_nice/followers""},""connections"":{""href"":""https://api.are.na/v3/channels/dd_oh_that-s_nice/connections""}},""counts"":{""blocks"":1903,""channels"":2,""contents"":1905,""collaborators"":1},""metadata"":null,""created_at"":""2024-08-02T12:33:36Z"",""updated_at"":""2026-07-24T02:42:28Z"",""visibility"":""closed"",""description"":{""html"":""<p>A collection of digital experiments and natural occurrences, but mostly digital experiments about natural occurrences.</p>"",""plain"":""A collection of digital experiments and natural occurrences, but mostly digital experiments about natural occurrences."",""markdown"":""A collection of digital experiments and natural occurrences, but mostly digital experiments about natural occurrences.""},""collaborators"":[{""id"":323018,""name"":""Daan Dominic"",""slug"":""daan-dominic"",""type"":""User"",""_links"":{""self"":{""href"":""https://api.are.na/v3/users/daan-dominic""}},""avatar"":""https://static.avatars.are.na/323018/large_a03a41f77a6f912dfd6863c15a2a12e1.png?1707391492"",""initials"":""DD""}]}","2026-07-27 20:49:52.952038","3049074","dd_oh_that-s_nice","DD_Oh_That's_Nice","A collection of digital experiments and natural occurrences, but mostly digital experiments about natural occurrences.","1903",
"102","{""id"":4507678,""can"":{""add_to"":false,""update"":false,""destroy"":false,""manage_collaborators"":false},""slug"":""stuff-zcbcavantta"",""type"":""Channel"",""owner"":{""id"":1026453,""name"":""Jon Goldman"",""slug"":""jon-goldman"",""type"":""User"",""avatar"":null,""initials"":""JG""},""state"":""available"",""title"":""stuff"",""_links"":{""self"":{""href"":""https://api.are.na/v3/channels/stuff-zcbcavantta""},""owner"":{""href"":""https://api.are.na/v3/users/jon-goldman""},""contents"":{""href"":""https://api.are.na/v3/channels/stuff-zcbcavantta/contents""},""followers"":{""href"":""https://api.are.na/v3/channels/stuff-zcbcavantta/followers""},""connections"":{""href"":""https://api.are.na/v3/channels/stuff-zcbcavantta/connections""}},""counts"":{""blocks"":1824,""channels"":1,""contents"":1825,""collaborators"":0},""metadata"":null,""created_at"":""2025-11-26T15:21:11Z"",""updated_at"":""2026-07-21T15:55:39Z"",""visibility"":""closed"",""description"":null,""collaborators"":[]}","2026-07-27 20:53:05.759687","4507678","stuff-zcbcavantta","stuff",,"1824","90"
"103","{""id"":2934106,""can"":{""add_to"":false,""update"":false,""destroy"":false,""manage_collaborators"":false},""slug"":""photo-real-mk_bfm4cqn4"",""type"":""Channel"",""owner"":{""id"":706408,""name"":""LOUIS BIDOT-NAUDE"",""slug"":""louis-bidot-naude"",""type"":""User"",""avatar"":""https://static.avatars.are.na/706408/large_26c5fdff9c257e116cd15d577b42237c.png?1759907500"",""initials"":""LB""},""state"":""available"",""title"":""PHOTO / REAL"",""_links"":{""self"":{""href"":""https://api.are.na/v3/channels/photo-real-mk_bfm4cqn4""},""owner"":{""href"":""https://api.are.na/v3/users/louis-bidot-naude""},""contents"":{""href"":""https://api.are.na/v3/channels/photo-real-mk_bfm4cqn4/contents""},""followers"":{""href"":""https://api.are.na/v3/channels/photo-real-mk_bfm4cqn4/followers""},""connections"":{""href"":""https://api.are.na/v3/channels/photo-real-mk_bfm4cqn4/connections""}},""counts"":{""blocks"":878,""channels"":34,""contents"":912,""collaborators"":0},""metadata"":null,""created_at"":""2024-06-13T12:37:34Z"",""updated_at"":""2026-07-27T15:07:55Z"",""visibility"":""closed"",""description"":null,""collaborators"":[]}","2026-07-27 20:56:03.785933","2934106","photo-real-mk_bfm4cqn4","PHOTO / REAL",,"878","97"
"104","{""id"":4564896,""can"":{""add_to"":false,""update"":false,""destroy"":false,""manage_collaborators"":false},""slug"":""moods-tvxjqk0ldmy"",""type"":""Channel"",""owner"":{""id"":177021,""name"":""trent e"",""slug"":""trent-e"",""type"":""User"",""avatar"":""https://static.avatars.are.na/177021/large_df097a70d6c56ab5ee5b4a194c024890.png?1636497461"",""initials"":""te""},""state"":""available"",""title"":""moods"",""_links"":{""self"":{""href"":""https://api.are.na/v3/channels/moods-tvxjqk0ldmy""},""owner"":{""href"":""https://api.are.na/v3/users/trent-e""},""contents"":{""href"":""https://api.are.na/v3/channels/moods-tvxjqk0ldmy/contents""},""followers"":{""href"":""https://api.are.na/v3/channels/moods-tvxjqk0ldmy/followers""},""connections"":{""href"":""https://api.are.na/v3/channels/moods-tvxjqk0ldmy/connections""}},""counts"":{""blocks"":29,""channels"":1,""contents"":30,""collaborators"":0},""metadata"":null,""created_at"":""2025-12-11T15:33:48Z"",""updated_at"":""2026-02-23T22:41:18Z"",""visibility"":""closed"",""description"":null,""collaborators"":[]}","2026-07-27 20:57:35.322264","4564896","moods-tvxjqk0ldmy","moods",,"29","98"
"105","{""id"":4442908,""can"":{""add_to"":false,""update"":false,""destroy"":false,""manage_collaborators"":false},""slug"":""miscellaneous-likes"",""type"":""Channel"",""owner"":{""id"":1132511,""name"":""Nate Nelson"",""slug"":""nate-nelson"",""type"":""User"",""avatar"":null,""initials"":""NN""},""state"":""available"",""title"":""Miscellaneous Likes"",""_links"":{""self"":{""href"":""https://api.are.na/v3/channels/miscellaneous-likes""},""owner"":{""href"":""https://api.are.na/v3/users/nate-nelson""},""contents"":{""href"":""https://api.are.na/v3/channels/miscellaneous-likes/contents""},""followers"":{""href"":""https://api.are.na/v3/channels/miscellaneous-likes/followers""},""connections"":{""href"":""https://api.are.na/v3/channels/miscellaneous-likes/connections""}},""counts"":{""blocks"":35,""channels"":0,""contents"":35,""collaborators"":0},""metadata"":null,""created_at"":""2025-11-10T16:02:03Z"",""updated_at"":""2025-12-01T15:30:30Z"",""visibility"":""closed"",""description"":null,""collaborators"":[]}","2026-07-27 20:58:01.009219","4442908","miscellaneous-likes","Miscellaneous Likes",,"35","99"
"106","{""id"":4447533,""can"":{""add_to"":false,""update"":false,""destroy"":false,""manage_collaborators"":false},""slug"":""gradient-inspo-gradient-tools"",""type"":""Channel"",""owner"":{""id"":23774,""name"":""Junsun Ko"",""slug"":""junsun-ko"",""type"":""User"",""avatar"":""https://static.avatars.are.na/23774/large_442898f43cdf04cd86ab2958226f5ffe.jpg?1655337435"",""initials"":""JK""},""state"":""available"",""title"":""Gradient Inspo / Gradient Tools"",""_links"":{""self"":{""href"":""https://api.are.na/v3/channels/gradient-inspo-gradient-tools""},""owner"":{""href"":""https://api.are.na/v3/users/junsun-ko""},""contents"":{""href"":""https://api.are.na/v3/channels/gradient-inspo-gradient-tools/contents""},""followers"":{""href"":""https://api.are.na/v3/channels/gradient-inspo-gradient-tools/followers""},""connections"":{""href"":""https://api.are.na/v3/channels/gradient-inspo-gradient-tools/connections""}},""counts"":{""blocks"":108,""channels"":2,""contents"":110,""collaborators"":0},""metadata"":null,""created_at"":""2025-11-11T15:45:38Z"",""updated_at"":""2026-07-16T09:17:33Z"",""visibility"":""closed"",""description"":null,""collaborators"":[]}","2026-07-27 20:58:23.818405","4447533","gradient-inspo-gradient-tools","Gradient Inspo / Gradient Tools",,"108","100"
"107","{""id"":117398,""can"":{""add_to"":false,""update"":false,""destroy"":false,""manage_collaborators"":false},""slug"":""people-1513776330"",""type"":""Channel"",""owner"":{""id"":13978,""name"":""Nathan Reichenthal"",""slug"":""nathan-reichenthal"",""type"":""User"",""avatar"":null,""initials"":""NR""},""state"":""available"",""title"":""People"",""_links"":{""self"":{""href"":""https://api.are.na/v3/channels/people-1513776330""},""owner"":{""href"":""https://api.are.na/v3/users/nathan-reichenthal""},""contents"":{""href"":""https://api.are.na/v3/channels/people-1513776330/contents""},""followers"":{""href"":""https://api.are.na/v3/channels/people-1513776330/followers""},""connections"":{""href"":""https://api.are.na/v3/channels/people-1513776330/connections""}},""counts"":{""blocks"":158,""channels"":7,""contents"":165,""collaborators"":0},""metadata"":null,""created_at"":""2017-12-20T13:25:30Z"",""updated_at"":""2026-06-20T21:14:29Z"",""visibility"":""closed"",""description"":null,""collaborators"":[]}","2026-07-27 20:59:15.031007","117398","people-1513776330","People",,"158","101"
"108","{""id"":1910047,""can"":{""add_to"":false,""update"":false,""destroy"":false,""manage_collaborators"":false},""slug"":""drawing-graphic"",""type"":""Channel"",""owner"":{""id"":296915,""name"":""Jakub Węgrzynowicz"",""slug"":""jakub-wegrzynowicz"",""type"":""User"",""avatar"":null,""initials"":""JW""},""state"":""available"",""title"":""drawing: Graphic"",""_links"":{""self"":{""href"":""https://api.are.na/v3/channels/drawing-graphic""},""owner"":{""href"":""https://api.are.na/v3/users/jakub-wegrzynowicz""},""contents"":{""href"":""https://api.are.na/v3/channels/drawing-graphic/contents""},""followers"":{""href"":""https://api.are.na/v3/channels/drawing-graphic/followers""},""connections"":{""href"":""https://api.are.na/v3/channels/drawing-graphic/connections""}},""counts"":{""blocks"":107,""channels"":7,""contents"":114,""collaborators"":0},""metadata"":null,""created_at"":""2022-12-15T22:20:08Z"",""updated_at"":""2026-07-19T15:29:39Z"",""visibility"":""closed"",""description"":null,""collaborators"":[]}","2026-07-27 21:00:18.017644","1910047","drawing-graphic","drawing: Graphic",,"107","102"
"109","{""id"":2665500,""can"":{""add_to"":false,""update"":false,""destroy"":false,""manage_collaborators"":false},""slug"":""visual-jems"",""type"":""Channel"",""owner"":{""id"":638411,""name"":""Sasha Ferri"",""slug"":""sasha-ferri"",""type"":""User"",""avatar"":null,""initials"":""SF""},""state"":""available"",""title"":""Visual Jems"",""_links"":{""self"":{""href"":""https://api.are.na/v3/channels/visual-jems""},""owner"":{""href"":""https://api.are.na/v3/users/sasha-ferri""},""contents"":{""href"":""https://api.are.na/v3/channels/visual-jems/contents""},""followers"":{""href"":""https://api.are.na/v3/channels/visual-jems/followers""},""connections"":{""href"":""https://api.are.na/v3/channels/visual-jems/connections""}},""counts"":{""blocks"":384,""channels"":51,""contents"":435,""collaborators"":0},""metadata"":null,""created_at"":""2024-02-09T08:32:06Z"",""updated_at"":""2026-07-27T07:00:48Z"",""visibility"":""closed"",""description"":null,""collaborators"":[]}","2026-07-27 21:00:49.241071","2665500","visual-jems","Visual Jems",,"384","103"
"110","{""id"":3348159,""can"":{""add_to"":false,""update"":false,""destroy"":false,""manage_collaborators"":false},""slug"":""onm-online"",""type"":""Channel"",""owner"":{""id"":821440,""name"":""Mike Onuchin"",""slug"":""mike-onuchin"",""type"":""User"",""avatar"":null,""initials"":""MO""},""state"":""available"",""title"":""onm.online"",""_links"":{""self"":{""href"":""https://api.are.na/v3/channels/onm-online""},""owner"":{""href"":""https://api.are.na/v3/users/mike-onuchin""},""contents"":{""href"":""https://api.are.na/v3/channels/onm-online/contents""},""followers"":{""href"":""https://api.are.na/v3/channels/onm-online/followers""},""connections"":{""href"":""https://api.are.na/v3/channels/onm-online/connections""}},""counts"":{""blocks"":200,""channels"":0,""contents"":200,""collaborators"":0},""metadata"":null,""created_at"":""2024-11-23T10:10:16Z"",""updated_at"":""2026-06-09T17:06:06Z"",""visibility"":""closed"",""description"":null,""collaborators"":[]}","2026-07-27 21:01:42.801043","3348159","onm-online","onm.online",,"200","104"
"111","{""id"":675693,""can"":{""add_to"":false,""update"":false,""destroy"":false,""manage_collaborators"":false},""slug"":""effects-orkj3lftx40"",""type"":""Channel"",""owner"":{""id"":137939,""name"":""Joshua Abejo"",""slug"":""joshua-abejo"",""type"":""User"",""avatar"":""https://static.avatars.are.na/137939/large_6e1428bd012520f954f0795566e91adc.jpg?1707252149"",""initials"":""JA""},""state"":""available"",""title"":""Effects"",""_links"":{""self"":{""href"":""https://api.are.na/v3/channels/effects-orkj3lftx40""},""owner"":{""href"":""https://api.are.na/v3/users/joshua-abejo""},""contents"":{""href"":""https://api.are.na/v3/channels/effects-orkj3lftx40/contents""},""followers"":{""href"":""https://api.are.na/v3/channels/effects-orkj3lftx40/followers""},""connections"":{""href"":""https://api.are.na/v3/channels/effects-orkj3lftx40/connections""}},""counts"":{""blocks"":535,""channels"":5,""contents"":540,""collaborators"":0},""metadata"":null,""created_at"":""2020-04-30T17:29:25Z"",""updated_at"":""2026-06-16T18:17:35Z"",""visibility"":""closed"",""description"":null,""collaborators"":[]}","2026-07-27 21:02:20.856239","675693","effects-orkj3lftx40","Effects",,"535","5"
"112","{""id"":690733,""can"":{""add_to"":false,""update"":false,""destroy"":false,""manage_collaborators"":false},""slug"":""treatment-ok4da_igcbg"",""type"":""Channel"",""owner"":{""id"":38619,""name"":""Katya Sikacheva"",""slug"":""katya-sikacheva"",""type"":""User"",""avatar"":""https://static.avatars.are.na/38619/large_776addad67c87ce5967ebe14de4bf913.jpg?1569832108"",""initials"":""KS""},""state"":""available"",""title"":""treatment"",""_links"":{""self"":{""href"":""https://api.are.na/v3/channels/treatment-ok4da_igcbg""},""owner"":{""href"":""https://api.are.na/v3/users/katya-sikacheva""},""contents"":{""href"":""https://api.are.na/v3/channels/treatment-ok4da_igcbg/contents""},""followers"":{""href"":""https://api.are.na/v3/channels/treatment-ok4da_igcbg/followers""},""connections"":{""href"":""https://api.are.na/v3/channels/treatment-ok4da_igcbg/connections""}},""counts"":{""blocks"":95,""channels"":0,""contents"":95,""collaborators"":0},""metadata"":null,""created_at"":""2020-05-13T19:42:16Z"",""updated_at"":""2026-07-27T06:10:11Z"",""visibility"":""closed"",""description"":null,""collaborators"":[]}","2026-07-27 21:03:27.078604","690733","treatment-ok4da_igcbg","treatment",,"95","106"
"113","{""id"":3833822,""can"":{""add_to"":false,""update"":false,""destroy"":false,""manage_collaborators"":false},""slug"":""gradual-opimk9f1v1i"",""type"":""Channel"",""owner"":{""id"":639819,""name"":""Katy Wai"",""slug"":""katy-wai"",""type"":""User"",""avatar"":null,""initials"":""KW""},""state"":""available"",""title"":""Gradual "",""_links"":{""self"":{""href"":""https://api.are.na/v3/channels/gradual-opimk9f1v1i""},""owner"":{""href"":""https://api.are.na/v3/users/katy-wai""},""contents"":{""href"":""https://api.are.na/v3/channels/gradual-opimk9f1v1i/contents""},""followers"":{""href"":""https://api.are.na/v3/channels/gradual-opimk9f1v1i/followers""},""connections"":{""href"":""https://api.are.na/v3/channels/gradual-opimk9f1v1i/connections""}},""counts"":{""blocks"":34,""channels"":0,""contents"":34,""collaborators"":0},""metadata"":null,""created_at"":""2025-05-19T23:33:08Z"",""updated_at"":""2026-05-05T16:27:34Z"",""visibility"":""closed"",""description"":null,""collaborators"":[]}","2026-07-27 21:03:54.115954","3833822","gradual-opimk9f1v1i","Gradual ",,"34","107"
"114","{""id"":3691609,""can"":{""add_to"":false,""update"":false,""destroy"":false,""manage_collaborators"":false},""slug"":""fs17"",""type"":""Channel"",""owner"":{""id"":340811,""name"":""sara echeveste"",""slug"":""sara-echeveste"",""type"":""User"",""avatar"":null,""initials"":""se""},""state"":""available"",""title"":""fs17"",""_links"":{""self"":{""href"":""https://api.are.na/v3/channels/fs17""},""owner"":{""href"":""https://api.are.na/v3/users/sara-echeveste""},""contents"":{""href"":""https://api.are.na/v3/channels/fs17/contents""},""followers"":{""href"":""https://api.are.na/v3/channels/fs17/followers""},""connections"":{""href"":""https://api.are.na/v3/channels/fs17/connections""}},""counts"":{""blocks"":81,""channels"":0,""contents"":81,""collaborators"":0},""metadata"":null,""created_at"":""2025-03-30T20:04:43Z"",""updated_at"":""2026-04-22T11:12:12Z"",""visibility"":""closed"",""description"":null,""collaborators"":[]}","2026-07-27 21:04:19.778106","3691609","fs17","fs17",,"81","108"
"115","{""id"":3754080,""can"":{""add_to"":false,""update"":false,""destroy"":false,""manage_collaborators"":false},""slug"":""daily-appreciations"",""type"":""Channel"",""owner"":{""id"":168566,""name"":""teo kolev"",""slug"":""teo-kolev"",""type"":""User"",""avatar"":null,""initials"":""tk""},""state"":""available"",""title"":""daily appreciations"",""_links"":{""self"":{""href"":""https://api.are.na/v3/channels/daily-appreciations""},""owner"":{""href"":""https://api.are.na/v3/users/teo-kolev""},""contents"":{""href"":""https://api.are.na/v3/channels/daily-appreciations/contents""},""followers"":{""href"":""https://api.are.na/v3/channels/daily-appreciations/followers""},""connections"":{""href"":""https://api.are.na/v3/channels/daily-appreciations/connections""}},""counts"":{""blocks"":50,""channels"":0,""contents"":50,""collaborators"":0},""metadata"":null,""created_at"":""2025-04-21T20:53:34Z"",""updated_at"":""2025-11-03T14:35:41Z"",""visibility"":""closed"",""description"":null,""collaborators"":[]}","2026-07-27 21:04:45.626915","3754080","daily-appreciations","daily appreciations",,"50","109"
"116","{""id"":3944836,""can"":{""add_to"":false,""update"":false,""destroy"":false,""manage_collaborators"":false},""slug"":""three-zero-zero-six"",""type"":""Channel"",""owner"":{""id"":55173,""name"":""toby m"",""slug"":""toby-m-fzrjb3iit-o"",""type"":""User"",""avatar"":null,""initials"":""tm""},""state"":""available"",""title"":""3006"",""_links"":{""self"":{""href"":""https://api.are.na/v3/channels/three-zero-zero-six""},""owner"":{""href"":""https://api.are.na/v3/users/toby-m-fzrjb3iit-o""},""contents"":{""href"":""https://api.are.na/v3/channels/three-zero-zero-six/contents""},""followers"":{""href"":""https://api.are.na/v3/channels/three-zero-zero-six/followers""},""connections"":{""href"":""https://api.are.na/v3/channels/three-zero-zero-six/connections""}},""counts"":{""blocks"":112,""channels"":1,""contents"":113,""collaborators"":0},""metadata"":null,""created_at"":""2025-06-30T10:45:48Z"",""updated_at"":""2026-04-28T04:30:39Z"",""visibility"":""closed"",""description"":null,""collaborators"":[]}","2026-07-27 21:05:11.929974","3944836","three-zero-zero-six","3006",,"112","110"
"117","{""id"":1484653,""can"":{""add_to"":false,""update"":false,""destroy"":false,""manage_collaborators"":false},""slug"":""photography-awrtylxazj0"",""type"":""Channel"",""owner"":{""id"":296339,""name"":""Marius Trinkunas"",""slug"":""marius-trinkunas"",""type"":""User"",""avatar"":""https://static.avatars.are.na/296339/large_3255b7b419083b84b91bef0e0814cd87.png?1759176606"",""initials"":""MT""},""state"":""available"",""title"":""Photography"",""_links"":{""self"":{""href"":""https://api.are.na/v3/channels/photography-awrtylxazj0""},""owner"":{""href"":""https://api.are.na/v3/users/marius-trinkunas""},""contents"":{""href"":""https://api.are.na/v3/channels/photography-awrtylxazj0/contents""},""followers"":{""href"":""https://api.are.na/v3/channels/photography-awrtylxazj0/followers""},""connections"":{""href"":""https://api.are.na/v3/channels/photography-awrtylxazj0/connections""}},""counts"":{""blocks"":454,""channels"":72,""contents"":526,""collaborators"":0},""metadata"":null,""created_at"":""2022-03-17T18:12:45Z"",""updated_at"":""2026-07-20T10:19:53Z"",""visibility"":""closed"",""description"":null,""collaborators"":[]}","2026-07-27 21:05:44.154555","1484653","photography-awrtylxazj0","Photography",,"454","111"
"118","{""id"":1553407,""can"":{""add_to"":false,""update"":false,""destroy"":false,""manage_collaborators"":false},""slug"":""damn-good-photos"",""type"":""Channel"",""owner"":{""id"":243095,""name"":""Carson Koo"",""slug"":""carson-koo-bkryjcxmjgo"",""type"":""User"",""avatar"":null,""initials"":""CK""},""state"":""available"",""title"":""Damn Good Photos"",""_links"":{""self"":{""href"":""https://api.are.na/v3/channels/damn-good-photos""},""owner"":{""href"":""https://api.are.na/v3/users/carson-koo-bkryjcxmjgo""},""contents"":{""href"":""https://api.are.na/v3/channels/damn-good-photos/contents""},""followers"":{""href"":""https://api.are.na/v3/channels/damn-good-photos/followers""},""connections"":{""href"":""https://api.are.na/v3/channels/damn-good-photos/connections""}},""counts"":{""blocks"":811,""channels"":42,""contents"":853,""collaborators"":0},""metadata"":null,""created_at"":""2022-04-30T12:03:29Z"",""updated_at"":""2026-06-30T10:36:13Z"",""visibility"":""closed"",""description"":null,""collaborators"":[]}","2026-07-27 21:06:40.24081","1553407","damn-good-photos","Damn Good Photos",,"811","16"
"119","{""id"":3706893,""can"":{""add_to"":false,""update"":false,""destroy"":false,""manage_collaborators"":false},""slug"":""aura-x7kfu4avvhg"",""type"":""Channel"",""owner"":{""id"":106602,""name"":""Bob LR"",""slug"":""bob-lr"",""type"":""User"",""avatar"":null,""initials"":""BL""},""state"":""available"",""title"":""Aura"",""_links"":{""self"":{""href"":""https://api.are.na/v3/channels/aura-x7kfu4avvhg""},""owner"":{""href"":""https://api.are.na/v3/users/bob-lr""},""contents"":{""href"":""https://api.are.na/v3/channels/aura-x7kfu4avvhg/contents""},""followers"":{""href"":""https://api.are.na/v3/channels/aura-x7kfu4avvhg/followers""},""connections"":{""href"":""https://api.are.na/v3/channels/aura-x7kfu4avvhg/connections""}},""counts"":{""blocks"":76,""channels"":4,""contents"":80,""collaborators"":0},""metadata"":null,""created_at"":""2025-04-04T18:31:09Z"",""updated_at"":""2026-03-20T13:37:35Z"",""visibility"":""closed"",""description"":null,""collaborators"":[]}","2026-07-27 21:08:07.871018","3706893","aura-x7kfu4avvhg","Aura",,"76","113"
"120","{""id"":3672768,""can"":{""add_to"":false,""update"":false,""destroy"":false,""manage_collaborators"":false},""slug"":""mood-earthen"",""type"":""Channel"",""owner"":{""id"":860187,""name"":""T D"",""slug"":""t-d-5qrsyx9svsg"",""type"":""User"",""avatar"":null,""initials"":""TD""},""state"":""available"",""title"":""<mood> earthen"",""_links"":{""self"":{""href"":""https://api.are.na/v3/channels/mood-earthen""},""owner"":{""href"":""https://api.are.na/v3/users/t-d-5qrsyx9svsg""},""contents"":{""href"":""https://api.are.na/v3/channels/mood-earthen/contents""},""followers"":{""href"":""https://api.are.na/v3/channels/mood-earthen/followers""},""connections"":{""href"":""https://api.are.na/v3/channels/mood-earthen/connections""}},""counts"":{""blocks"":115,""channels"":1,""contents"":116,""collaborators"":0},""metadata"":null,""created_at"":""2025-03-24T07:53:24Z"",""updated_at"":""2026-04-07T18:11:50Z"",""visibility"":""closed"",""description"":null,""collaborators"":[]}","2026-07-27 21:08:36.096607","3672768","mood-earthen","<mood> earthen",,"115","114"
"121","{""id"":3633767,""can"":{""add_to"":false,""update"":false,""destroy"":false,""manage_collaborators"":false},""slug"":""pride-rdrqsu_wg0c"",""type"":""Channel"",""owner"":{""id"":312470,""name"":""Cillian Carroll"",""slug"":""cillian-carroll"",""type"":""User"",""avatar"":""https://static.avatars.are.na/312470/large_f837b85cf5ce086ca3d8660b8ef228a9.png?1668596423"",""initials"":""CC""},""state"":""available"",""title"":""Pride"",""_links"":{""self"":{""href"":""https://api.are.na/v3/channels/pride-rdrqsu_wg0c""},""owner"":{""href"":""https://api.are.na/v3/users/cillian-carroll""},""contents"":{""href"":""https://api.are.na/v3/channels/pride-rdrqsu_wg0c/contents""},""followers"":{""href"":""https://api.are.na/v3/channels/pride-rdrqsu_wg0c/followers""},""connections"":{""href"":""https://api.are.na/v3/channels/pride-rdrqsu_wg0c/connections""}},""counts"":{""blocks"":389,""channels"":14,""contents"":403,""collaborators"":1},""metadata"":null,""created_at"":""2025-03-10T10:24:16Z"",""updated_at"":""2026-04-08T09:06:27Z"",""visibility"":""closed"",""description"":null,""collaborators"":[{""id"":182150,""name"":""Helena Postigo"",""slug"":""helena-postigo"",""type"":""User"",""_links"":{""self"":{""href"":""https://api.are.na/v3/users/helena-postigo""}},""avatar"":null,""initials"":""HP""}]}","2026-07-27 21:09:09.583806","3633767","pride-rdrqsu_wg0c","Pride",,"389","115"
"122","{""id"":3435025,""can"":{""add_to"":false,""update"":false,""destroy"":false,""manage_collaborators"":false},""slug"":""spin-back-pd1-d3su8g8"",""type"":""Channel"",""owner"":{""id"":836657,""name"":""Zwa Inyoni"",""slug"":""zwa-inyoni"",""type"":""User"",""avatar"":""https://static.avatars.are.na/836657/large_539fc06bc6a29403f27e7c69188a0753.jpg?1770825914"",""initials"":""ZI""},""state"":""available"",""title"":""SpiN BAcK"",""_links"":{""self"":{""href"":""https://api.are.na/v3/channels/spin-back-pd1-d3su8g8""},""owner"":{""href"":""https://api.are.na/v3/users/zwa-inyoni""},""contents"":{""href"":""https://api.are.na/v3/channels/spin-back-pd1-d3su8g8/contents""},""followers"":{""href"":""https://api.are.na/v3/channels/spin-back-pd1-d3su8g8/followers""},""connections"":{""href"":""https://api.are.na/v3/channels/spin-back-pd1-d3su8g8/connections""}},""counts"":{""blocks"":199,""channels"":1,""contents"":200,""collaborators"":0},""metadata"":null,""created_at"":""2025-01-01T19:43:57Z"",""updated_at"":""2026-07-19T00:21:33Z"",""visibility"":""public"",""description"":{""html"":""<p>Stuff I need to come back to</p>"",""plain"":""Stuff I need to come back to"",""markdown"":""Stuff I need to come back to""},""collaborators"":[]}","2026-07-27 21:10:01.952165","3435025","spin-back-pd1-d3su8g8","SpiN BAcK","Stuff I need to come back to","199","116"
"123","{""id"":3515915,""can"":{""add_to"":false,""update"":false,""destroy"":false,""manage_collaborators"":false},""slug"":""sleepspace"",""type"":""Channel"",""owner"":{""id"":505958,""name"":""Oliver Weglinski"",""slug"":""oliver-weglinski-4sqldotbvwq"",""type"":""User"",""avatar"":null,""initials"":""OW""},""state"":""available"",""title"":""SleepSpace"",""_links"":{""self"":{""href"":""https://api.are.na/v3/channels/sleepspace""},""owner"":{""href"":""https://api.are.na/v3/users/oliver-weglinski-4sqldotbvwq""},""contents"":{""href"":""https://api.are.na/v3/channels/sleepspace/contents""},""followers"":{""href"":""https://api.are.na/v3/channels/sleepspace/followers""},""connections"":{""href"":""https://api.are.na/v3/channels/sleepspace/connections""}},""counts"":{""blocks"":47,""channels"":0,""contents"":47,""collaborators"":0},""metadata"":null,""created_at"":""2025-01-29T09:04:31Z"",""updated_at"":""2025-11-10T18:09:09Z"",""visibility"":""public"",""description"":null,""collaborators"":[]}","2026-07-27 21:10:38.641411","3515915","sleepspace","SleepSpace",,"47","117"
"124","{""id"":697431,""can"":{""add_to"":false,""update"":false,""destroy"":false,""manage_collaborators"":false},""slug"":""design-element-illustrations"",""type"":""Channel"",""owner"":{""id"":56996,""name"":""Zachery Eng"",""slug"":""zachery-eng"",""type"":""User"",""avatar"":""https://static.avatars.are.na/56996/large_b7ec5271a8586c40070ceb8738a63674.jpg?1590258232"",""initials"":""ZE""},""state"":""available"",""title"":""Design / Element / Illustrations"",""_links"":{""self"":{""href"":""https://api.are.na/v3/channels/design-element-illustrations""},""owner"":{""href"":""https://api.are.na/v3/users/zachery-eng""},""contents"":{""href"":""https://api.are.na/v3/channels/design-element-illustrations/contents""},""followers"":{""href"":""https://api.are.na/v3/channels/design-element-illustrations/followers""},""connections"":{""href"":""https://api.are.na/v3/channels/design-element-illustrations/connections""}},""counts"":{""blocks"":1049,""channels"":35,""contents"":1084,""collaborators"":0},""metadata"":null,""created_at"":""2020-05-20T01:30:19Z"",""updated_at"":""2026-07-27T12:59:52Z"",""visibility"":""closed"",""description"":null,""collaborators"":[]}","2026-07-27 21:11:03.852566","697431","design-element-illustrations","Design / Element / Illustrations",,"1049","118"
"125","{""id"":2889710,""can"":{""add_to"":false,""update"":false,""destroy"":false,""manage_collaborators"":false},""slug"":""subnu-cthpckcytw0"",""type"":""Channel"",""owner"":{""id"":502297,""name"":""Lucia Ene-Lesikar"",""slug"":""lucia-ene-lesikar"",""type"":""User"",""avatar"":null,""initials"":""LE""},""state"":""available"",""title"":""SUBNU"",""_links"":{""self"":{""href"":""https://api.are.na/v3/channels/subnu-cthpckcytw0""},""owner"":{""href"":""https://api.are.na/v3/users/lucia-ene-lesikar""},""contents"":{""href"":""https://api.are.na/v3/channels/subnu-cthpckcytw0/contents""},""followers"":{""href"":""https://api.are.na/v3/channels/subnu-cthpckcytw0/followers""},""connections"":{""href"":""https://api.are.na/v3/channels/subnu-cthpckcytw0/connections""}},""counts"":{""blocks"":284,""channels"":2,""contents"":286,""collaborators"":0},""metadata"":null,""created_at"":""2024-05-25T21:41:23Z"",""updated_at"":""2026-03-10T09:27:59Z"",""visibility"":""closed"",""description"":null,""collaborators"":[]}","2026-07-27 21:12:47.443275","2889710","subnu-cthpckcytw0","SUBNU",,"284","119"
"126","{""id"":339967,""can"":{""add_to"":false,""update"":false,""destroy"":false,""manage_collaborators"":false},""slug"":""liking-tjxoctbkydm"",""type"":""Channel"",""owner"":{""id"":74315,""name"":""Sky Sanders"",""slug"":""sky-sanders"",""type"":""User"",""avatar"":""https://static.avatars.are.na/74315/large_21645db43412872d19695bdbe65304e2.jpg?1542308946"",""initials"":""SS""},""state"":""available"",""title"":""Liking"",""_links"":{""self"":{""href"":""https://api.are.na/v3/channels/liking-tjxoctbkydm""},""owner"":{""href"":""https://api.are.na/v3/users/sky-sanders""},""contents"":{""href"":""https://api.are.na/v3/channels/liking-tjxoctbkydm/contents""},""followers"":{""href"":""https://api.are.na/v3/channels/liking-tjxoctbkydm/followers""},""connections"":{""href"":""https://api.are.na/v3/channels/liking-tjxoctbkydm/connections""}},""counts"":{""blocks"":1035,""channels"":92,""contents"":1127,""collaborators"":0},""metadata"":null,""created_at"":""2019-02-21T14:15:57Z"",""updated_at"":""2026-07-17T17:21:44Z"",""visibility"":""public"",""description"":{""html"":""<p>No hesitation.</p>"",""plain"":""No hesitation."",""markdown"":""No hesitation.""},""collaborators"":[]}","2026-07-27 21:13:36.022207","339967","liking-tjxoctbkydm","Liking","No hesitation.","1035","120"
"127","{""id"":2371025,""can"":{""add_to"":false,""update"":false,""destroy"":false,""manage_collaborators"":false},""slug"":""design-source-hqg7ik8lejq"",""type"":""Channel"",""owner"":{""id"":570111,""name"":""entrance works"",""slug"":""entrance-works"",""type"":""User"",""avatar"":null,""initials"":""ew""},""state"":""available"",""title"":""Design Source"",""_links"":{""self"":{""href"":""https://api.are.na/v3/channels/design-source-hqg7ik8lejq""},""owner"":{""href"":""https://api.are.na/v3/users/entrance-works""},""contents"":{""href"":""https://api.are.na/v3/channels/design-source-hqg7ik8lejq/contents""},""followers"":{""href"":""https://api.are.na/v3/channels/design-source-hqg7ik8lejq/followers""},""connections"":{""href"":""https://api.are.na/v3/channels/design-source-hqg7ik8lejq/connections""}},""counts"":{""blocks"":196,""channels"":0,""contents"":196,""collaborators"":0},""metadata"":null,""created_at"":""2023-09-13T05:07:45Z"",""updated_at"":""2025-09-02T05:39:02Z"",""visibility"":""closed"",""description"":null,""collaborators"":[]}","2026-07-27 21:15:18.640234","2371025","design-source-hqg7ik8lejq","Design Source",,"196","121"
"128","{""id"":3075458,""can"":{""add_to"":false,""update"":false,""destroy"":false,""manage_collaborators"":false},""slug"":""period-period-dbafiig3coo"",""type"":""Channel"",""owner"":{""id"":740453,""name"":""Linda Sánchez"",""slug"":""linda-sanchez"",""type"":""User"",""avatar"":null,""initials"":""LS""},""state"":""available"",""title"":""꒰ᐢ. .ᐢ꒱₊˚⊹"",""_links"":{""self"":{""href"":""https://api.are.na/v3/channels/period-period-dbafiig3coo""},""owner"":{""href"":""https://api.are.na/v3/users/linda-sanchez""},""contents"":{""href"":""https://api.are.na/v3/channels/period-period-dbafiig3coo/contents""},""followers"":{""href"":""https://api.are.na/v3/channels/period-period-dbafiig3coo/followers""},""connections"":{""href"":""https://api.are.na/v3/channels/period-period-dbafiig3coo/connections""}},""counts"":{""blocks"":143,""channels"":0,""contents"":143,""collaborators"":0},""metadata"":null,""created_at"":""2024-08-15T09:45:53Z"",""updated_at"":""2026-07-07T14:34:46Z"",""visibility"":""closed"",""description"":{""html"":""<p>Wholesome graphics</p>"",""plain"":""Wholesome graphics"",""markdown"":""Wholesome graphics""},""collaborators"":[]}","2026-07-27 21:15:57.447975","3075458","period-period-dbafiig3coo","꒰ᐢ. .ᐢ꒱₊˚⊹","Wholesome graphics","143","122"
"129","{""id"":3041263,""can"":{""add_to"":false,""update"":false,""destroy"":false,""manage_collaborators"":false},""slug"":""illustrations-j9wwwhspi3q"",""type"":""Channel"",""owner"":{""id"":547541,""name"":""GLORIA JIANG"",""slug"":""gloria-jiang"",""type"":""User"",""avatar"":null,""initials"":""GJ""},""state"":""available"",""title"":""Illustrations"",""_links"":{""self"":{""href"":""https://api.are.na/v3/channels/illustrations-j9wwwhspi3q""},""owner"":{""href"":""https://api.are.na/v3/users/gloria-jiang""},""contents"":{""href"":""https://api.are.na/v3/channels/illustrations-j9wwwhspi3q/contents""},""followers"":{""href"":""https://api.are.na/v3/channels/illustrations-j9wwwhspi3q/followers""},""connections"":{""href"":""https://api.are.na/v3/channels/illustrations-j9wwwhspi3q/connections""}},""counts"":{""blocks"":239,""channels"":0,""contents"":239,""collaborators"":0},""metadata"":null,""created_at"":""2024-07-30T14:56:36Z"",""updated_at"":""2026-07-22T15:43:06Z"",""visibility"":""closed"",""description"":null,""collaborators"":[]}","2026-07-27 21:16:27.683286","3041263","illustrations-j9wwwhspi3q","Illustrations",,"239","123"
"130","{""id"":3013047,""can"":{""add_to"":false,""update"":false,""destroy"":false,""manage_collaborators"":false},""slug"":""generalinspo-rvcmwkqrjlq"",""type"":""Channel"",""owner"":{""id"":678295,""name"":""Paul Nash"",""slug"":""paul-nash"",""type"":""User"",""avatar"":null,""initials"":""PN""},""state"":""available"",""title"":""generalInspo"",""_links"":{""self"":{""href"":""https://api.are.na/v3/channels/generalinspo-rvcmwkqrjlq""},""owner"":{""href"":""https://api.are.na/v3/users/paul-nash""},""contents"":{""href"":""https://api.are.na/v3/channels/generalinspo-rvcmwkqrjlq/contents""},""followers"":{""href"":""https://api.are.na/v3/channels/generalinspo-rvcmwkqrjlq/followers""},""connections"":{""href"":""https://api.are.na/v3/channels/generalinspo-rvcmwkqrjlq/connections""}},""counts"":{""blocks"":754,""channels"":0,""contents"":754,""collaborators"":0},""metadata"":null,""created_at"":""2024-07-17T08:54:31Z"",""updated_at"":""2026-07-21T13:50:59Z"",""visibility"":""closed"",""description"":null,""collaborators"":[]}","2026-07-27 21:17:05.849971","3013047","generalinspo-rvcmwkqrjlq","generalInspo",,"754","124"
"131","{""id"":201096,""can"":{""add_to"":false,""update"":false,""destroy"":false,""manage_collaborators"":false},""slug"":""dump-1527974781"",""type"":""Channel"",""owner"":{""id"":55495,""name"":""angelo ⤵"",""slug"":""angelo"",""type"":""User"",""avatar"":""https://static.avatars.are.na/55495/large_d78d51cbcf7296906b6991af4eaef052.jpg?1633811810"",""initials"":""a⤵""},""state"":""available"",""title"":""Dump"",""_links"":{""self"":{""href"":""https://api.are.na/v3/channels/dump-1527974781""},""owner"":{""href"":""https://api.are.na/v3/users/angelo""},""contents"":{""href"":""https://api.are.na/v3/channels/dump-1527974781/contents""},""followers"":{""href"":""https://api.are.na/v3/channels/dump-1527974781/followers""},""connections"":{""href"":""https://api.are.na/v3/channels/dump-1527974781/connections""}},""counts"":{""blocks"":1224,""channels"":0,""contents"":1224,""collaborators"":0},""metadata"":null,""created_at"":""2018-06-02T21:26:21Z"",""updated_at"":""2026-07-23T20:00:29Z"",""visibility"":""closed"",""description"":null,""collaborators"":[]}","2026-07-27 21:18:27.874821","201096","dump-1527974781","Dump",,"1224","125"
"132","{""id"":2920650,""can"":{""add_to"":false,""update"":false,""destroy"":false,""manage_collaborators"":false},""slug"":""color-vyd-fmj0lg"",""type"":""Channel"",""owner"":{""id"":22293,""name"":""Chase Body"",""slug"":""chase-body"",""type"":""User"",""avatar"":""https://static.avatars.are.na/22293/large_46ba5e188b1e30f6d0d7d6d2888d0bed.jpg?1530047616"",""initials"":""CB""},""state"":""available"",""title"":""COLOR"",""_links"":{""self"":{""href"":""https://api.are.na/v3/channels/color-vyd-fmj0lg""},""owner"":{""href"":""https://api.are.na/v3/users/chase-body""},""contents"":{""href"":""https://api.are.na/v3/channels/color-vyd-fmj0lg/contents""},""followers"":{""href"":""https://api.are.na/v3/channels/color-vyd-fmj0lg/followers""},""connections"":{""href"":""https://api.are.na/v3/channels/color-vyd-fmj0lg/connections""}},""counts"":{""blocks"":85,""channels"":27,""contents"":112,""collaborators"":0},""metadata"":null,""created_at"":""2024-06-07T17:49:03Z"",""updated_at"":""2026-07-16T15:25:10Z"",""visibility"":""public"",""description"":null,""collaborators"":[]}","2026-07-27 21:20:36.094619","2920650","color-vyd-fmj0lg","COLOR",,"85","126"
"133","{""id"":2662248,""can"":{""add_to"":false,""update"":false,""destroy"":false,""manage_collaborators"":false},""slug"":""cocomelon-for-creatives"",""type"":""Channel"",""owner"":{""id"":361349,""name"":""achilles 💒⚔️💒"",""slug"":""achilles"",""type"":""User"",""avatar"":null,""initials"":""a💒""},""state"":""available"",""title"":""cocomelon for creatives"",""_links"":{""self"":{""href"":""https://api.are.na/v3/channels/cocomelon-for-creatives""},""owner"":{""href"":""https://api.are.na/v3/users/achilles""},""contents"":{""href"":""https://api.are.na/v3/channels/cocomelon-for-creatives/contents""},""followers"":{""href"":""https://api.are.na/v3/channels/cocomelon-for-creatives/followers""},""connections"":{""href"":""https://api.are.na/v3/channels/cocomelon-for-creatives/connections""}},""counts"":{""blocks"":44,""channels"":0,""contents"":44,""collaborators"":0},""metadata"":null,""created_at"":""2024-02-08T03:52:02Z"",""updated_at"":""2025-04-21T13:56:50Z"",""visibility"":""closed"",""description"":{""html"":""<p>bright colors. i&#39;m sure this will come in handy later</p>"",""plain"":""bright colors. i'm sure this will come in handy later"",""markdown"":""bright colors. i'm sure this will come in handy later""},""collaborators"":[]}","2026-07-27 21:21:02.139951","2662248","cocomelon-for-creatives","cocomelon for creatives","bright colors. i'm sure this will come in handy later","44","127"
"134","{""id"":2953118,""can"":{""add_to"":false,""update"":false,""destroy"":false,""manage_collaborators"":false},""slug"":""peace-in-silence"",""type"":""Channel"",""owner"":{""id"":334241,""name"":""Kelley N"",""slug"":""kelley-n"",""type"":""User"",""avatar"":""https://static.avatars.are.na/334241/large_d1509282d1a86d14cf4b525fa94164b0.png?1718899433"",""initials"":""KN""},""state"":""available"",""title"":""Peace in Silence"",""_links"":{""self"":{""href"":""https://api.are.na/v3/channels/peace-in-silence""},""owner"":{""href"":""https://api.are.na/v3/users/kelley-n""},""contents"":{""href"":""https://api.are.na/v3/channels/peace-in-silence/contents""},""followers"":{""href"":""https://api.are.na/v3/channels/peace-in-silence/followers""},""connections"":{""href"":""https://api.are.na/v3/channels/peace-in-silence/connections""}},""counts"":{""blocks"":106,""channels"":0,""contents"":106,""collaborators"":0},""metadata"":null,""created_at"":""2024-06-21T02:20:35Z"",""updated_at"":""2026-04-23T03:34:46Z"",""visibility"":""closed"",""description"":{""html"":""<p>in awe of what exists in this world</p>"",""plain"":""in awe of what exists in this world"",""markdown"":""in awe of what exists in this world""},""collaborators"":[]}","2026-07-27 21:21:28.533014","2953118","peace-in-silence","Peace in Silence","in awe of what exists in this world","106","128"
"135","{""id"":2957556,""can"":{""add_to"":false,""update"":false,""destroy"":false,""manage_collaborators"":false},""slug"":""the-world-is-everywhere-ap6-xe8x7rs"",""type"":""Channel"",""owner"":{""id"":419213,""name"":""߷ rodell warner ߷"",""slug"":""rodell-warner"",""type"":""User"",""avatar"":""https://static.avatars.are.na/419213/large_671911e4821760443ace3fc2edad4779.jpg?1760158064"",""initials"":""߷rw߷""},""state"":""available"",""title"":""the world is everywhere"",""_links"":{""self"":{""href"":""https://api.are.na/v3/channels/the-world-is-everywhere-ap6-xe8x7rs""},""owner"":{""href"":""https://api.are.na/v3/users/rodell-warner""},""contents"":{""href"":""https://api.are.na/v3/channels/the-world-is-everywhere-ap6-xe8x7rs/contents""},""followers"":{""href"":""https://api.are.na/v3/channels/the-world-is-everywhere-ap6-xe8x7rs/followers""},""connections"":{""href"":""https://api.are.na/v3/channels/the-world-is-everywhere-ap6-xe8x7rs/connections""}},""counts"":{""blocks"":100,""channels"":0,""contents"":100,""collaborators"":0},""metadata"":null,""created_at"":""2024-06-23T13:48:24Z"",""updated_at"":""2024-11-21T00:12:07Z"",""visibility"":""closed"",""description"":null,""collaborators"":[]}","2026-07-27 21:21:56.398724","2957556","the-world-is-everywhere-ap6-xe8x7rs","the world is everywhere",,"100","129"
"136","{""id"":2337149,""can"":{""add_to"":false,""update"":false,""destroy"":false,""manage_collaborators"":false},""slug"":""graphic-vibes-acy-vrir9oy"",""type"":""Channel"",""owner"":{""id"":218065,""name"":""Ninel Urban"",""slug"":""ninel-urban"",""type"":""User"",""avatar"":null,""initials"":""NU""},""state"":""available"",""title"":""GRAPHIC VIBES"",""_links"":{""self"":{""href"":""https://api.are.na/v3/channels/graphic-vibes-acy-vrir9oy""},""owner"":{""href"":""https://api.are.na/v3/users/ninel-urban""},""contents"":{""href"":""https://api.are.na/v3/channels/graphic-vibes-acy-vrir9oy/contents""},""followers"":{""href"":""https://api.are.na/v3/channels/graphic-vibes-acy-vrir9oy/followers""},""connections"":{""href"":""https://api.are.na/v3/channels/graphic-vibes-acy-vrir9oy/connections""}},""counts"":{""blocks"":56,""channels"":2,""contents"":58,""collaborators"":0},""metadata"":null,""created_at"":""2023-08-24T11:55:53Z"",""updated_at"":""2025-02-08T18:00:08Z"",""visibility"":""closed"",""description"":null,""collaborators"":[]}","2026-07-27 21:22:27.131837","2337149","graphic-vibes-acy-vrir9oy","GRAPHIC VIBES",,"56","130"
"137","{""id"":5135635,""can"":{""add_to"":false,""update"":false,""destroy"":false,""manage_collaborators"":false},""slug"":""video-shjrprat-my"",""type"":""Channel"",""owner"":{""id"":1100391,""name"":""LIVER *"",""slug"":""liver"",""type"":""User"",""avatar"":null,""initials"":""L*""},""state"":""available"",""title"":""VIDEO"",""_links"":{""self"":{""href"":""https://api.are.na/v3/channels/video-shjrprat-my""},""owner"":{""href"":""https://api.are.na/v3/users/liver""},""contents"":{""href"":""https://api.are.na/v3/channels/video-shjrprat-my/contents""},""followers"":{""href"":""https://api.are.na/v3/channels/video-shjrprat-my/followers""},""connections"":{""href"":""https://api.are.na/v3/channels/video-shjrprat-my/connections""}},""counts"":{""blocks"":59,""channels"":0,""contents"":59,""collaborators"":0},""metadata"":null,""created_at"":""2026-05-04T10:23:45Z"",""updated_at"":""2026-07-27T13:47:40Z"",""visibility"":""closed"",""description"":null,""collaborators"":[]}","2026-07-27 21:22:52.446991","5135635","video-shjrprat-my","VIDEO",,"59","131"
"138","{""id"":4034596,""can"":{""add_to"":false,""update"":false,""destroy"":false,""manage_collaborators"":false},""slug"":""inspo-u32-upbw_p8"",""type"":""Channel"",""owner"":{""id"":342088,""name"":""Kentaro Kondo"",""slug"":""kentaro-kondo"",""type"":""User"",""avatar"":null,""initials"":""KK""},""state"":""available"",""title"":""inspo"",""_links"":{""self"":{""href"":""https://api.are.na/v3/channels/inspo-u32-upbw_p8""},""owner"":{""href"":""https://api.are.na/v3/users/kentaro-kondo""},""contents"":{""href"":""https://api.are.na/v3/channels/inspo-u32-upbw_p8/contents""},""followers"":{""href"":""https://api.are.na/v3/channels/inspo-u32-upbw_p8/followers""},""connections"":{""href"":""https://api.are.na/v3/channels/inspo-u32-upbw_p8/connections""}},""counts"":{""blocks"":100,""channels"":0,""contents"":100,""collaborators"":0},""metadata"":null,""created_at"":""2025-07-28T10:50:55Z"",""updated_at"":""2026-07-06T00:39:12Z"",""visibility"":""closed"",""description"":null,""collaborators"":[]}","2026-07-27 21:23:17.340578","4034596","inspo-u32-upbw_p8","inspo",,"100","132"
"139","{""id"":3867397,""can"":{""add_to"":false,""update"":false,""destroy"":false,""manage_collaborators"":false},""slug"":""optimized-for-collapse"",""type"":""Channel"",""owner"":{""id"":6457,""name"":""Ryan Glenn"",""slug"":""ryan-glenn"",""type"":""User"",""avatar"":""https://static.avatars.are.na/6457/large_281867430f348154d317a0462c230206.png?1749338416"",""initials"":""RG""},""state"":""available"",""title"":""Optimized for Collapse"",""_links"":{""self"":{""href"":""https://api.are.na/v3/channels/optimized-for-collapse""},""owner"":{""href"":""https://api.are.na/v3/users/ryan-glenn""},""contents"":{""href"":""https://api.are.na/v3/channels/optimized-for-collapse/contents""},""followers"":{""href"":""https://api.are.na/v3/channels/optimized-for-collapse/followers""},""connections"":{""href"":""https://api.are.na/v3/channels/optimized-for-collapse/connections""}},""counts"":{""blocks"":116,""channels"":0,""contents"":116,""collaborators"":0},""metadata"":null,""created_at"":""2025-06-01T07:21:54Z"",""updated_at"":""2026-07-19T18:53:03Z"",""visibility"":""closed"",""description"":null,""collaborators"":[]}","2026-07-27 21:23:47.627294","3867397","optimized-for-collapse","Optimized for Collapse",,"116","133"
"140","{""id"":4508085,""can"":{""add_to"":false,""update"":false,""destroy"":false,""manage_collaborators"":false},""slug"":""higgs-5_ne25ccovk"",""type"":""Channel"",""owner"":{""id"":1185121,""name"":""Dmitriy Kan"",""slug"":""dmitriy-kan"",""type"":""User"",""avatar"":null,""initials"":""DK""},""state"":""available"",""title"":""higgs"",""_links"":{""self"":{""href"":""https://api.are.na/v3/channels/higgs-5_ne25ccovk""},""owner"":{""href"":""https://api.are.na/v3/users/dmitriy-kan""},""contents"":{""href"":""https://api.are.na/v3/channels/higgs-5_ne25ccovk/contents""},""followers"":{""href"":""https://api.are.na/v3/channels/higgs-5_ne25ccovk/followers""},""connections"":{""href"":""https://api.are.na/v3/channels/higgs-5_ne25ccovk/connections""}},""counts"":{""blocks"":25,""channels"":0,""contents"":25,""collaborators"":0},""metadata"":null,""created_at"":""2025-11-26T17:58:50Z"",""updated_at"":""2026-04-14T16:08:43Z"",""visibility"":""closed"",""description"":null,""collaborators"":[]}","2026-07-27 21:24:14.671948","4508085","higgs-5_ne25ccovk","higgs",,"25","134"
"141","{""id"":2748649,""can"":{""add_to"":false,""update"":false,""destroy"":false,""manage_collaborators"":false},""slug"":""vizzyvoibez"",""type"":""Channel"",""owner"":{""id"":472764,""name"":""Jas D"",""slug"":""jas-d"",""type"":""User"",""avatar"":""https://static.avatars.are.na/472764/large_6d48113295e79d024b73f124fbb91b06.jpg?1707372960"",""initials"":""JD""},""state"":""available"",""title"":""vizzyvoibez"",""_links"":{""self"":{""href"":""https://api.are.na/v3/channels/vizzyvoibez""},""owner"":{""href"":""https://api.are.na/v3/users/jas-d""},""contents"":{""href"":""https://api.are.na/v3/channels/vizzyvoibez/contents""},""followers"":{""href"":""https://api.are.na/v3/channels/vizzyvoibez/followers""},""connections"":{""href"":""https://api.are.na/v3/channels/vizzyvoibez/connections""}},""counts"":{""blocks"":426,""channels"":0,""contents"":426,""collaborators"":0},""metadata"":null,""created_at"":""2024-03-18T17:26:21Z"",""updated_at"":""2026-07-27T15:09:50Z"",""visibility"":""closed"",""description"":null,""collaborators"":[]}","2026-07-27 21:24:37.985255","2748649","vizzyvoibez","vizzyvoibez",,"426","135"
"142","{""id"":3006735,""can"":{""add_to"":false,""update"":false,""destroy"":false,""manage_collaborators"":false},""slug"":""presenting-1gxufgwamfe"",""type"":""Channel"",""owner"":{""id"":77181,""name"":""decoy.life Benjamin"",""slug"":""decoy-life-benjamin"",""type"":""User"",""avatar"":""https://static.avatars.are.na/77181/large_a60bd281f096f9e79cc1cfab1b9de5a2.png?1702307977"",""initials"":""dB""},""state"":""available"",""title"":""Presenting 🥽"",""_links"":{""self"":{""href"":""https://api.are.na/v3/channels/presenting-1gxufgwamfe""},""owner"":{""href"":""https://api.are.na/v3/users/decoy-life-benjamin""},""contents"":{""href"":""https://api.are.na/v3/channels/presenting-1gxufgwamfe/contents""},""followers"":{""href"":""https://api.are.na/v3/channels/presenting-1gxufgwamfe/followers""},""connections"":{""href"":""https://api.are.na/v3/channels/presenting-1gxufgwamfe/connections""}},""counts"":{""blocks"":66,""channels"":0,""contents"":66,""collaborators"":0},""metadata"":null,""created_at"":""2024-07-15T14:16:56Z"",""updated_at"":""2026-03-24T11:23:48Z"",""visibility"":""closed"",""description"":null,""collaborators"":[]}","2026-07-27 21:25:32.669798","3006735","presenting-1gxufgwamfe","Presenting 🥽",,"66","136"
"143","{""id"":739815,""can"":{""add_to"":false,""update"":false,""destroy"":false,""manage_collaborators"":false},""slug"":""illustration-7ncdlm9pihu"",""type"":""Channel"",""owner"":{""id"":61299,""name"":""Raymund Ramirez"",""slug"":""raymund-ramirez"",""type"":""User"",""avatar"":""https://static.avatars.are.na/61299/large_b9fbeaa41df9bda7443a6772962d21ab.jpg?1681762384"",""initials"":""RR""},""state"":""available"",""title"":""Illustration"",""_links"":{""self"":{""href"":""https://api.are.na/v3/channels/illustration-7ncdlm9pihu""},""owner"":{""href"":""https://api.are.na/v3/users/raymund-ramirez""},""contents"":{""href"":""https://api.are.na/v3/channels/illustration-7ncdlm9pihu/contents""},""followers"":{""href"":""https://api.are.na/v3/channels/illustration-7ncdlm9pihu/followers""},""connections"":{""href"":""https://api.are.na/v3/channels/illustration-7ncdlm9pihu/connections""}},""counts"":{""blocks"":755,""channels"":0,""contents"":755,""collaborators"":0},""metadata"":null,""created_at"":""2020-07-06T18:15:17Z"",""updated_at"":""2026-07-24T17:11:00Z"",""visibility"":""closed"",""description"":null,""collaborators"":[]}","2026-07-27 21:25:57.078057","739815","illustration-7ncdlm9pihu","Illustration",,"755","137"
"144","{""id"":4168555,""can"":{""add_to"":false,""update"":false,""destroy"":false,""manage_collaborators"":false},""slug"":""rv_enrg"",""type"":""Channel"",""owner"":{""id"":292246,""name"":""Andrii Bekh"",""slug"":""andrii-bekh"",""type"":""User"",""avatar"":null,""initials"":""AB""},""state"":""available"",""title"":""rv_enrg"",""_links"":{""self"":{""href"":""https://api.are.na/v3/channels/rv_enrg""},""owner"":{""href"":""https://api.are.na/v3/users/andrii-bekh""},""contents"":{""href"":""https://api.are.na/v3/channels/rv_enrg/contents""},""followers"":{""href"":""https://api.are.na/v3/channels/rv_enrg/followers""},""connections"":{""href"":""https://api.are.na/v3/channels/rv_enrg/connections""}},""counts"":{""blocks"":46,""channels"":0,""contents"":46,""collaborators"":0},""metadata"":null,""created_at"":""2025-09-10T10:41:50Z"",""updated_at"":""2026-06-09T09:49:53Z"",""visibility"":""closed"",""description"":null,""collaborators"":[]}","2026-07-27 21:27:18.208858","4168555","rv_enrg","rv_enrg",,"46","138"
"145","{""id"":3257425,""can"":{""add_to"":false,""update"":false,""destroy"":false,""manage_collaborators"":false},""slug"":""info-zqvlcfhb5ao"",""type"":""Channel"",""owner"":{""id"":57509,""name"":""Greg Kimball"",""slug"":""greg-kimball"",""type"":""User"",""avatar"":null,""initials"":""GK""},""state"":""available"",""title"":""INFO"",""_links"":{""self"":{""href"":""https://api.are.na/v3/channels/info-zqvlcfhb5ao""},""owner"":{""href"":""https://api.are.na/v3/users/greg-kimball""},""contents"":{""href"":""https://api.are.na/v3/channels/info-zqvlcfhb5ao/contents""},""followers"":{""href"":""https://api.are.na/v3/channels/info-zqvlcfhb5ao/followers""},""connections"":{""href"":""https://api.are.na/v3/channels/info-zqvlcfhb5ao/connections""}},""counts"":{""blocks"":134,""channels"":3,""contents"":137,""collaborators"":0},""metadata"":null,""created_at"":""2024-10-21T18:16:05Z"",""updated_at"":""2026-07-01T14:55:03Z"",""visibility"":""closed"",""description"":null,""collaborators"":[]}","2026-07-27 21:27:38.856599","3257425","info-zqvlcfhb5ao","INFO",,"134","139"
"146","{""id"":3938083,""can"":{""add_to"":false,""update"":false,""destroy"":false,""manage_collaborators"":false},""slug"":""theme-inflate"",""type"":""Channel"",""owner"":{""id"":107056,""name"":""brittney phan"",""slug"":""brittney-phan"",""type"":""User"",""avatar"":null,""initials"":""bp""},""state"":""available"",""title"":""theme :: inflate"",""_links"":{""self"":{""href"":""https://api.are.na/v3/channels/theme-inflate""},""owner"":{""href"":""https://api.are.na/v3/users/brittney-phan""},""contents"":{""href"":""https://api.are.na/v3/channels/theme-inflate/contents""},""followers"":{""href"":""https://api.are.na/v3/channels/theme-inflate/followers""},""connections"":{""href"":""https://api.are.na/v3/channels/theme-inflate/connections""}},""counts"":{""blocks"":64,""channels"":0,""contents"":64,""collaborators"":0},""metadata"":null,""created_at"":""2025-06-27T14:40:44Z"",""updated_at"":""2026-07-04T13:16:13Z"",""visibility"":""closed"",""description"":null,""collaborators"":[]}","2026-07-27 21:28:07.769427","3938083","theme-inflate","theme :: inflate",,"64","140"
"147","{""id"":1618123,""can"":{""add_to"":false,""update"":false,""destroy"":false,""manage_collaborators"":false},""slug"":""3d-asf"",""type"":""Channel"",""owner"":{""id"":90350,""name"":""⬤ ⬤ ⬤ ⬤ ⬤"",""slug"":""jluncrl_b4y"",""type"":""User"",""avatar"":""https://static.avatars.are.na/90350/large_91106723d935ffd1eb4b1e26907b4489.png?1596844024"",""initials"":""⬤⬤⬤⬤""},""state"":""available"",""title"":""3D ASF"",""_links"":{""self"":{""href"":""https://api.are.na/v3/channels/3d-asf""},""owner"":{""href"":""https://api.are.na/v3/users/jluncrl_b4y""},""contents"":{""href"":""https://api.are.na/v3/channels/3d-asf/contents""},""followers"":{""href"":""https://api.are.na/v3/channels/3d-asf/followers""},""connections"":{""href"":""https://api.are.na/v3/channels/3d-asf/connections""}},""counts"":{""blocks"":530,""channels"":7,""contents"":537,""collaborators"":0},""metadata"":null,""created_at"":""2022-06-16T15:30:46Z"",""updated_at"":""2026-07-09T11:40:24Z"",""visibility"":""closed"",""description"":null,""collaborators"":[]}","2026-07-27 21:28:31.682379","1618123","3d-asf","3D ASF",,"530","141"
"148","{""id"":2491374,""can"":{""add_to"":false,""update"":false,""destroy"":false,""manage_collaborators"":false},""slug"":""rxck"",""type"":""Channel"",""owner"":{""id"":599798,""name"":""Rick Serdiuk "",""slug"":""rick-serdiuk"",""type"":""User"",""avatar"":""https://static.avatars.are.na/599798/large_0419dead43ae8b15ee4e5d5c78c0c586.jpg?1770588941"",""initials"":""RS""},""state"":""available"",""title"":""Rxck"",""_links"":{""self"":{""href"":""https://api.are.na/v3/channels/rxck""},""owner"":{""href"":""https://api.are.na/v3/users/rick-serdiuk""},""contents"":{""href"":""https://api.are.na/v3/channels/rxck/contents""},""followers"":{""href"":""https://api.are.na/v3/channels/rxck/followers""},""connections"":{""href"":""https://api.are.na/v3/channels/rxck/connections""}},""counts"":{""blocks"":286,""channels"":43,""contents"":329,""collaborators"":0},""metadata"":null,""created_at"":""2023-11-12T01:22:10Z"",""updated_at"":""2026-07-21T03:43:45Z"",""visibility"":""closed"",""description"":{""html"":""<p>Stuff I snuff</p>"",""plain"":""Stuff I snuff"",""markdown"":""Stuff I snuff""},""collaborators"":[]}","2026-07-27 21:29:35.579933","2491374","rxck","Rxck","Stuff I snuff","286","142"
"149","{""id"":1495162,""can"":{""add_to"":false,""update"":false,""destroy"":false,""manage_collaborators"":false},""slug"":""vibes-pjkzy_gd5qk"",""type"":""Channel"",""owner"":{""id"":268014,""name"":""Isabel Bo-Linn"",""slug"":""isabel-bo-linn"",""type"":""User"",""avatar"":""https://static.avatars.are.na/268014/large_7f83f1e7c1be16c776730d6a511f0ae6.png?1745777865"",""initials"":""IB""},""state"":""available"",""title"":""Vibes"",""_links"":{""self"":{""href"":""https://api.are.na/v3/channels/vibes-pjkzy_gd5qk""},""owner"":{""href"":""https://api.are.na/v3/users/isabel-bo-linn""},""contents"":{""href"":""https://api.are.na/v3/channels/vibes-pjkzy_gd5qk/contents""},""followers"":{""href"":""https://api.are.na/v3/channels/vibes-pjkzy_gd5qk/followers""},""connections"":{""href"":""https://api.are.na/v3/channels/vibes-pjkzy_gd5qk/connections""}},""counts"":{""blocks"":68,""channels"":1,""contents"":69,""collaborators"":0},""metadata"":null,""created_at"":""2022-03-24T18:07:51Z"",""updated_at"":""2026-06-02T17:29:17Z"",""visibility"":""closed"",""description"":null,""collaborators"":[]}","2026-07-27 21:30:17.921476","1495162","vibes-pjkzy_gd5qk","Vibes",,"68","143"
"150","{""id"":3673232,""can"":{""add_to"":false,""update"":false,""destroy"":false,""manage_collaborators"":false},""slug"":""spacial-uesko_kibf4"",""type"":""Channel"",""owner"":{""id"":454318,""name"":""An nie"",""slug"":""an-nie"",""type"":""User"",""avatar"":null,""initials"":""An""},""state"":""available"",""title"":""SPACIAL"",""_links"":{""self"":{""href"":""https://api.are.na/v3/channels/spacial-uesko_kibf4""},""owner"":{""href"":""https://api.are.na/v3/users/an-nie""},""contents"":{""href"":""https://api.are.na/v3/channels/spacial-uesko_kibf4/contents""},""followers"":{""href"":""https://api.are.na/v3/channels/spacial-uesko_kibf4/followers""},""connections"":{""href"":""https://api.are.na/v3/channels/spacial-uesko_kibf4/connections""}},""counts"":{""blocks"":156,""channels"":10,""contents"":166,""collaborators"":0},""metadata"":null,""created_at"":""2025-03-24T10:52:22Z"",""updated_at"":""2026-06-30T19:54:53Z"",""visibility"":""closed"",""description"":null,""collaborators"":[]}","2026-07-27 21:30:40.205074","3673232","spacial-uesko_kibf4","SPACIAL",,"156","144"
"151","{""id"":3595322,""can"":{""add_to"":false,""update"":false,""destroy"":false,""manage_collaborators"":false},""slug"":""giant-scale"",""type"":""Channel"",""owner"":{""id"":606232,""name"":""Vika Randrup"",""slug"":""vika-randrup"",""type"":""User"",""avatar"":null,""initials"":""VR""},""state"":""available"",""title"":""Giant- Scale"",""_links"":{""self"":{""href"":""https://api.are.na/v3/channels/giant-scale""},""owner"":{""href"":""https://api.are.na/v3/users/vika-randrup""},""contents"":{""href"":""https://api.are.na/v3/channels/giant-scale/contents""},""followers"":{""href"":""https://api.are.na/v3/channels/giant-scale/followers""},""connections"":{""href"":""https://api.are.na/v3/channels/giant-scale/connections""}},""counts"":{""blocks"":71,""channels"":1,""contents"":72,""collaborators"":0},""metadata"":null,""created_at"":""2025-02-24T19:15:44Z"",""updated_at"":""2026-04-20T09:20:31Z"",""visibility"":""closed"",""description"":null,""collaborators"":[]}","2026-07-27 21:31:14.582716","3595322","giant-scale","Giant- Scale",,"71","145"
"152","{""id"":3544375,""can"":{""add_to"":false,""update"":false,""destroy"":false,""manage_collaborators"":false},""slug"":""motion-cg-references"",""type"":""Channel"",""owner"":{""id"":876927,""name"":""Griffin Drew"",""slug"":""griffin-drew"",""type"":""User"",""avatar"":null,""initials"":""GD""},""state"":""available"",""title"":""Motion - CG References "",""_links"":{""self"":{""href"":""https://api.are.na/v3/channels/motion-cg-references""},""owner"":{""href"":""https://api.are.na/v3/users/griffin-drew""},""contents"":{""href"":""https://api.are.na/v3/channels/motion-cg-references/contents""},""followers"":{""href"":""https://api.are.na/v3/channels/motion-cg-references/followers""},""connections"":{""href"":""https://api.are.na/v3/channels/motion-cg-references/connections""}},""counts"":{""blocks"":145,""channels"":3,""contents"":148,""collaborators"":0},""metadata"":null,""created_at"":""2025-02-07T07:09:00Z"",""updated_at"":""2026-04-20T13:05:10Z"",""visibility"":""closed"",""description"":null,""collaborators"":[]}","2026-07-27 21:31:37.200436","3544375","motion-cg-references","Motion - CG References ",,"145","146"
"153","{""id"":382885,""can"":{""add_to"":false,""update"":false,""destroy"":false,""manage_collaborators"":false},""slug"":""random-atfiy2m4avm"",""type"":""Channel"",""owner"":{""id"":52993,""name"":""Monique Schröder"",""slug"":""monique-schroder"",""type"":""User"",""avatar"":""https://static.avatars.are.na/52993/large_d46b253392884451b75b6bba169ee135.jpg?1523816955"",""initials"":""MS""},""state"":""available"",""title"":""Random"",""_links"":{""self"":{""href"":""https://api.are.na/v3/channels/random-atfiy2m4avm""},""owner"":{""href"":""https://api.are.na/v3/users/monique-schroder""},""contents"":{""href"":""https://api.are.na/v3/channels/random-atfiy2m4avm/contents""},""followers"":{""href"":""https://api.are.na/v3/channels/random-atfiy2m4avm/followers""},""connections"":{""href"":""https://api.are.na/v3/channels/random-atfiy2m4avm/connections""}},""counts"":{""blocks"":370,""channels"":41,""contents"":411,""collaborators"":0},""metadata"":null,""created_at"":""2019-04-09T12:46:00Z"",""updated_at"":""2026-06-18T19:13:14Z"",""visibility"":""closed"",""description"":null,""collaborators"":[]}","2026-07-27 21:32:12.241564","382885","random-atfiy2m4avm","Random",,"370","147"
"155","{""id"":3032759,""can"":{""add_to"":false,""update"":false,""destroy"":false,""manage_collaborators"":false},""slug"":""idea-zieaog3g1ki"",""type"":""Channel"",""owner"":{""id"":730130,""name"":""Yoan Jang"",""slug"":""yoan-jang"",""type"":""User"",""avatar"":null,""initials"":""YJ""},""state"":""available"",""title"":""idea"",""_links"":{""self"":{""href"":""https://api.are.na/v3/channels/idea-zieaog3g1ki""},""owner"":{""href"":""https://api.are.na/v3/users/yoan-jang""},""contents"":{""href"":""https://api.are.na/v3/channels/idea-zieaog3g1ki/contents""},""followers"":{""href"":""https://api.are.na/v3/channels/idea-zieaog3g1ki/followers""},""connections"":{""href"":""https://api.are.na/v3/channels/idea-zieaog3g1ki/connections""}},""counts"":{""blocks"":36,""channels"":2,""contents"":38,""collaborators"":0},""metadata"":null,""created_at"":""2024-07-26T01:59:33Z"",""updated_at"":""2024-09-16T20:22:01Z"",""visibility"":""public"",""description"":null,""collaborators"":[]}","2026-07-27 21:35:04.400614","3032759","idea-zieaog3g1ki","idea",,"36","149"
"156","{""id"":2436700,""can"":{""add_to"":false,""update"":false,""destroy"":false,""manage_collaborators"":false},""slug"":""funky-stuff-v0hgsyzh9_o"",""type"":""Channel"",""owner"":{""id"":335954,""name"":""Aarya Kini"",""slug"":""aarya-kini"",""type"":""User"",""avatar"":""https://static.avatars.are.na/335954/large_37a7da1c4f32d3d09ff0e5c411834ff1.jpg?1755713761"",""initials"":""AK""},""state"":""available"",""title"":""↗ funky stuff"",""_links"":{""self"":{""href"":""https://api.are.na/v3/channels/funky-stuff-v0hgsyzh9_o""},""owner"":{""href"":""https://api.are.na/v3/users/aarya-kini""},""contents"":{""href"":""https://api.are.na/v3/channels/funky-stuff-v0hgsyzh9_o/contents""},""followers"":{""href"":""https://api.are.na/v3/channels/funky-stuff-v0hgsyzh9_o/followers""},""connections"":{""href"":""https://api.are.na/v3/channels/funky-stuff-v0hgsyzh9_o/connections""}},""counts"":{""blocks"":203,""channels"":17,""contents"":220,""collaborators"":0},""metadata"":null,""created_at"":""2023-10-16T00:48:07Z"",""updated_at"":""2026-04-02T20:59:05Z"",""visibility"":""closed"",""description"":null,""collaborators"":[]}","2026-07-27 21:35:28.685458","2436700","funky-stuff-v0hgsyzh9_o","↗ funky stuff",,"203","150"
"157","{""id"":745871,""can"":{""add_to"":false,""update"":false,""destroy"":false,""manage_collaborators"":false},""slug"":""general-inspo-lvr1dfv3mm0"",""type"":""Channel"",""owner"":{""id"":180361,""name"":""Jack Grimes"",""slug"":""jack-grimes"",""type"":""User"",""avatar"":""https://static.avatars.are.na/180361/large_75a8526e20e629d11de3b31180baa597.jpg?1738954731"",""initials"":""JG""},""state"":""available"",""title"":""General Inspo"",""_links"":{""self"":{""href"":""https://api.are.na/v3/channels/general-inspo-lvr1dfv3mm0""},""owner"":{""href"":""https://api.are.na/v3/users/jack-grimes""},""contents"":{""href"":""https://api.are.na/v3/channels/general-inspo-lvr1dfv3mm0/contents""},""followers"":{""href"":""https://api.are.na/v3/channels/general-inspo-lvr1dfv3mm0/followers""},""connections"":{""href"":""https://api.are.na/v3/channels/general-inspo-lvr1dfv3mm0/connections""}},""counts"":{""blocks"":624,""channels"":0,""contents"":624,""collaborators"":0},""metadata"":null,""created_at"":""2020-07-12T20:47:07Z"",""updated_at"":""2026-07-21T16:11:01Z"",""visibility"":""closed"",""description"":{""html"":""<p>cool stuff to look at. please note that not all these images might be free to use</p>"",""plain"":""cool stuff to look at. please note that not all these images might be free to use"",""markdown"":""cool stuff to look at. please note that not all these images might be free to use""},""collaborators"":[]}","2026-07-27 21:36:01.014428","745871","general-inspo-lvr1dfv3mm0","General Inspo","cool stuff to look at. please note that not all these images might be free to use","624","151"
"158","{""id"":2279209,""can"":{""add_to"":false,""update"":false,""destroy"":false,""manage_collaborators"":false},""slug"":""salad-9ybgstmetk"",""type"":""Channel"",""owner"":{""id"":345695,""name"":""Kris Williams"",""slug"":""kris-williams"",""type"":""User"",""avatar"":""https://static.avatars.are.na/345695/large_8a12c51c560f8852420ec6d88c97a84a.jpg?1663384394"",""initials"":""KW""},""state"":""available"",""title"":""salad"",""_links"":{""self"":{""href"":""https://api.are.na/v3/channels/salad-9ybgstmetk""},""owner"":{""href"":""https://api.are.na/v3/users/kris-williams""},""contents"":{""href"":""https://api.are.na/v3/channels/salad-9ybgstmetk/contents""},""followers"":{""href"":""https://api.are.na/v3/channels/salad-9ybgstmetk/followers""},""connections"":{""href"":""https://api.are.na/v3/channels/salad-9ybgstmetk/connections""}},""counts"":{""blocks"":482,""channels"":2,""contents"":484,""collaborators"":0},""metadata"":null,""created_at"":""2023-07-18T04:37:14Z"",""updated_at"":""2026-07-27T03:09:54Z"",""visibility"":""closed"",""description"":{""html"":""<p>Visual compendium</p>"",""plain"":""Visual compendium"",""markdown"":""Visual compendium""},""collaborators"":[]}","2026-07-27 21:37:06.506275","2279209","salad-9ybgstmetk","salad","Visual compendium","482","152"
"159","{""id"":2957980,""can"":{""add_to"":false,""update"":false,""destroy"":false,""manage_collaborators"":false},""slug"":""foraging-zhk498mugq8"",""type"":""Channel"",""owner"":{""id"":713101,""name"":""hila shifra"",""slug"":""hila-shifra"",""type"":""User"",""avatar"":""https://static.avatars.are.na/713101/large_f8c8e97ef172e4593d23c69195cbbe50.png?1729264802"",""initials"":""hs""},""state"":""available"",""title"":""foraging"",""_links"":{""self"":{""href"":""https://api.are.na/v3/channels/foraging-zhk498mugq8""},""owner"":{""href"":""https://api.are.na/v3/users/hila-shifra""},""contents"":{""href"":""https://api.are.na/v3/channels/foraging-zhk498mugq8/contents""},""followers"":{""href"":""https://api.are.na/v3/channels/foraging-zhk498mugq8/followers""},""connections"":{""href"":""https://api.are.na/v3/channels/foraging-zhk498mugq8/connections""}},""counts"":{""blocks"":1560,""channels"":0,""contents"":1560,""collaborators"":0},""metadata"":null,""created_at"":""2024-06-23T19:28:50Z"",""updated_at"":""2026-07-22T14:16:17Z"",""visibility"":""closed"",""description"":{""html"":""<p>i want to be alone i want to be aware. i want to see i want to think. i am not discerning. i want to be young again i want to be young again i want to be young again. oh, isn&#39;t it sad? i was born to be an artist.</p>"",""plain"":""i want to be alone i want to be aware. i want to see i want to think. i am not discerning. i want to be young again i want to be young again i want to be young again. oh, isn't it sad? i was born to be an artist."",""markdown"":""i want to be alone i want to be aware. i want to see i want to think. i am not discerning. i want to be young again i want to be young again i want to be young again. oh, isn't it sad? i was born to be an artist.""},""collaborators"":[]}","2026-07-27 21:38:09.108307","2957980","foraging-zhk498mugq8","foraging","i want to be alone i want to be aware. i want to see i want to think. i am not discerning. i want to be young again i want to be young again i want to be young again. oh, isn't it sad? i was born to be an artist.","1560","153"
"160","{""id"":2516536,""can"":{""add_to"":false,""update"":false,""destroy"":false,""manage_collaborators"":false},""slug"":""insta-adkd13gyfyq"",""type"":""Channel"",""owner"":{""id"":605532,""name"":""Laura Lalonde"",""slug"":""laura-lalonde-pv5ybmhzahw"",""type"":""User"",""avatar"":null,""initials"":""LL""},""state"":""available"",""title"":""Insta"",""_links"":{""self"":{""href"":""https://api.are.na/v3/channels/insta-adkd13gyfyq""},""owner"":{""href"":""https://api.are.na/v3/users/laura-lalonde-pv5ybmhzahw""},""contents"":{""href"":""https://api.are.na/v3/channels/insta-adkd13gyfyq/contents""},""followers"":{""href"":""https://api.are.na/v3/channels/insta-adkd13gyfyq/followers""},""connections"":{""href"":""https://api.are.na/v3/channels/insta-adkd13gyfyq/connections""}},""counts"":{""blocks"":261,""channels"":1,""contents"":262,""collaborators"":0},""metadata"":null,""created_at"":""2023-11-25T12:51:07Z"",""updated_at"":""2025-11-18T21:25:40Z"",""visibility"":""closed"",""description"":{""html"":""<p>Inspiration for the grid</p>"",""plain"":""Inspiration for the grid"",""markdown"":""Inspiration for the grid""},""collaborators"":[]}","2026-07-27 21:40:48.863181","2516536","insta-adkd13gyfyq","Insta","Inspiration for the grid","261","154"
"161","{""id"":2796526,""can"":{""add_to"":false,""update"":false,""destroy"":false,""manage_collaborators"":false},""slug"":""mood-what-s-wrong-with-this-picture"",""type"":""Channel"",""owner"":{""id"":236785,""name"":""Patty Karafotias"",""slug"":""patty-karafotias"",""type"":""User"",""avatar"":""https://static.avatars.are.na/236785/large_e200bb5c3b2691f98004df84d720115b.png?1774023972"",""initials"":""PK""},""state"":""available"",""title"":""Mood: What's Wrong With This Picture"",""_links"":{""self"":{""href"":""https://api.are.na/v3/channels/mood-what-s-wrong-with-this-picture""},""owner"":{""href"":""https://api.are.na/v3/users/patty-karafotias""},""contents"":{""href"":""https://api.are.na/v3/channels/mood-what-s-wrong-with-this-picture/contents""},""followers"":{""href"":""https://api.are.na/v3/channels/mood-what-s-wrong-with-this-picture/followers""},""connections"":{""href"":""https://api.are.na/v3/channels/mood-what-s-wrong-with-this-picture/connections""}},""counts"":{""blocks"":75,""channels"":1,""contents"":76,""collaborators"":0},""metadata"":null,""created_at"":""2024-04-10T17:27:11Z"",""updated_at"":""2026-06-08T14:53:34Z"",""visibility"":""closed"",""description"":null,""collaborators"":[]}","2026-07-27 21:41:29.813509","2796526","mood-what-s-wrong-with-this-picture","Mood: What's Wrong With This Picture",,"75","155"
"162","{""id"":923571,""can"":{""add_to"":false,""update"":false,""destroy"":false,""manage_collaborators"":false},""slug"":""on-brand-s6ergt4mkoq"",""type"":""Channel"",""owner"":{""id"":132105,""name"":""Marley Crawford"",""slug"":""marley-crawford"",""type"":""User"",""avatar"":""https://static.avatars.are.na/132105/large_f3663c4a79a6d75e93318c10d71c5192.jpg?1689605717"",""initials"":""MC""},""state"":""available"",""title"":""on brand"",""_links"":{""self"":{""href"":""https://api.are.na/v3/channels/on-brand-s6ergt4mkoq""},""owner"":{""href"":""https://api.are.na/v3/users/marley-crawford""},""contents"":{""href"":""https://api.are.na/v3/channels/on-brand-s6ergt4mkoq/contents""},""followers"":{""href"":""https://api.are.na/v3/channels/on-brand-s6ergt4mkoq/followers""},""connections"":{""href"":""https://api.are.na/v3/channels/on-brand-s6ergt4mkoq/connections""}},""counts"":{""blocks"":213,""channels"":5,""contents"":218,""collaborators"":0},""metadata"":null,""created_at"":""2021-01-04T02:28:14Z"",""updated_at"":""2025-11-30T20:26:43Z"",""visibility"":""closed"",""description"":null,""collaborators"":[]}","2026-07-27 21:41:51.3546","923571","on-brand-s6ergt4mkoq","on brand",,"213","156"
"164","{""id"":1850102,""can"":{""add_to"":false,""update"":false,""destroy"":false,""manage_collaborators"":false},""slug"":""ad-dump-truck"",""type"":""Channel"",""owner"":{""id"":438603,""name"":""Hannah Tutera"",""slug"":""hannah-tutera"",""type"":""User"",""avatar"":null,""initials"":""HT""},""state"":""available"",""title"":""AD: DUMP TRUCK"",""_links"":{""self"":{""href"":""https://api.are.na/v3/channels/ad-dump-truck""},""owner"":{""href"":""https://api.are.na/v3/users/hannah-tutera""},""contents"":{""href"":""https://api.are.na/v3/channels/ad-dump-truck/contents""},""followers"":{""href"":""https://api.are.na/v3/channels/ad-dump-truck/followers""},""connections"":{""href"":""https://api.are.na/v3/channels/ad-dump-truck/connections""}},""counts"":{""blocks"":1106,""channels"":53,""contents"":1159,""collaborators"":0},""metadata"":null,""created_at"":""2022-11-10T05:44:03Z"",""updated_at"":""2026-07-24T09:28:38Z"",""visibility"":""closed"",""description"":null,""collaborators"":[]}","2026-07-27 21:43:42.168751","1850102","ad-dump-truck","AD: DUMP TRUCK",,"1106","158"
"165","{""id"":2856304,""can"":{""add_to"":false,""update"":false,""destroy"":false,""manage_collaborators"":false},""slug"":""the-channel-finds-you"",""type"":""Channel"",""owner"":{""id"":655701,""name"":""Eileen V"",""slug"":""eileen-v"",""type"":""User"",""avatar"":""https://static.avatars.are.na/655701/large_2e015e22b6da23b5c0b3717892aa4697.png?1710689716"",""initials"":""EV""},""state"":""available"",""title"":""The Channel Finds You"",""_links"":{""self"":{""href"":""https://api.are.na/v3/channels/the-channel-finds-you""},""owner"":{""href"":""https://api.are.na/v3/users/eileen-v""},""contents"":{""href"":""https://api.are.na/v3/channels/the-channel-finds-you/contents""},""followers"":{""href"":""https://api.are.na/v3/channels/the-channel-finds-you/followers""},""connections"":{""href"":""https://api.are.na/v3/channels/the-channel-finds-you/connections""}},""counts"":{""blocks"":90,""channels"":3,""contents"":93,""collaborators"":0},""metadata"":null,""created_at"":""2024-05-08T09:24:12Z"",""updated_at"":""2026-06-01T14:52:35Z"",""visibility"":""closed"",""description"":{""html"":""<p>No algorithm necessary</p>"",""plain"":""No algorithm necessary"",""markdown"":""No algorithm necessary""},""collaborators"":[]}","2026-07-27 21:45:36.880971","2856304","the-channel-finds-you","The Channel Finds You","No algorithm necessary","90","159"
"166","{""id"":2394379,""can"":{""add_to"":false,""update"":false,""destroy"":false,""manage_collaborators"":false},""slug"":""feels-fresh"",""type"":""Channel"",""owner"":{""id"":576056,""name"":""STEPHANIE FLYNN"",""slug"":""stephanie-flynn"",""type"":""User"",""avatar"":null,""initials"":""SF""},""state"":""available"",""title"":""FEELS FRESH"",""_links"":{""self"":{""href"":""https://api.are.na/v3/channels/feels-fresh""},""owner"":{""href"":""https://api.are.na/v3/users/stephanie-flynn""},""contents"":{""href"":""https://api.are.na/v3/channels/feels-fresh/contents""},""followers"":{""href"":""https://api.are.na/v3/channels/feels-fresh/followers""},""connections"":{""href"":""https://api.are.na/v3/channels/feels-fresh/connections""}},""counts"":{""blocks"":54,""channels"":0,""contents"":54,""collaborators"":0},""metadata"":null,""created_at"":""2023-09-25T15:16:29Z"",""updated_at"":""2024-12-13T18:52:57Z"",""visibility"":""closed"",""description"":null,""collaborators"":[]}","2026-07-27 21:46:06.273133","2394379","feels-fresh","FEELS FRESH",,"54","160"
"167","{""id"":2831223,""can"":{""add_to"":false,""update"":false,""destroy"":false,""manage_collaborators"":false},""slug"":""tree-dee-qhcy37enmnq"",""type"":""Channel"",""owner"":{""id"":226497,""name"":""tonianne ."",""slug"":""tonianne"",""type"":""User"",""avatar"":""https://static.avatars.are.na/226497/large_4dfa7c751bf5a0ea37b63ee0f1f288d6.png?1713419428"",""initials"":""t.""},""state"":""available"",""title"":""tree dee"",""_links"":{""self"":{""href"":""https://api.are.na/v3/channels/tree-dee-qhcy37enmnq""},""owner"":{""href"":""https://api.are.na/v3/users/tonianne""},""contents"":{""href"":""https://api.are.na/v3/channels/tree-dee-qhcy37enmnq/contents""},""followers"":{""href"":""https://api.are.na/v3/channels/tree-dee-qhcy37enmnq/followers""},""connections"":{""href"":""https://api.are.na/v3/channels/tree-dee-qhcy37enmnq/connections""}},""counts"":{""blocks"":45,""channels"":1,""contents"":46,""collaborators"":0},""metadata"":null,""created_at"":""2024-04-24T19:33:12Z"",""updated_at"":""2025-01-14T22:43:21Z"",""visibility"":""closed"",""description"":{""html"":""<p>3d dings</p>"",""plain"":""3d dings"",""markdown"":""3d dings""},""collaborators"":[]}","2026-07-27 21:46:34.666216","2831223","tree-dee-qhcy37enmnq","tree dee","3d dings","45","161"
"168","{""id"":846636,""can"":{""add_to"":false,""update"":false,""destroy"":false,""manage_collaborators"":false},""slug"":""mis-c"",""type"":""Channel"",""owner"":{""id"":204036,""name"":""Joseff Murphy"",""slug"":""joseff-murphy-men7n5woymg"",""type"":""User"",""avatar"":""https://static.avatars.are.na/204036/large_d4e2e5c46ced456bf5c40ec0bf0c6004.jpg?1719784613"",""initials"":""JM""},""state"":""available"",""title"":""mis c"",""_links"":{""self"":{""href"":""https://api.are.na/v3/channels/mis-c""},""owner"":{""href"":""https://api.are.na/v3/users/joseff-murphy-men7n5woymg""},""contents"":{""href"":""https://api.are.na/v3/channels/mis-c/contents""},""followers"":{""href"":""https://api.are.na/v3/channels/mis-c/followers""},""connections"":{""href"":""https://api.are.na/v3/channels/mis-c/connections""}},""counts"":{""blocks"":136,""channels"":35,""contents"":171,""collaborators"":0},""metadata"":null,""created_at"":""2020-10-19T14:17:55Z"",""updated_at"":""2026-05-29T11:18:53Z"",""visibility"":""closed"",""description"":null,""collaborators"":[]}","2026-07-27 21:46:59.411296","846636","mis-c","mis c",,"136","162"
"169","{""id"":995104,""can"":{""add_to"":false,""update"":false,""destroy"":false,""manage_collaborators"":false},""slug"":""dump_eye"",""type"":""Channel"",""owner"":{""id"":83593,""name"":""JULIE KOONG "",""slug"":""julie-koong"",""type"":""User"",""avatar"":null,""initials"":""JK""},""state"":""available"",""title"":""dump_eye"",""_links"":{""self"":{""href"":""https://api.are.na/v3/channels/dump_eye""},""owner"":{""href"":""https://api.are.na/v3/users/julie-koong""},""contents"":{""href"":""https://api.are.na/v3/channels/dump_eye/contents""},""followers"":{""href"":""https://api.are.na/v3/channels/dump_eye/followers""},""connections"":{""href"":""https://api.are.na/v3/channels/dump_eye/connections""}},""counts"":{""blocks"":543,""channels"":2,""contents"":545,""collaborators"":0},""metadata"":null,""created_at"":""2021-02-25T06:08:22Z"",""updated_at"":""2026-07-15T16:08:28Z"",""visibility"":""closed"",""description"":{""html"":""<p>pleasing to the eye</p>"",""plain"":""pleasing to the eye"",""markdown"":""pleasing to the eye""},""collaborators"":[]}","2026-07-27 21:47:32.720184","995104","dump_eye","dump_eye","pleasing to the eye","543","163"
"170","{""id"":1850157,""can"":{""add_to"":false,""update"":false,""destroy"":false,""manage_collaborators"":false},""slug"":""nine-nine"",""type"":""Channel"",""owner"":{""id"":441534,""name"":""洋99 李"",""slug"":""nine-nine"",""type"":""User"",""avatar"":null,""initials"":""洋李""},""state"":""available"",""title"":""洋99 李"",""_links"":{""self"":{""href"":""https://api.are.na/v3/channels/nine-nine""},""owner"":{""href"":""https://api.are.na/v3/users/nine-nine""},""contents"":{""href"":""https://api.are.na/v3/channels/nine-nine/contents""},""followers"":{""href"":""https://api.are.na/v3/channels/nine-nine/followers""},""connections"":{""href"":""https://api.are.na/v3/channels/nine-nine/connections""}},""counts"":{""blocks"":0,""channels"":0,""contents"":0,""collaborators"":0},""metadata"":null,""created_at"":""2022-11-10T06:45:27Z"",""updated_at"":""2026-03-16T03:06:20Z"",""visibility"":""public"",""description"":null,""collaborators"":[]}","2026-07-27 21:48:35.369171","1850157","nine-nine","洋99 李",,"0","164"
"171","{""id"":2546718,""can"":{""add_to"":false,""update"":false,""destroy"":false,""manage_collaborators"":false},""slug"":""never-enough-time"",""type"":""Channel"",""owner"":{""id"":105497,""name"":""IRACEMA ."",""slug"":""iracema"",""type"":""User"",""avatar"":""https://static.avatars.are.na/105497/large_5627279c88b25f9c8bf97927866d171f.png?1556018929"",""initials"":""I.""},""state"":""available"",""title"":""Never Enough Time"",""_links"":{""self"":{""href"":""https://api.are.na/v3/channels/never-enough-time""},""owner"":{""href"":""https://api.are.na/v3/users/iracema""},""contents"":{""href"":""https://api.are.na/v3/channels/never-enough-time/contents""},""followers"":{""href"":""https://api.are.na/v3/channels/never-enough-time/followers""},""connections"":{""href"":""https://api.are.na/v3/channels/never-enough-time/connections""}},""counts"":{""blocks"":26,""channels"":0,""contents"":26,""collaborators"":0},""metadata"":null,""created_at"":""2023-12-12T09:14:52Z"",""updated_at"":""2025-08-25T17:08:53Z"",""visibility"":""closed"",""description"":null,""collaborators"":[]}","2026-07-27 21:48:36.701493","2546718","never-enough-time","Never Enough Time",,"26","165"
"172","{""id"":3734,""can"":{""add_to"":false,""update"":false,""destroy"":false,""manage_collaborators"":false},""slug"":""random-blocks"",""type"":""Channel"",""owner"":{""id"":120,""name"":""Martin Murphy"",""slug"":""martin-murphy"",""type"":""User"",""avatar"":""https://static.avatars.are.na/120/large_e553d6a901217ff5f947d3d99bf9d8ad.jpg?1652644475"",""initials"":""MM""},""state"":""available"",""title"":""Random Blocks"",""_links"":{""self"":{""href"":""https://api.are.na/v3/channels/random-blocks""},""owner"":{""href"":""https://api.are.na/v3/users/martin-murphy""},""contents"":{""href"":""https://api.are.na/v3/channels/random-blocks/contents""},""followers"":{""href"":""https://api.are.na/v3/channels/random-blocks/followers""},""connections"":{""href"":""https://api.are.na/v3/channels/random-blocks/connections""}},""counts"":{""blocks"":873,""channels"":2,""contents"":875,""collaborators"":0},""metadata"":null,""created_at"":""2012-08-13T23:12:10Z"",""updated_at"":""2026-07-09T00:22:52Z"",""visibility"":""closed"",""description"":{""html"":""<p>king, sel, fan</p>"",""plain"":""king, sel, fan"",""markdown"":""king, sel, fan""},""collaborators"":[]}","2026-07-27 21:48:57.266734","3734","random-blocks","Random Blocks","king, sel, fan","873","166"
"173","{""id"":2623435,""can"":{""add_to"":false,""update"":false,""destroy"":false,""manage_collaborators"":false},""slug"":""rndm-insp"",""type"":""Channel"",""owner"":{""id"":629836,""name"":""Noah Hernandez"",""slug"":""noah-hernandez"",""type"":""User"",""avatar"":null,""initials"":""NH""},""state"":""available"",""title"":""RNDM INSP"",""_links"":{""self"":{""href"":""https://api.are.na/v3/channels/rndm-insp""},""owner"":{""href"":""https://api.are.na/v3/users/noah-hernandez""},""contents"":{""href"":""https://api.are.na/v3/channels/rndm-insp/contents""},""followers"":{""href"":""https://api.are.na/v3/channels/rndm-insp/followers""},""connections"":{""href"":""https://api.are.na/v3/channels/rndm-insp/connections""}},""counts"":{""blocks"":357,""channels"":7,""contents"":364,""collaborators"":0},""metadata"":null,""created_at"":""2024-01-23T19:42:45Z"",""updated_at"":""2025-10-26T16:44:49Z"",""visibility"":""closed"",""description"":null,""collaborators"":[]}","2026-07-27 21:50:25.333693","2623435","rndm-insp","RNDM INSP",,"357","167"
"174","{""id"":470229,""can"":{""add_to"":false,""update"":false,""destroy"":false,""manage_collaborators"":false},""slug"":""weird-irm4mv9y1dm"",""type"":""Channel"",""owner"":{""id"":121035,""name"":""Anna Alexanina"",""slug"":""anna-alexanina-omjdn6sr5pq"",""type"":""User"",""avatar"":null,""initials"":""AA""},""state"":""available"",""title"":""weird"",""_links"":{""self"":{""href"":""https://api.are.na/v3/channels/weird-irm4mv9y1dm""},""owner"":{""href"":""https://api.are.na/v3/users/anna-alexanina-omjdn6sr5pq""},""contents"":{""href"":""https://api.are.na/v3/channels/weird-irm4mv9y1dm/contents""},""followers"":{""href"":""https://api.are.na/v3/channels/weird-irm4mv9y1dm/followers""},""connections"":{""href"":""https://api.are.na/v3/channels/weird-irm4mv9y1dm/connections""}},""counts"":{""blocks"":221,""channels"":8,""contents"":229,""collaborators"":0},""metadata"":null,""created_at"":""2019-09-12T05:58:29Z"",""updated_at"":""2026-05-19T19:15:58Z"",""visibility"":""closed"",""description"":null,""collaborators"":[]}","2026-07-27 21:51:14.31688","470229","weird-irm4mv9y1dm","weird",,"221","168"
"175","{""id"":2449872,""can"":{""add_to"":false,""update"":false,""destroy"":false,""manage_collaborators"":false},""slug"":""open-in-case-of-identity-cri-i"",""type"":""Channel"",""owner"":{""id"":482452,""name"":""Math ilda"",""slug"":""math-ilda"",""type"":""User"",""avatar"":null,""initials"":""Mi""},""state"":""available"",""title"":""OPEN IN CASE OF 🪪 IDENTITY CRI$I$ "",""_links"":{""self"":{""href"":""https://api.are.na/v3/channels/open-in-case-of-identity-cri-i""},""owner"":{""href"":""https://api.are.na/v3/users/math-ilda""},""contents"":{""href"":""https://api.are.na/v3/channels/open-in-case-of-identity-cri-i/contents""},""followers"":{""href"":""https://api.are.na/v3/channels/open-in-case-of-identity-cri-i/followers""},""connections"":{""href"":""https://api.are.na/v3/channels/open-in-case-of-identity-cri-i/connections""}},""counts"":{""blocks"":110,""channels"":0,""contents"":110,""collaborators"":0},""metadata"":null,""created_at"":""2023-10-22T09:02:39Z"",""updated_at"":""2025-03-24T06:05:06Z"",""visibility"":""closed"",""description"":null,""collaborators"":[]}","2026-07-27 21:51:53.477607","2449872","open-in-case-of-identity-cri-i","OPEN IN CASE OF 🪪 IDENTITY CRI$I$ ",,"110","169"
"176","{""id"":2287568,""can"":{""add_to"":false,""update"":false,""destroy"":false,""manage_collaborators"":false},""slug"":""abi-m5zgl5a_rm8"",""type"":""Channel"",""owner"":{""id"":389183,""name"":""Jorgelina Garcia"",""slug"":""jorgelina-garcia"",""type"":""User"",""avatar"":null,""initials"":""JG""},""state"":""available"",""title"":""abi"",""_links"":{""self"":{""href"":""https://api.are.na/v3/channels/abi-m5zgl5a_rm8""},""owner"":{""href"":""https://api.are.na/v3/users/jorgelina-garcia""},""contents"":{""href"":""https://api.are.na/v3/channels/abi-m5zgl5a_rm8/contents""},""followers"":{""href"":""https://api.are.na/v3/channels/abi-m5zgl5a_rm8/followers""},""connections"":{""href"":""https://api.are.na/v3/channels/abi-m5zgl5a_rm8/connections""}},""counts"":{""blocks"":201,""channels"":0,""contents"":201,""collaborators"":0},""metadata"":null,""created_at"":""2023-07-23T13:19:22Z"",""updated_at"":""2024-07-26T17:21:47Z"",""visibility"":""closed"",""description"":null,""collaborators"":[]}","2026-07-27 21:52:28.920131","2287568","abi-m5zgl5a_rm8","abi",,"201","170"
"177","{""id"":2359523,""can"":{""add_to"":false,""update"":false,""destroy"":false,""manage_collaborators"":false},""slug"":""inspo-kntjpefip1c"",""type"":""Channel"",""owner"":{""id"":454974,""name"":""Yana Nesterenko"",""slug"":""yana-nesterenko"",""type"":""User"",""avatar"":null,""initials"":""YN""},""state"":""available"",""title"":""inspo"",""_links"":{""self"":{""href"":""https://api.are.na/v3/channels/inspo-kntjpefip1c""},""owner"":{""href"":""https://api.are.na/v3/users/yana-nesterenko""},""contents"":{""href"":""https://api.are.na/v3/channels/inspo-kntjpefip1c/contents""},""followers"":{""href"":""https://api.are.na/v3/channels/inspo-kntjpefip1c/followers""},""connections"":{""href"":""https://api.are.na/v3/channels/inspo-kntjpefip1c/connections""}},""counts"":{""blocks"":147,""channels"":6,""contents"":153,""collaborators"":0},""metadata"":null,""created_at"":""2023-09-06T22:31:02Z"",""updated_at"":""2025-06-21T07:34:30Z"",""visibility"":""closed"",""description"":null,""collaborators"":[]}","2026-07-27 21:53:07.884558","2359523","inspo-kntjpefip1c","inspo",,"147","171"
"178","{""id"":2392715,""can"":{""add_to"":false,""update"":false,""destroy"":false,""manage_collaborators"":false},""slug"":""fisher-price-four-wheeler"",""type"":""Channel"",""owner"":{""id"":450053,""name"":""natalie hanson"",""slug"":""natalie-hanson"",""type"":""User"",""avatar"":null,""initials"":""nh""},""state"":""available"",""title"":""fisher price four wheeler"",""_links"":{""self"":{""href"":""https://api.are.na/v3/channels/fisher-price-four-wheeler""},""owner"":{""href"":""https://api.are.na/v3/users/natalie-hanson""},""contents"":{""href"":""https://api.are.na/v3/channels/fisher-price-four-wheeler/contents""},""followers"":{""href"":""https://api.are.na/v3/channels/fisher-price-four-wheeler/followers""},""connections"":{""href"":""https://api.are.na/v3/channels/fisher-price-four-wheeler/connections""}},""counts"":{""blocks"":44,""channels"":4,""contents"":48,""collaborators"":0},""metadata"":null,""created_at"":""2023-09-24T20:09:21Z"",""updated_at"":""2025-08-24T15:50:13Z"",""visibility"":""closed"",""description"":{""html"":""<p>no ulterior motives no billable hours <br>\nno networking no upskilling</p>\n\n<p>i don’t have an angle, i am entirely freeform</p>"",""plain"":""no ulterior motives no billable hours \nno networking no upskilling\ni don’t have an angle, i am entirely freeform"",""markdown"":""no ulterior motives no billable hours \nno networking no upskilling\n\ni don’t have an angle, i am entirely freeform\n\n""},""collaborators"":[]}","2026-07-27 21:53:43.400956","2392715","fisher-price-four-wheeler","fisher price four wheeler","no ulterior motives no billable hours 
no networking no upskilling
i don’t have an angle, i am entirely freeform","44","172"
"179","{""id"":2297885,""can"":{""add_to"":false,""update"":false,""destroy"":false,""manage_collaborators"":false},""slug"":""3d-jiupajhfmky"",""type"":""Channel"",""owner"":{""id"":359179,""name"":""radim returnov"",""slug"":""radim-returnov"",""type"":""User"",""avatar"":""https://static.avatars.are.na/359179/large_f2018bbe57ab02c5ba9a2a7ab7301bac.jpg?1765813386"",""initials"":""rr""},""state"":""available"",""title"":""❀ 3d"",""_links"":{""self"":{""href"":""https://api.are.na/v3/channels/3d-jiupajhfmky""},""owner"":{""href"":""https://api.are.na/v3/users/radim-returnov""},""contents"":{""href"":""https://api.are.na/v3/channels/3d-jiupajhfmky/contents""},""followers"":{""href"":""https://api.are.na/v3/channels/3d-jiupajhfmky/followers""},""connections"":{""href"":""https://api.are.na/v3/channels/3d-jiupajhfmky/connections""}},""counts"":{""blocks"":156,""channels"":1,""contents"":157,""collaborators"":0},""metadata"":null,""created_at"":""2023-07-29T21:22:51Z"",""updated_at"":""2026-07-06T11:26:02Z"",""visibility"":""closed"",""description"":null,""collaborators"":[]}","2026-07-27 21:54:08.000015","2297885","3d-jiupajhfmky","❀ 3d",,"156","173"
"180","{""id"":488123,""can"":{""add_to"":false,""update"":false,""destroy"":false,""manage_collaborators"":false},""slug"":""idk-c4q8w9zel7c"",""type"":""Channel"",""owner"":{""id"":128851,""name"":""allan holmes"",""slug"":""allan-holmes"",""type"":""User"",""avatar"":null,""initials"":""ah""},""state"":""available"",""title"":""IDK"",""_links"":{""self"":{""href"":""https://api.are.na/v3/channels/idk-c4q8w9zel7c""},""owner"":{""href"":""https://api.are.na/v3/users/allan-holmes""},""contents"":{""href"":""https://api.are.na/v3/channels/idk-c4q8w9zel7c/contents""},""followers"":{""href"":""https://api.are.na/v3/channels/idk-c4q8w9zel7c/followers""},""connections"":{""href"":""https://api.are.na/v3/channels/idk-c4q8w9zel7c/connections""}},""counts"":{""blocks"":22,""channels"":0,""contents"":22,""collaborators"":1},""metadata"":null,""created_at"":""2019-10-05T19:23:01Z"",""updated_at"":""2025-06-11T03:45:19Z"",""visibility"":""public"",""description"":null,""collaborators"":[{""id"":9230,""name"":""Patrick Tomasiewicz"",""slug"":""patrick-tomasiewicz"",""type"":""User"",""_links"":{""self"":{""href"":""https://api.are.na/v3/users/patrick-tomasiewicz""}},""avatar"":null,""initials"":""PT""}]}","2026-07-27 21:54:37.390099","488123","idk-c4q8w9zel7c","IDK",,"22","174"
"181","{""id"":2688129,""can"":{""add_to"":false,""update"":false,""destroy"":false,""manage_collaborators"":false},""slug"":""random-0j-eddwzp3y"",""type"":""Channel"",""owner"":{""id"":578179,""name"":""g uest"",""slug"":""g-uest"",""type"":""User"",""avatar"":null,""initials"":""gu""},""state"":""available"",""title"":""random"",""_links"":{""self"":{""href"":""https://api.are.na/v3/channels/random-0j-eddwzp3y""},""owner"":{""href"":""https://api.are.na/v3/users/g-uest""},""contents"":{""href"":""https://api.are.na/v3/channels/random-0j-eddwzp3y/contents""},""followers"":{""href"":""https://api.are.na/v3/channels/random-0j-eddwzp3y/followers""},""connections"":{""href"":""https://api.are.na/v3/channels/random-0j-eddwzp3y/connections""}},""counts"":{""blocks"":65,""channels"":0,""contents"":65,""collaborators"":0},""metadata"":null,""created_at"":""2024-02-20T06:09:15Z"",""updated_at"":""2026-07-21T01:06:24Z"",""visibility"":""closed"",""description"":null,""collaborators"":[]}","2026-07-27 21:55:00.790878","2688129","random-0j-eddwzp3y","random",,"65","175"
"182","{""id"":5445759,""can"":{""add_to"":false,""update"":false,""destroy"":false,""manage_collaborators"":false},""slug"":""postcards-5n0o6jir5h8"",""type"":""Channel"",""owner"":{""id"":1473413,""name"":""Sofia Victoria"",""slug"":""sofia-victoria-sfdlc24lgyu"",""type"":""User"",""avatar"":null,""initials"":""SV""},""state"":""available"",""title"":""Postcards"",""_links"":{""self"":{""href"":""https://api.are.na/v3/channels/postcards-5n0o6jir5h8""},""owner"":{""href"":""https://api.are.na/v3/users/sofia-victoria-sfdlc24lgyu""},""contents"":{""href"":""https://api.are.na/v3/channels/postcards-5n0o6jir5h8/contents""},""followers"":{""href"":""https://api.are.na/v3/channels/postcards-5n0o6jir5h8/followers""},""connections"":{""href"":""https://api.are.na/v3/channels/postcards-5n0o6jir5h8/connections""}},""counts"":{""blocks"":52,""channels"":0,""contents"":52,""collaborators"":0},""metadata"":null,""created_at"":""2026-07-15T17:08:54Z"",""updated_at"":""2026-07-22T16:23:16Z"",""visibility"":""closed"",""description"":null,""collaborators"":[]}","2026-07-27 21:55:24.939134","5445759","postcards-5n0o6jir5h8","Postcards",,"52","176"
"183","{""id"":3638978,""can"":{""add_to"":false,""update"":false,""destroy"":false,""manage_collaborators"":false},""slug"":""enchanted-worlds"",""type"":""Channel"",""owner"":{""id"":875850,""name"":""Arielle 🌀"",""slug"":""arielle"",""type"":""User"",""avatar"":null,""initials"":""A🌀""},""state"":""available"",""title"":""enchanted worlds "",""_links"":{""self"":{""href"":""https://api.are.na/v3/channels/enchanted-worlds""},""owner"":{""href"":""https://api.are.na/v3/users/arielle""},""contents"":{""href"":""https://api.are.na/v3/channels/enchanted-worlds/contents""},""followers"":{""href"":""https://api.are.na/v3/channels/enchanted-worlds/followers""},""connections"":{""href"":""https://api.are.na/v3/channels/enchanted-worlds/connections""}},""counts"":{""blocks"":78,""channels"":0,""contents"":78,""collaborators"":0},""metadata"":null,""created_at"":""2025-03-11T20:25:17Z"",""updated_at"":""2026-06-24T20:48:41Z"",""visibility"":""closed"",""description"":null,""collaborators"":[]}","2026-07-27 21:55:49.687836","3638978","enchanted-worlds","enchanted worlds ",,"78","177"
"184","{""id"":5099566,""can"":{""add_to"":false,""update"":false,""destroy"":false,""manage_collaborators"":false},""slug"":""i-was-framed"",""type"":""Channel"",""owner"":{""id"":135664,""name"":""𓃗 𓄧"",""slug"":""losofsry_ao"",""type"":""User"",""avatar"":""https://static.avatars.are.na/135664/large_58ab3e44dfe8fd0345e1053c947e135e.jpg?1767304757"",""initials"":""𓃗𓄧""},""state"":""available"",""title"":""i was framed!"",""_links"":{""self"":{""href"":""https://api.are.na/v3/channels/i-was-framed""},""owner"":{""href"":""https://api.are.na/v3/users/losofsry_ao""},""contents"":{""href"":""https://api.are.na/v3/channels/i-was-framed/contents""},""followers"":{""href"":""https://api.are.na/v3/channels/i-was-framed/followers""},""connections"":{""href"":""https://api.are.na/v3/channels/i-was-framed/connections""}},""counts"":{""blocks"":127,""channels"":0,""contents"":127,""collaborators"":0},""metadata"":null,""created_at"":""2026-04-24T17:51:17Z"",""updated_at"":""2026-07-24T17:53:01Z"",""visibility"":""closed"",""description"":null,""collaborators"":[]}","2026-07-27 21:56:14.775988","5099566","i-was-framed","i was framed!",,"127","178"
"185","{""id"":5068526,""can"":{""add_to"":false,""update"":false,""destroy"":false,""manage_collaborators"":false},""slug"":""labareda"",""type"":""Channel"",""owner"":{""id"":1410313,""name"":""Thayne Gomes"",""slug"":""thayne-gomes"",""type"":""User"",""avatar"":null,""initials"":""TG""},""state"":""available"",""title"":""labareda "",""_links"":{""self"":{""href"":""https://api.are.na/v3/channels/labareda""},""owner"":{""href"":""https://api.are.na/v3/users/thayne-gomes""},""contents"":{""href"":""https://api.are.na/v3/channels/labareda/contents""},""followers"":{""href"":""https://api.are.na/v3/channels/labareda/followers""},""connections"":{""href"":""https://api.are.na/v3/channels/labareda/connections""}},""counts"":{""blocks"":39,""channels"":0,""contents"":39,""collaborators"":0},""metadata"":null,""created_at"":""2026-04-17T19:10:04Z"",""updated_at"":""2026-05-24T17:39:45Z"",""visibility"":""closed"",""description"":null,""collaborators"":[]}","2026-07-27 21:56:40.66601","5068526","labareda","labareda ",,"39","179"
"186","{""id"":4881975,""can"":{""add_to"":false,""update"":false,""destroy"":false,""manage_collaborators"":false},""slug"":""pearl-environment"",""type"":""Channel"",""owner"":{""id"":1118735,""name"":""maya rae miller"",""slug"":""maya-rae-miller"",""type"":""User"",""avatar"":""https://static.avatars.are.na/1118735/large_b1e7b22e6d61662fcf9870658836ca80.jpg?1762981915"",""initials"":""mrm""},""state"":""available"",""title"":""pearl environment "",""_links"":{""self"":{""href"":""https://api.are.na/v3/channels/pearl-environment""},""owner"":{""href"":""https://api.are.na/v3/users/maya-rae-miller""},""contents"":{""href"":""https://api.are.na/v3/channels/pearl-environment/contents""},""followers"":{""href"":""https://api.are.na/v3/channels/pearl-environment/followers""},""connections"":{""href"":""https://api.are.na/v3/channels/pearl-environment/connections""}},""counts"":{""blocks"":546,""channels"":5,""contents"":551,""collaborators"":0},""metadata"":null,""created_at"":""2026-03-01T14:51:47Z"",""updated_at"":""2026-07-27T19:53:12Z"",""visibility"":""closed"",""description"":null,""collaborators"":[]}","2026-07-27 21:57:04.98232","4881975","pearl-environment","pearl environment ",,"546","180"
"187","{""id"":4775644,""can"":{""add_to"":false,""update"":false,""destroy"":false,""manage_collaborators"":false},""slug"":""god-hm0o8yml-ug"",""type"":""Channel"",""owner"":{""id"":1162611,""name"":""Skyler Cook"",""slug"":""skyler-cook"",""type"":""User"",""avatar"":null,""initials"":""SC""},""state"":""available"",""title"":""god"",""_links"":{""self"":{""href"":""https://api.are.na/v3/channels/god-hm0o8yml-ug""},""owner"":{""href"":""https://api.are.na/v3/users/skyler-cook""},""contents"":{""href"":""https://api.are.na/v3/channels/god-hm0o8yml-ug/contents""},""followers"":{""href"":""https://api.are.na/v3/channels/god-hm0o8yml-ug/followers""},""connections"":{""href"":""https://api.are.na/v3/channels/god-hm0o8yml-ug/connections""}},""counts"":{""blocks"":27,""channels"":0,""contents"":27,""collaborators"":0},""metadata"":null,""created_at"":""2026-02-01T21:55:24Z"",""updated_at"":""2026-07-19T07:36:17Z"",""visibility"":""public"",""description"":null,""collaborators"":[]}","2026-07-27 21:58:12.678885","4775644","god-hm0o8yml-ug","god",,"27","181"
"188","{""id"":4348592,""can"":{""add_to"":false,""update"":false,""destroy"":false,""manage_collaborators"":false},""slug"":""q4-2025"",""type"":""Channel"",""owner"":{""id"":229096,""name"":""Alexandra Boblov"",""slug"":""alexandra-boblov"",""type"":""User"",""avatar"":null,""initials"":""AB""},""state"":""available"",""title"":""q4 2025"",""_links"":{""self"":{""href"":""https://api.are.na/v3/channels/q4-2025""},""owner"":{""href"":""https://api.are.na/v3/users/alexandra-boblov""},""contents"":{""href"":""https://api.are.na/v3/channels/q4-2025/contents""},""followers"":{""href"":""https://api.are.na/v3/channels/q4-2025/followers""},""connections"":{""href"":""https://api.are.na/v3/channels/q4-2025/connections""}},""counts"":{""blocks"":116,""channels"":2,""contents"":118,""collaborators"":0},""metadata"":null,""created_at"":""2025-10-20T11:31:39Z"",""updated_at"":""2026-07-19T03:38:54Z"",""visibility"":""closed"",""description"":null,""collaborators"":[]}","2026-07-27 21:58:36.671391","4348592","q4-2025","q4 2025",,"116","182"
"189","{""id"":783951,""can"":{""add_to"":false,""update"":false,""destroy"":false,""manage_collaborators"":false},""slug"":""floats-my-boat"",""type"":""Channel"",""owner"":{""id"":110839,""name"":""UPC666 BLANK"",""slug"":""upc666-blank"",""type"":""User"",""avatar"":""https://static.avatars.are.na/110839/large_39b65b4249962e598cc5f088d7714be5.jpg?1714334327"",""initials"":""UB""},""state"":""available"",""title"":""floats my boat"",""_links"":{""self"":{""href"":""https://api.are.na/v3/channels/floats-my-boat""},""owner"":{""href"":""https://api.are.na/v3/users/upc666-blank""},""contents"":{""href"":""https://api.are.na/v3/channels/floats-my-boat/contents""},""followers"":{""href"":""https://api.are.na/v3/channels/floats-my-boat/followers""},""connections"":{""href"":""https://api.are.na/v3/channels/floats-my-boat/connections""}},""counts"":{""blocks"":853,""channels"":18,""contents"":871,""collaborators"":0},""metadata"":null,""created_at"":""2020-08-25T17:08:02Z"",""updated_at"":""2026-07-26T12:40:45Z"",""visibility"":""closed"",""description"":null,""collaborators"":[]}","2026-07-27 21:59:10.821197","783951","floats-my-boat","floats my boat",,"853","183"
"190","{""id"":3959992,""can"":{""add_to"":false,""update"":false,""destroy"":false,""manage_collaborators"":false},""slug"":""goodbye-horses-d2gm2c6xvu0"",""type"":""Channel"",""owner"":{""id"":207393,""name"":""Lucas GOUET"",""slug"":""lucas-gouet"",""type"":""User"",""avatar"":""https://static.avatars.are.na/207393/large_ca8a0ff0afb506db34a64a552c7f5fb2.jpg?1684942999"",""initials"":""LG""},""state"":""available"",""title"":""GOODBYE HORSES"",""_links"":{""self"":{""href"":""https://api.are.na/v3/channels/goodbye-horses-d2gm2c6xvu0""},""owner"":{""href"":""https://api.are.na/v3/users/lucas-gouet""},""contents"":{""href"":""https://api.are.na/v3/channels/goodbye-horses-d2gm2c6xvu0/contents""},""followers"":{""href"":""https://api.are.na/v3/channels/goodbye-horses-d2gm2c6xvu0/followers""},""connections"":{""href"":""https://api.are.na/v3/channels/goodbye-horses-d2gm2c6xvu0/connections""}},""counts"":{""blocks"":154,""channels"":0,""contents"":154,""collaborators"":0},""metadata"":null,""created_at"":""2025-07-04T14:49:08Z"",""updated_at"":""2026-06-29T09:00:30Z"",""visibility"":""closed"",""description"":null,""collaborators"":[]}","2026-07-27 22:00:41.918127","3959992","goodbye-horses-d2gm2c6xvu0","GOODBYE HORSES",,"154","184"
"191","{""id"":4310326,""can"":{""add_to"":false,""update"":false,""destroy"":false,""manage_collaborators"":false},""slug"":""project-sophia"",""type"":""Channel"",""owner"":{""id"":483967,""name"":""Miranda Arias"",""slug"":""miranda-arias"",""type"":""User"",""avatar"":""https://static.avatars.are.na/483967/large_466d6df9575ef5dc9340405b93ae6861.png?1706059432"",""initials"":""MA""},""state"":""available"",""title"":""PROJECT: Sophia"",""_links"":{""self"":{""href"":""https://api.are.na/v3/channels/project-sophia""},""owner"":{""href"":""https://api.are.na/v3/users/miranda-arias""},""contents"":{""href"":""https://api.are.na/v3/channels/project-sophia/contents""},""followers"":{""href"":""https://api.are.na/v3/channels/project-sophia/followers""},""connections"":{""href"":""https://api.are.na/v3/channels/project-sophia/connections""}},""counts"":{""blocks"":31,""channels"":0,""contents"":31,""collaborators"":0},""metadata"":null,""created_at"":""2025-10-15T17:16:59Z"",""updated_at"":""2026-04-21T16:12:25Z"",""visibility"":""closed"",""description"":null,""collaborators"":[]}","2026-07-27 22:01:13.045412","4310326","project-sophia","PROJECT: Sophia",,"31","185"
"192","{""id"":4105248,""can"":{""add_to"":false,""update"":false,""destroy"":false,""manage_collaborators"":false},""slug"":""3-spirit"",""type"":""Channel"",""owner"":{""id"":739325,""name"":""Sam Treanor"",""slug"":""sam-treanor"",""type"":""User"",""avatar"":null,""initials"":""ST""},""state"":""available"",""title"":""3 - Spirit"",""_links"":{""self"":{""href"":""https://api.are.na/v3/channels/3-spirit""},""owner"":{""href"":""https://api.are.na/v3/users/sam-treanor""},""contents"":{""href"":""https://api.are.na/v3/channels/3-spirit/contents""},""followers"":{""href"":""https://api.are.na/v3/channels/3-spirit/followers""},""connections"":{""href"":""https://api.are.na/v3/channels/3-spirit/connections""}},""counts"":{""blocks"":271,""channels"":4,""contents"":275,""collaborators"":1},""metadata"":null,""created_at"":""2025-08-21T03:30:19Z"",""updated_at"":""2026-07-24T23:43:07Z"",""visibility"":""closed"",""description"":{""html"":""<p>🪞</p>"",""plain"":""🪞"",""markdown"":""🪞""},""collaborators"":[{""id"":861305,""name"":""Jakob Meighen"",""slug"":""jakob-meighen"",""type"":""User"",""_links"":{""self"":{""href"":""https://api.are.na/v3/users/jakob-meighen""}},""avatar"":null,""initials"":""JM""}]}","2026-07-27 22:01:38.337493","4105248","3-spirit","3 - Spirit","🪞","271","24"
"193","{""id"":3801255,""can"":{""add_to"":false,""update"":false,""destroy"":false,""manage_collaborators"":false},""slug"":""treasure-c5fhdoy5xgw"",""type"":""Channel"",""owner"":{""id"":538529,""name"":""saulomoon ✨"",""slug"":""saulomoon"",""type"":""User"",""avatar"":""https://static.avatars.are.na/538529/large_03c4048cac3e1244415764366095d922.gif?1754093550"",""initials"":""s✨""},""state"":""available"",""title"":""treasure"",""_links"":{""self"":{""href"":""https://api.are.na/v3/channels/treasure-c5fhdoy5xgw""},""owner"":{""href"":""https://api.are.na/v3/users/saulomoon""},""contents"":{""href"":""https://api.are.na/v3/channels/treasure-c5fhdoy5xgw/contents""},""followers"":{""href"":""https://api.are.na/v3/channels/treasure-c5fhdoy5xgw/followers""},""connections"":{""href"":""https://api.are.na/v3/channels/treasure-c5fhdoy5xgw/connections""}},""counts"":{""blocks"":323,""channels"":1,""contents"":324,""collaborators"":0},""metadata"":null,""created_at"":""2025-05-07T17:28:46Z"",""updated_at"":""2026-07-21T10:19:56Z"",""visibility"":""public"",""description"":null,""collaborators"":[]}","2026-07-27 22:02:18.775872","3801255","treasure-c5fhdoy5xgw","treasure",,"323","187"
"194","{""id"":1628061,""can"":{""add_to"":false,""update"":false,""destroy"":false,""manage_collaborators"":false},""slug"":""far-far-away-fe5-76job6e"",""type"":""Channel"",""owner"":{""id"":296016,""name"":""yuval brenner"",""slug"":""yuval-brenner"",""type"":""User"",""avatar"":""https://static.avatars.are.na/296016/large_db0c9a11e5f25851d0a51fb633630889.jpg?1656061272"",""initials"":""yb""},""state"":""available"",""title"":""Far Far Away"",""_links"":{""self"":{""href"":""https://api.are.na/v3/channels/far-far-away-fe5-76job6e""},""owner"":{""href"":""https://api.are.na/v3/users/yuval-brenner""},""contents"":{""href"":""https://api.are.na/v3/channels/far-far-away-fe5-76job6e/contents""},""followers"":{""href"":""https://api.are.na/v3/channels/far-far-away-fe5-76job6e/followers""},""connections"":{""href"":""https://api.are.na/v3/channels/far-far-away-fe5-76job6e/connections""}},""counts"":{""blocks"":133,""channels"":10,""contents"":143,""collaborators"":2},""metadata"":null,""created_at"":""2022-06-24T09:02:35Z"",""updated_at"":""2026-07-03T16:41:25Z"",""visibility"":""closed"",""description"":null,""collaborators"":[{""id"":475850,""name"":""Tal Manuel Zipori"",""slug"":""tal-manuel-zipori"",""type"":""User"",""_links"":{""self"":{""href"":""https://api.are.na/v3/users/tal-manuel-zipori""}},""avatar"":null,""initials"":""TMZ""},{""id"":249043,""name"":""Neta Thon"",""slug"":""neta-thon"",""type"":""User"",""_links"":{""self"":{""href"":""https://api.are.na/v3/users/neta-thon""}},""avatar"":null,""initials"":""NT""}]}","2026-07-27 22:03:03.302986","1628061","far-far-away-fe5-76job6e","Far Far Away",,"133","188"
"195","{""id"":3650925,""can"":{""add_to"":false,""update"":false,""destroy"":false,""manage_collaborators"":false},""slug"":""earthsea"",""type"":""Channel"",""owner"":{""id"":780832,""name"":""Emily Jayne"",""slug"":""emily-jayne"",""type"":""User"",""avatar"":null,""initials"":""EJ""},""state"":""available"",""title"":""earthsea"",""_links"":{""self"":{""href"":""https://api.are.na/v3/channels/earthsea""},""owner"":{""href"":""https://api.are.na/v3/users/emily-jayne""},""contents"":{""href"":""https://api.are.na/v3/channels/earthsea/contents""},""followers"":{""href"":""https://api.are.na/v3/channels/earthsea/followers""},""connections"":{""href"":""https://api.are.na/v3/channels/earthsea/connections""}},""counts"":{""blocks"":62,""channels"":0,""contents"":62,""collaborators"":0},""metadata"":null,""created_at"":""2025-03-16T08:46:07Z"",""updated_at"":""2026-04-06T18:33:52Z"",""visibility"":""closed"",""description"":null,""collaborators"":[]}","2026-07-27 22:03:29.260927","3650925","earthsea","earthsea",,"62","189"
"197","{""id"":3606758,""can"":{""add_to"":false,""update"":false,""destroy"":false,""manage_collaborators"":false},""slug"":""color-piok2cfl51m"",""type"":""Channel"",""owner"":{""id"":221225,""name"":""Mad ᕕ༼✿•̀︿•́༽ᕗ Topp♡︎♡︎♡︎"",""slug"":""mad-topp"",""type"":""User"",""avatar"":null,""initials"":""MᕕT""},""state"":""available"",""title"":""color"",""_links"":{""self"":{""href"":""https://api.are.na/v3/channels/color-piok2cfl51m""},""owner"":{""href"":""https://api.are.na/v3/users/mad-topp""},""contents"":{""href"":""https://api.are.na/v3/channels/color-piok2cfl51m/contents""},""followers"":{""href"":""https://api.are.na/v3/channels/color-piok2cfl51m/followers""},""connections"":{""href"":""https://api.are.na/v3/channels/color-piok2cfl51m/connections""}},""counts"":{""blocks"":196,""channels"":0,""contents"":196,""collaborators"":0},""metadata"":null,""created_at"":""2025-02-28T03:15:15Z"",""updated_at"":""2026-07-04T19:33:35Z"",""visibility"":""closed"",""description"":null,""collaborators"":[]}","2026-07-27 22:04:25.807705","3606758","color-piok2cfl51m","color",,"196","191"
"198","{""id"":569537,""can"":{""add_to"":false,""update"":false,""destroy"":false,""manage_collaborators"":false},""slug"":""the-way-to-my-heart"",""type"":""Channel"",""owner"":{""id"":90367,""name"":""ROCHE ☺︎"",""slug"":""roche-l5hhhti3wse"",""type"":""User"",""avatar"":""https://static.avatars.are.na/90367/large_f0103d70941033925f84c4c402607af3.jpg?1753088591"",""initials"":""R☺""},""state"":""available"",""title"":""the way to my heart "",""_links"":{""self"":{""href"":""https://api.are.na/v3/channels/the-way-to-my-heart""},""owner"":{""href"":""https://api.are.na/v3/users/roche-l5hhhti3wse""},""contents"":{""href"":""https://api.are.na/v3/channels/the-way-to-my-heart/contents""},""followers"":{""href"":""https://api.are.na/v3/channels/the-way-to-my-heart/followers""},""connections"":{""href"":""https://api.are.na/v3/channels/the-way-to-my-heart/connections""}},""counts"":{""blocks"":159,""channels"":1,""contents"":160,""collaborators"":0},""metadata"":null,""created_at"":""2020-01-22T18:47:04Z"",""updated_at"":""2026-06-26T10:35:19Z"",""visibility"":""closed"",""description"":null,""collaborators"":[]}","2026-07-27 22:05:01.320928","569537","the-way-to-my-heart","the way to my heart ",,"159","192"
"199","{""id"":2381474,""can"":{""add_to"":false,""update"":false,""destroy"":false,""manage_collaborators"":false},""slug"":""border-hoarder"",""type"":""Channel"",""owner"":{""id"":526250,""name"":""Sara Jaye"",""slug"":""sara-jaye"",""type"":""User"",""avatar"":null,""initials"":""SJ""},""state"":""available"",""title"":""Border Hoarder"",""_links"":{""self"":{""href"":""https://api.are.na/v3/channels/border-hoarder""},""owner"":{""href"":""https://api.are.na/v3/users/sara-jaye""},""contents"":{""href"":""https://api.are.na/v3/channels/border-hoarder/contents""},""followers"":{""href"":""https://api.are.na/v3/channels/border-hoarder/followers""},""connections"":{""href"":""https://api.are.na/v3/channels/border-hoarder/connections""}},""counts"":{""blocks"":287,""channels"":5,""contents"":292,""collaborators"":0},""metadata"":null,""created_at"":""2023-09-18T20:29:17Z"",""updated_at"":""2026-07-19T17:25:54Z"",""visibility"":""public"",""description"":null,""collaborators"":[]}","2026-07-27 22:05:35.178933","2381474","border-hoarder","Border Hoarder",,"287","193"
"200","{""id"":3450192,""can"":{""add_to"":false,""update"":false,""destroy"":false,""manage_collaborators"":false},""slug"":""drawings-medieval-spirit"",""type"":""Channel"",""owner"":{""id"":515156,""name"":""Marthe Boissonnade"",""slug"":""marthe-boissonnade"",""type"":""User"",""avatar"":null,""initials"":""MB""},""state"":""available"",""title"":""drawings medieval spirit"",""_links"":{""self"":{""href"":""https://api.are.na/v3/channels/drawings-medieval-spirit""},""owner"":{""href"":""https://api.are.na/v3/users/marthe-boissonnade""},""contents"":{""href"":""https://api.are.na/v3/channels/drawings-medieval-spirit/contents""},""followers"":{""href"":""https://api.are.na/v3/channels/drawings-medieval-spirit/followers""},""connections"":{""href"":""https://api.are.na/v3/channels/drawings-medieval-spirit/connections""}},""counts"":{""blocks"":42,""channels"":0,""contents"":42,""collaborators"":0},""metadata"":null,""created_at"":""2025-01-07T22:02:22Z"",""updated_at"":""2025-06-08T12:17:38Z"",""visibility"":""closed"",""description"":null,""collaborators"":[]}","2026-07-27 22:06:18.427156","3450192","drawings-medieval-spirit","drawings medieval spirit",,"42","194"
"201","{""id"":3369945,""can"":{""add_to"":false,""update"":false,""destroy"":false,""manage_collaborators"":false},""slug"":""bio-fantasicalism"",""type"":""Channel"",""owner"":{""id"":589761,""name"":""Lillie Pitchforth"",""slug"":""lillie-pitchforth"",""type"":""User"",""avatar"":null,""initials"":""LP""},""state"":""available"",""title"":""bio-fantasicalism"",""_links"":{""self"":{""href"":""https://api.are.na/v3/channels/bio-fantasicalism""},""owner"":{""href"":""https://api.are.na/v3/users/lillie-pitchforth""},""contents"":{""href"":""https://api.are.na/v3/channels/bio-fantasicalism/contents""},""followers"":{""href"":""https://api.are.na/v3/channels/bio-fantasicalism/followers""},""connections"":{""href"":""https://api.are.na/v3/channels/bio-fantasicalism/connections""}},""counts"":{""blocks"":117,""channels"":0,""contents"":117,""collaborators"":0},""metadata"":null,""created_at"":""2024-12-02T10:27:36Z"",""updated_at"":""2026-07-19T14:26:19Z"",""visibility"":""closed"",""description"":null,""collaborators"":[]}","2026-07-27 22:06:41.143395","3369945","bio-fantasicalism","bio-fantasicalism",,"117","195"
"202","{""id"":2777694,""can"":{""add_to"":false,""update"":false,""destroy"":false,""manage_collaborators"":false},""slug"":""brain-food-y4attozkzci"",""type"":""Channel"",""owner"":{""id"":79026,""name"":""Emma ♡"",""slug"":""emma-sgpf8-z-ubc"",""type"":""User"",""avatar"":""https://static.avatars.are.na/79026/large_d5c3bcb7dc833184d880cd3df2f24b6c.jpg?1772482161"",""initials"":""E♡""},""state"":""available"",""title"":""brain food"",""_links"":{""self"":{""href"":""https://api.are.na/v3/channels/brain-food-y4attozkzci""},""owner"":{""href"":""https://api.are.na/v3/users/emma-sgpf8-z-ubc""},""contents"":{""href"":""https://api.are.na/v3/channels/brain-food-y4attozkzci/contents""},""followers"":{""href"":""https://api.are.na/v3/channels/brain-food-y4attozkzci/followers""},""connections"":{""href"":""https://api.are.na/v3/channels/brain-food-y4attozkzci/connections""}},""counts"":{""blocks"":91,""channels"":23,""contents"":114,""collaborators"":0},""metadata"":null,""created_at"":""2024-04-02T04:01:29Z"",""updated_at"":""2026-03-27T00:43:22Z"",""visibility"":""closed"",""description"":{""html"":""<p>good itch</p>"",""plain"":""good itch"",""markdown"":""good itch""},""collaborators"":[]}","2026-07-27 22:07:13.818844","2777694","brain-food-y4attozkzci","brain food","good itch","91","196"
"203","{""id"":3132701,""can"":{""add_to"":false,""update"":false,""destroy"":false,""manage_collaborators"":false},""slug"":""hyperpop-77wyn9wdfry"",""type"":""Channel"",""owner"":{""id"":24587,""name"":""Gordon Brander"",""slug"":""gordon-brander"",""type"":""User"",""avatar"":null,""initials"":""GB""},""state"":""available"",""title"":""hyperpop"",""_links"":{""self"":{""href"":""https://api.are.na/v3/channels/hyperpop-77wyn9wdfry""},""owner"":{""href"":""https://api.are.na/v3/users/gordon-brander""},""contents"":{""href"":""https://api.are.na/v3/channels/hyperpop-77wyn9wdfry/contents""},""followers"":{""href"":""https://api.are.na/v3/channels/hyperpop-77wyn9wdfry/followers""},""connections"":{""href"":""https://api.are.na/v3/channels/hyperpop-77wyn9wdfry/connections""}},""counts"":{""blocks"":48,""channels"":0,""contents"":48,""collaborators"":0},""metadata"":null,""created_at"":""2024-09-08T20:39:05Z"",""updated_at"":""2026-06-27T21:39:49Z"",""visibility"":""closed"",""description"":null,""collaborators"":[]}","2026-07-27 22:07:40.133968","3132701","hyperpop-77wyn9wdfry","hyperpop",,"48","197"
"204","{""id"":2417016,""can"":{""add_to"":false,""update"":false,""destroy"":false,""manage_collaborators"":false},""slug"":""dori-ad"",""type"":""Channel"",""owner"":{""id"":223536,""name"":""ju b"",""slug"":""ju-b"",""type"":""User"",""avatar"":null,""initials"":""jb""},""state"":""available"",""title"":""Dori AD"",""_links"":{""self"":{""href"":""https://api.are.na/v3/channels/dori-ad""},""owner"":{""href"":""https://api.are.na/v3/users/ju-b""},""contents"":{""href"":""https://api.are.na/v3/channels/dori-ad/contents""},""followers"":{""href"":""https://api.are.na/v3/channels/dori-ad/followers""},""connections"":{""href"":""https://api.are.na/v3/channels/dori-ad/connections""}},""counts"":{""blocks"":204,""channels"":0,""contents"":204,""collaborators"":0},""metadata"":null,""created_at"":""2023-10-06T18:32:36Z"",""updated_at"":""2026-07-18T21:15:17Z"",""visibility"":""closed"",""description"":null,""collaborators"":[]}","2026-07-27 22:08:04.193513","2417016","dori-ad","Dori AD",,"204","198"
"205","{""id"":2696013,""can"":{""add_to"":false,""update"":false,""destroy"":false,""manage_collaborators"":false},""slug"":""liked-collage"",""type"":""Channel"",""owner"":{""id"":647120,""name"":""lamb drum"",""slug"":""lamb-drum"",""type"":""User"",""avatar"":null,""initials"":""ld""},""state"":""available"",""title"":""liked collage"",""_links"":{""self"":{""href"":""https://api.are.na/v3/channels/liked-collage""},""owner"":{""href"":""https://api.are.na/v3/users/lamb-drum""},""contents"":{""href"":""https://api.are.na/v3/channels/liked-collage/contents""},""followers"":{""href"":""https://api.are.na/v3/channels/liked-collage/followers""},""connections"":{""href"":""https://api.are.na/v3/channels/liked-collage/connections""}},""counts"":{""blocks"":548,""channels"":8,""contents"":556,""collaborators"":0},""metadata"":null,""created_at"":""2024-02-23T03:18:49Z"",""updated_at"":""2026-05-05T17:17:38Z"",""visibility"":""closed"",""description"":{""html"":""<p>its biscuits its gravy</p>"",""plain"":""its biscuits its gravy"",""markdown"":""its biscuits its gravy""},""collaborators"":[]}","2026-07-27 22:08:36.322587","2696013","liked-collage","liked collage","its biscuits its gravy","548","199"
"206","{""id"":2716444,""can"":{""add_to"":false,""update"":false,""destroy"":false,""manage_collaborators"":false},""slug"":""nice-things-1qmlsf_g5oe"",""type"":""Channel"",""owner"":{""id"":645715,""name"":""katya dunmur"",""slug"":""katya-dunmur"",""type"":""User"",""avatar"":null,""initials"":""kd""},""state"":""available"",""title"":""nice things"",""_links"":{""self"":{""href"":""https://api.are.na/v3/channels/nice-things-1qmlsf_g5oe""},""owner"":{""href"":""https://api.are.na/v3/users/katya-dunmur""},""contents"":{""href"":""https://api.are.na/v3/channels/nice-things-1qmlsf_g5oe/contents""},""followers"":{""href"":""https://api.are.na/v3/channels/nice-things-1qmlsf_g5oe/followers""},""connections"":{""href"":""https://api.are.na/v3/channels/nice-things-1qmlsf_g5oe/connections""}},""counts"":{""blocks"":67,""channels"":0,""contents"":67,""collaborators"":0},""metadata"":null,""created_at"":""2024-03-03T17:10:24Z"",""updated_at"":""2025-04-05T14:44:24Z"",""visibility"":""closed"",""description"":null,""collaborators"":[]}","2026-07-27 22:09:40.210649","2716444","nice-things-1qmlsf_g5oe","nice things",,"67","200"
"207","{""id"":2676774,""can"":{""add_to"":false,""update"":false,""destroy"":false,""manage_collaborators"":false},""slug"":""faith-lift"",""type"":""Channel"",""owner"":{""id"":403420,""name"":""Jiminal 1224"",""slug"":""jiminal-1224"",""type"":""User"",""avatar"":""https://static.avatars.are.na/403420/large_68a7f6c53273727e0437195e5445ebf8.jpg?1721761557"",""initials"":""J1""},""state"":""available"",""title"":""FAITH LIFT"",""_links"":{""self"":{""href"":""https://api.are.na/v3/channels/faith-lift""},""owner"":{""href"":""https://api.are.na/v3/users/jiminal-1224""},""contents"":{""href"":""https://api.are.na/v3/channels/faith-lift/contents""},""followers"":{""href"":""https://api.are.na/v3/channels/faith-lift/followers""},""connections"":{""href"":""https://api.are.na/v3/channels/faith-lift/connections""}},""counts"":{""blocks"":103,""channels"":2,""contents"":105,""collaborators"":0},""metadata"":null,""created_at"":""2024-02-14T17:06:04Z"",""updated_at"":""2025-09-02T17:27:45Z"",""visibility"":""closed"",""description"":{""html"":""<p>church, the cool kids, shiny, black&amp;white, 2000s, tech-oriented, trippy</p>"",""plain"":""church, the cool kids, shiny, black&white, 2000s, tech-oriented, trippy"",""markdown"":""church, the cool kids, shiny, black&white, 2000s, tech-oriented, trippy""},""collaborators"":[]}","2026-07-27 22:10:06.044393","2676774","faith-lift","FAITH LIFT","church, the cool kids, shiny, black&white, 2000s, tech-oriented, trippy","103","201"
"208","{""id"":1919671,""can"":{""add_to"":false,""update"":false,""destroy"":false,""manage_collaborators"":false},""slug"":""collection-abguinpzoai"",""type"":""Channel"",""owner"":{""id"":366979,""name"":""Collin Leary"",""slug"":""collin-leary"",""type"":""User"",""avatar"":null,""initials"":""CL""},""state"":""available"",""title"":""Collection"",""_links"":{""self"":{""href"":""https://api.are.na/v3/channels/collection-abguinpzoai""},""owner"":{""href"":""https://api.are.na/v3/users/collin-leary""},""contents"":{""href"":""https://api.are.na/v3/channels/collection-abguinpzoai/contents""},""followers"":{""href"":""https://api.are.na/v3/channels/collection-abguinpzoai/followers""},""connections"":{""href"":""https://api.are.na/v3/channels/collection-abguinpzoai/connections""}},""counts"":{""blocks"":45,""channels"":23,""contents"":68,""collaborators"":0},""metadata"":null,""created_at"":""2022-12-23T03:46:37Z"",""updated_at"":""2026-07-07T20:32:12Z"",""visibility"":""closed"",""description"":{""html"":""<p>Just a collection</p>"",""plain"":""Just a collection"",""markdown"":""Just a collection""},""collaborators"":[]}","2026-07-27 22:10:34.304411","1919671","collection-abguinpzoai","Collection","Just a collection","45","202"
"209","{""id"":2631748,""can"":{""add_to"":false,""update"":false,""destroy"":false,""manage_collaborators"":false},""slug"":""drawing-into-the-world"",""type"":""Channel"",""owner"":{""id"":619668,""name"":""sab miranda"",""slug"":""sab-miranda"",""type"":""User"",""avatar"":""https://static.avatars.are.na/619668/large_06d2c252d0c40f1c3a82e562a7b89cc6.jpg?1753339045"",""initials"":""sm""},""state"":""available"",""title"":""drawing into the world "",""_links"":{""self"":{""href"":""https://api.are.na/v3/channels/drawing-into-the-world""},""owner"":{""href"":""https://api.are.na/v3/users/sab-miranda""},""contents"":{""href"":""https://api.are.na/v3/channels/drawing-into-the-world/contents""},""followers"":{""href"":""https://api.are.na/v3/channels/drawing-into-the-world/followers""},""connections"":{""href"":""https://api.are.na/v3/channels/drawing-into-the-world/connections""}},""counts"":{""blocks"":42,""channels"":0,""contents"":42,""collaborators"":0},""metadata"":null,""created_at"":""2024-01-26T22:17:14Z"",""updated_at"":""2025-11-15T20:58:03Z"",""visibility"":""closed"",""description"":null,""collaborators"":[]}","2026-07-27 22:10:57.536776","2631748","drawing-into-the-world","drawing into the world ",,"42","203"
"210","{""id"":917912,""can"":{""add_to"":false,""update"":false,""destroy"":false,""manage_collaborators"":false},""slug"":""effervescence"",""type"":""Channel"",""owner"":{""id"":19134,""name"":""eee fabbb"",""slug"":""eee-fabbb"",""type"":""User"",""avatar"":null,""initials"":""ef""},""state"":""available"",""title"":"" effervescence ✧･ﾟ"",""_links"":{""self"":{""href"":""https://api.are.na/v3/channels/effervescence""},""owner"":{""href"":""https://api.are.na/v3/users/eee-fabbb""},""contents"":{""href"":""https://api.are.na/v3/channels/effervescence/contents""},""followers"":{""href"":""https://api.are.na/v3/channels/effervescence/followers""},""connections"":{""href"":""https://api.are.na/v3/channels/effervescence/connections""}},""counts"":{""blocks"":60,""channels"":0,""contents"":60,""collaborators"":0},""metadata"":null,""created_at"":""2020-12-28T18:58:55Z"",""updated_at"":""2025-01-17T16:58:19Z"",""visibility"":""closed"",""description"":null,""collaborators"":[]}","2026-07-27 22:11:22.341264","917912","effervescence"," effervescence ✧･ﾟ",,"60","204"
"211","{""id"":2512922,""can"":{""add_to"":false,""update"":false,""destroy"":false,""manage_collaborators"":false},""slug"":""personal-jesus"",""type"":""Channel"",""owner"":{""id"":122238,""name"":""laurie ✶"",""slug"":""laurie"",""type"":""User"",""avatar"":""https://static.avatars.are.na/122238/large_8f235b2c9d91690ec2cce7f0921fc5b1.jpg?1768760562"",""initials"":""l✶""},""state"":""available"",""title"":""personal jesus "",""_links"":{""self"":{""href"":""https://api.are.na/v3/channels/personal-jesus""},""owner"":{""href"":""https://api.are.na/v3/users/laurie""},""contents"":{""href"":""https://api.are.na/v3/channels/personal-jesus/contents""},""followers"":{""href"":""https://api.are.na/v3/channels/personal-jesus/followers""},""connections"":{""href"":""https://api.are.na/v3/channels/personal-jesus/connections""}},""counts"":{""blocks"":205,""channels"":3,""contents"":208,""collaborators"":0},""metadata"":null,""created_at"":""2023-11-23T01:11:47Z"",""updated_at"":""2026-06-29T23:23:54Z"",""visibility"":""closed"",""description"":{""html"":""<p>attempts at a spiritual practice </p>"",""plain"":""attempts at a spiritual practice "",""markdown"":""attempts at a spiritual practice ""},""collaborators"":[]}","2026-07-27 22:11:46.16945","2512922","personal-jesus","personal jesus ","attempts at a spiritual practice ","205","205"
"212","{""id"":2151295,""can"":{""add_to"":false,""update"":false,""destroy"":false,""manage_collaborators"":false},""slug"":""energy-2ozxk7x3mca"",""type"":""Channel"",""owner"":{""id"":391870,""name"":""alsu 🌞  "",""slug"":""alsu"",""type"":""User"",""avatar"":""https://static.avatars.are.na/391870/large_9dbf0679ebbde3a60038863984242250.jpg?1682417842"",""initials"":""a🌞""},""state"":""available"",""title"":""energy"",""_links"":{""self"":{""href"":""https://api.are.na/v3/channels/energy-2ozxk7x3mca""},""owner"":{""href"":""https://api.are.na/v3/users/alsu""},""contents"":{""href"":""https://api.are.na/v3/channels/energy-2ozxk7x3mca/contents""},""followers"":{""href"":""https://api.are.na/v3/channels/energy-2ozxk7x3mca/followers""},""connections"":{""href"":""https://api.are.na/v3/channels/energy-2ozxk7x3mca/connections""}},""counts"":{""blocks"":120,""channels"":7,""contents"":127,""collaborators"":0},""metadata"":null,""created_at"":""2023-04-26T13:53:56Z"",""updated_at"":""2026-03-02T18:47:35Z"",""visibility"":""closed"",""description"":null,""collaborators"":[]}","2026-07-27 22:12:21.230497","2151295","energy-2ozxk7x3mca","energy",,"120","206"
"213","{""id"":2523809,""can"":{""add_to"":false,""update"":false,""destroy"":false,""manage_collaborators"":false},""slug"":""softness-as-something-powerful"",""type"":""Channel"",""owner"":{""id"":135528,""name"":""Hugo Mut"",""slug"":""hugo-mut"",""type"":""User"",""avatar"":""https://static.avatars.are.na/135528/large_16b12d8b014996a7384e2b4ff30ba74a.jpg?1704818697"",""initials"":""HM""},""state"":""available"",""title"":""SOFTNESS AS SOMETHING POWERFUL 🥀"",""_links"":{""self"":{""href"":""https://api.are.na/v3/channels/softness-as-something-powerful""},""owner"":{""href"":""https://api.are.na/v3/users/hugo-mut""},""contents"":{""href"":""https://api.are.na/v3/channels/softness-as-something-powerful/contents""},""followers"":{""href"":""https://api.are.na/v3/channels/softness-as-something-powerful/followers""},""connections"":{""href"":""https://api.are.na/v3/channels/softness-as-something-powerful/connections""}},""counts"":{""blocks"":727,""channels"":0,""contents"":727,""collaborators"":0},""metadata"":null,""created_at"":""2023-11-29T11:45:57Z"",""updated_at"":""2026-05-11T11:15:47Z"",""visibility"":""closed"",""description"":null,""collaborators"":[]}","2026-07-27 22:12:52.485336","2523809","softness-as-something-powerful","SOFTNESS AS SOMETHING POWERFUL 🥀",,"727","207"
"214","{""id"":2513284,""can"":{""add_to"":false,""update"":false,""destroy"":false,""manage_collaborators"":false},""slug"":""inspo-mased_chbbs"",""type"":""Channel"",""owner"":{""id"":604712,""name"":""Angelina Fedele"",""slug"":""angelina-fedele-s_3ayxeg-cg"",""type"":""User"",""avatar"":null,""initials"":""AF""},""state"":""available"",""title"":""inspo"",""_links"":{""self"":{""href"":""https://api.are.na/v3/channels/inspo-mased_chbbs""},""owner"":{""href"":""https://api.are.na/v3/users/angelina-fedele-s_3ayxeg-cg""},""contents"":{""href"":""https://api.are.na/v3/channels/inspo-mased_chbbs/contents""},""followers"":{""href"":""https://api.are.na/v3/channels/inspo-mased_chbbs/followers""},""connections"":{""href"":""https://api.are.na/v3/channels/inspo-mased_chbbs/connections""}},""counts"":{""blocks"":319,""channels"":51,""contents"":370,""collaborators"":0},""metadata"":null,""created_at"":""2023-11-23T08:08:33Z"",""updated_at"":""2026-06-26T02:06:54Z"",""visibility"":""public"",""description"":null,""collaborators"":[]}","2026-07-27 22:14:16.613545","2513284","inspo-mased_chbbs","inspo",,"319","208"
"215","{""id"":2080613,""can"":{""add_to"":false,""update"":false,""destroy"":false,""manage_collaborators"":false},""slug"":""serenity-d8skv29_mfy"",""type"":""Channel"",""owner"":{""id"":499975,""name"":""mia jane"",""slug"":""mia-jane"",""type"":""User"",""avatar"":""https://static.avatars.are.na/499975/large_5cb35f9167d63acc7e6215a6067ff43e.jpg?1696441042"",""initials"":""mj""},""state"":""available"",""title"":""serenity "",""_links"":{""self"":{""href"":""https://api.are.na/v3/channels/serenity-d8skv29_mfy""},""owner"":{""href"":""https://api.are.na/v3/users/mia-jane""},""contents"":{""href"":""https://api.are.na/v3/channels/serenity-d8skv29_mfy/contents""},""followers"":{""href"":""https://api.are.na/v3/channels/serenity-d8skv29_mfy/followers""},""connections"":{""href"":""https://api.are.na/v3/channels/serenity-d8skv29_mfy/connections""}},""counts"":{""blocks"":28,""channels"":0,""contents"":28,""collaborators"":0},""metadata"":null,""created_at"":""2023-03-21T01:43:08Z"",""updated_at"":""2024-11-05T21:56:38Z"",""visibility"":""public"",""description"":null,""collaborators"":[]}","2026-07-27 22:15:04.437282","2080613","serenity-d8skv29_mfy","serenity ",,"28","209"
"216","{""id"":661318,""can"":{""add_to"":false,""update"":false,""destroy"":false,""manage_collaborators"":false},""slug"":""f-art-rmb9zohhr6g"",""type"":""Channel"",""owner"":{""id"":153253,""name"":""Michael LaRosa"",""slug"":""michael-larosa"",""type"":""User"",""avatar"":""https://static.avatars.are.na/153253/large_0e216bc900b8f0dbb85672c5ea85177a.jpg?1670903656"",""initials"":""ML""},""state"":""available"",""title"":""(f)art"",""_links"":{""self"":{""href"":""https://api.are.na/v3/channels/f-art-rmb9zohhr6g""},""owner"":{""href"":""https://api.are.na/v3/users/michael-larosa""},""contents"":{""href"":""https://api.are.na/v3/channels/f-art-rmb9zohhr6g/contents""},""followers"":{""href"":""https://api.are.na/v3/channels/f-art-rmb9zohhr6g/followers""},""connections"":{""href"":""https://api.are.na/v3/channels/f-art-rmb9zohhr6g/connections""}},""counts"":{""blocks"":916,""channels"":2,""contents"":918,""collaborators"":0},""metadata"":null,""created_at"":""2020-04-19T04:04:46Z"",""updated_at"":""2026-07-27T16:51:08Z"",""visibility"":""closed"",""description"":null,""collaborators"":[]}","2026-07-27 22:15:28.714546","661318","f-art-rmb9zohhr6g","(f)art",,"916","210"
"217","{""id"":1889479,""can"":{""add_to"":false,""update"":false,""destroy"":false,""manage_collaborators"":false},""slug"":""o0o0o0o0"",""type"":""Channel"",""owner"":{""id"":440622,""name"":""✤ ✤"",""slug"":""gfw57mivw-w"",""type"":""User"",""avatar"":""https://static.avatars.are.na/440622/large_6a33119e011dc8459b7829decb7fc201.png?1697373681"",""initials"":""✤✤""},""state"":""available"",""title"":""O0O0O0O0"",""_links"":{""self"":{""href"":""https://api.are.na/v3/channels/o0o0o0o0""},""owner"":{""href"":""https://api.are.na/v3/users/gfw57mivw-w""},""contents"":{""href"":""https://api.are.na/v3/channels/o0o0o0o0/contents""},""followers"":{""href"":""https://api.are.na/v3/channels/o0o0o0o0/followers""},""connections"":{""href"":""https://api.are.na/v3/channels/o0o0o0o0/connections""}},""counts"":{""blocks"":351,""channels"":6,""contents"":357,""collaborators"":0},""metadata"":null,""created_at"":""2022-12-02T13:45:04Z"",""updated_at"":""2026-06-21T21:05:56Z"",""visibility"":""public"",""description"":{""html"":""<p>NATURE, HUMAN, TECH</p>"",""plain"":""NATURE, HUMAN, TECH"",""markdown"":""NATURE, HUMAN, TECH""},""collaborators"":[]}","2026-07-27 22:17:04.608557","1889479","o0o0o0o0","O0O0O0O0","NATURE, HUMAN, TECH","351","211"
"218","{""id"":1293093,""can"":{""add_to"":false,""update"":false,""destroy"":false,""manage_collaborators"":false},""slug"":""choose-your-own-aura"",""type"":""Channel"",""owner"":{""id"":125381,""name"":""Hannah Suzanna"",""slug"":""hannah-suzanna"",""type"":""User"",""avatar"":""https://static.avatars.are.na/125381/large_c3cb39b1a1f11a79c723a7f5d0ced379.jpg?1752883223"",""initials"":""HS""},""state"":""available"",""title"":""Choose Your Own Aura"",""_links"":{""self"":{""href"":""https://api.are.na/v3/channels/choose-your-own-aura""},""owner"":{""href"":""https://api.are.na/v3/users/hannah-suzanna""},""contents"":{""href"":""https://api.are.na/v3/channels/choose-your-own-aura/contents""},""followers"":{""href"":""https://api.are.na/v3/channels/choose-your-own-aura/followers""},""connections"":{""href"":""https://api.are.na/v3/channels/choose-your-own-aura/connections""}},""counts"":{""blocks"":34,""channels"":0,""contents"":34,""collaborators"":0},""metadata"":null,""created_at"":""2021-11-08T20:48:10Z"",""updated_at"":""2026-03-18T06:57:24Z"",""visibility"":""closed"",""description"":null,""collaborators"":[]}","2026-07-27 22:17:53.513102","1293093","choose-your-own-aura","Choose Your Own Aura",,"34","212"
"219","{""id"":307487,""can"":{""add_to"":false,""update"":false,""destroy"":false,""manage_collaborators"":false},""slug"":""dreamy-mskthoku8sa"",""type"":""Channel"",""owner"":{""id"":80919,""name"":""Liz Crutcher"",""slug"":""liz-crutcher"",""type"":""User"",""avatar"":null,""initials"":""LC""},""state"":""available"",""title"":""Dreamy"",""_links"":{""self"":{""href"":""https://api.are.na/v3/channels/dreamy-mskthoku8sa""},""owner"":{""href"":""https://api.are.na/v3/users/liz-crutcher""},""contents"":{""href"":""https://api.are.na/v3/channels/dreamy-mskthoku8sa/contents""},""followers"":{""href"":""https://api.are.na/v3/channels/dreamy-mskthoku8sa/followers""},""connections"":{""href"":""https://api.are.na/v3/channels/dreamy-mskthoku8sa/connections""}},""counts"":{""blocks"":150,""channels"":4,""contents"":154,""collaborators"":0},""metadata"":null,""created_at"":""2019-01-10T05:11:41Z"",""updated_at"":""2026-03-27T00:33:21Z"",""visibility"":""closed"",""description"":null,""collaborators"":[]}","2026-07-27 22:18:17.26936","307487","dreamy-mskthoku8sa","Dreamy",,"150","213"
"220","{""id"":2262740,""can"":{""add_to"":false,""update"":false,""destroy"":false,""manage_collaborators"":false},""slug"":""stuff-3xv4eeojyey"",""type"":""Channel"",""owner"":{""id"":544395,""name"":""matei draghici"",""slug"":""matei-draghici"",""type"":""User"",""avatar"":""https://static.avatars.are.na/544395/large_4e2319149b3eb95cd0537d76ed09cf07.gif?1688736931"",""initials"":""md""},""state"":""available"",""title"":""stuff"",""_links"":{""self"":{""href"":""https://api.are.na/v3/channels/stuff-3xv4eeojyey""},""owner"":{""href"":""https://api.are.na/v3/users/matei-draghici""},""contents"":{""href"":""https://api.are.na/v3/channels/stuff-3xv4eeojyey/contents""},""followers"":{""href"":""https://api.are.na/v3/channels/stuff-3xv4eeojyey/followers""},""connections"":{""href"":""https://api.are.na/v3/channels/stuff-3xv4eeojyey/connections""}},""counts"":{""blocks"":276,""channels"":34,""contents"":310,""collaborators"":0},""metadata"":null,""created_at"":""2023-07-07T01:33:37Z"",""updated_at"":""2025-06-27T10:11:23Z"",""visibility"":""closed"",""description"":null,""collaborators"":[]}","2026-07-27 22:18:49.734304","2262740","stuff-3xv4eeojyey","stuff",,"276","214"
"221","{""id"":973914,""can"":{""add_to"":false,""update"":false,""destroy"":false,""manage_collaborators"":false},""slug"":""colours-ortyxecl7-8"",""type"":""Channel"",""owner"":{""id"":190431,""name"":""Kris —"",""slug"":""kris"",""type"":""User"",""avatar"":""https://static.avatars.are.na/190431/large_05d68437329c589601de6fbd18947ccf.jpg?1636919522"",""initials"":""K—""},""state"":""available"",""title"":""colours"",""_links"":{""self"":{""href"":""https://api.are.na/v3/channels/colours-ortyxecl7-8""},""owner"":{""href"":""https://api.are.na/v3/users/kris""},""contents"":{""href"":""https://api.are.na/v3/channels/colours-ortyxecl7-8/contents""},""followers"":{""href"":""https://api.are.na/v3/channels/colours-ortyxecl7-8/followers""},""connections"":{""href"":""https://api.are.na/v3/channels/colours-ortyxecl7-8/connections""}},""counts"":{""blocks"":163,""channels"":6,""contents"":169,""collaborators"":0},""metadata"":null,""created_at"":""2021-02-10T01:50:44Z"",""updated_at"":""2025-08-24T14:57:08Z"",""visibility"":""closed"",""description"":{""html"":""<p>i think they’re neat together</p>"",""plain"":""i think they’re neat together"",""markdown"":""i think they’re neat together""},""collaborators"":[]}","2026-07-27 22:19:32.428336","973914","colours-ortyxecl7-8","colours","i think they’re neat together","163","215"
"222","{""id"":2112585,""can"":{""add_to"":false,""update"":false,""destroy"":false,""manage_collaborators"":false},""slug"":""publication-vvhvauxphf8"",""type"":""Channel"",""owner"":{""id"":242104,""name"":""James Liao"",""slug"":""james-liao"",""type"":""User"",""avatar"":""https://static.avatars.are.na/242104/large_112267ba97ec1b374f4a13b15e07defa.jpg?1683510910"",""initials"":""JL""},""state"":""available"",""title"":""Publication"",""_links"":{""self"":{""href"":""https://api.are.na/v3/channels/publication-vvhvauxphf8""},""owner"":{""href"":""https://api.are.na/v3/users/james-liao""},""contents"":{""href"":""https://api.are.na/v3/channels/publication-vvhvauxphf8/contents""},""followers"":{""href"":""https://api.are.na/v3/channels/publication-vvhvauxphf8/followers""},""connections"":{""href"":""https://api.are.na/v3/channels/publication-vvhvauxphf8/connections""}},""counts"":{""blocks"":63,""channels"":6,""contents"":69,""collaborators"":4},""metadata"":null,""created_at"":""2023-04-05T13:43:16Z"",""updated_at"":""2026-07-13T03:47:49Z"",""visibility"":""closed"",""description"":{""html"":""<ul>\n<li>Print the internet</li>\n<li>Info-density</li>\n<li>Image interspersed with text</li>\n<li>Image collage</li>\n<li>Full-page art</li>\n<li>E-girl poetry</li>\n<li>Essays</li>\n<li>Archival and chronicle</li>\n<li>Art criticism</li>\n<li>Media reviews</li>\n<li>Web-anthropology</li>\n<li>Art collective manifesto</li>\n</ul>"",""plain"":""Print the internet\nInfo-density\nImage interspersed with text\nImage collage\nFull-page art\nE-girl poetry\nEssays\nArchival and chronicle\nArt criticism\nMedia reviews\nWeb-anthropology\nArt collective manifesto"",""markdown"":""- Print the internet\n- Info-density\n- Image interspersed with text\n- Image collage\n- Full-page art\n- E-girl poetry\n- Essays\n- Archival and chronicle\n- Art criticism\n- Media reviews\n- Web-anthropology\n- Art collective manifesto""},""collaborators"":[{""id"":509895,""name"":""L.B.  Dobis"",""slug"":""l-b-dobis"",""type"":""User"",""_links"":{""self"":{""href"":""https://api.are.na/v3/users/l-b-dobis""}},""avatar"":""https://static.avatars.are.na/509895/large_2c8a395e77ee70d8ba2c3ae612d02030.png?1680882568"",""initials"":""LD""},{""id"":240533,""name"":""Charlotte Fang"",""slug"":""charlotte-fang"",""type"":""User"",""_links"":{""self"":{""href"":""https://api.are.na/v3/users/charlotte-fang""}},""avatar"":""https://static.avatars.are.na/240533/large_47155d4f237cc81d27f92458d21c6c1d.png?1652968946"",""initials"":""CF""},{""id"":263744,""name"":""Jennifer ☆♱"",""slug"":""jennifer-m-ehaq3v2us"",""type"":""User"",""_links"":{""self"":{""href"":""https://api.are.na/v3/users/jennifer-m-ehaq3v2us""}},""avatar"":null,""initials"":""J☆""},{""id"":214807,""name"":""milk & honey"",""slug"":""milk-honey"",""type"":""User"",""_links"":{""self"":{""href"":""https://api.are.na/v3/users/milk-honey""}},""avatar"":null,""initials"":""m&h""}]}","2026-07-27 22:20:06.793571","2112585","publication-vvhvauxphf8","Publication","Print the internet
Info-density
Image interspersed with text
Image collage
Full-page art
E-girl poetry
Essays
Archival and chronicle
Art criticism
Media reviews
Web-anthropology
Art collective manifesto","63","216"
"223","{""id"":1959432,""can"":{""add_to"":false,""update"":false,""destroy"":false,""manage_collaborators"":false},""slug"":""le-ri-um"",""type"":""Channel"",""owner"":{""id"":72113,""name"":""Nick L"",""slug"":""nick-l"",""type"":""User"",""avatar"":null,""initials"":""NL""},""state"":""available"",""title"":""le.ri.um"",""_links"":{""self"":{""href"":""https://api.are.na/v3/channels/le-ri-um""},""owner"":{""href"":""https://api.are.na/v3/users/nick-l""},""contents"":{""href"":""https://api.are.na/v3/channels/le-ri-um/contents""},""followers"":{""href"":""https://api.are.na/v3/channels/le-ri-um/followers""},""connections"":{""href"":""https://api.are.na/v3/channels/le-ri-um/connections""}},""counts"":{""blocks"":106,""channels"":9,""contents"":115,""collaborators"":0},""metadata"":null,""created_at"":""2023-01-18T01:47:38Z"",""updated_at"":""2025-04-15T14:01:54Z"",""visibility"":""closed"",""description"":null,""collaborators"":[]}","2026-07-27 22:20:35.705545","1959432","le-ri-um","le.ri.um",,"106","217"
"224","{""id"":1827779,""can"":{""add_to"":false,""update"":false,""destroy"":false,""manage_collaborators"":false},""slug"":""final-jwq9fllpfli"",""type"":""Channel"",""owner"":{""id"":323667,""name"":""Elizabeth Lipson"",""slug"":""elizabeth-lipson"",""type"":""User"",""avatar"":null,""initials"":""EL""},""state"":""available"",""title"":""Final"",""_links"":{""self"":{""href"":""https://api.are.na/v3/channels/final-jwq9fllpfli""},""owner"":{""href"":""https://api.are.na/v3/users/elizabeth-lipson""},""contents"":{""href"":""https://api.are.na/v3/channels/final-jwq9fllpfli/contents""},""followers"":{""href"":""https://api.are.na/v3/channels/final-jwq9fllpfli/followers""},""connections"":{""href"":""https://api.are.na/v3/channels/final-jwq9fllpfli/connections""}},""counts"":{""blocks"":27,""channels"":0,""contents"":27,""collaborators"":0},""metadata"":null,""created_at"":""2022-10-27T19:44:48Z"",""updated_at"":""2022-11-07T22:45:39Z"",""visibility"":""closed"",""description"":null,""collaborators"":[]}","2026-07-27 22:21:08.748913","1827779","final-jwq9fllpfli","Final",,"27","218"
"225","{""id"":1471985,""can"":{""add_to"":false,""update"":false,""destroy"":false,""manage_collaborators"":false},""slug"":""intrigued-imcv3mxfi-u"",""type"":""Channel"",""owner"":{""id"":347688,""name"":""angel images"",""slug"":""angel-images"",""type"":""User"",""avatar"":""https://static.avatars.are.na/347688/large_ffdcf5f9aa97f2b39e384887b88b5b74.jpg?1675016339"",""initials"":""ai""},""state"":""available"",""title"":""intrigued"",""_links"":{""self"":{""href"":""https://api.are.na/v3/channels/intrigued-imcv3mxfi-u""},""owner"":{""href"":""https://api.are.na/v3/users/angel-images""},""contents"":{""href"":""https://api.are.na/v3/channels/intrigued-imcv3mxfi-u/contents""},""followers"":{""href"":""https://api.are.na/v3/channels/intrigued-imcv3mxfi-u/followers""},""connections"":{""href"":""https://api.are.na/v3/channels/intrigued-imcv3mxfi-u/connections""}},""counts"":{""blocks"":269,""channels"":18,""contents"":287,""collaborators"":0},""metadata"":null,""created_at"":""2022-03-10T08:29:18Z"",""updated_at"":""2026-07-18T16:24:07Z"",""visibility"":""closed"",""description"":{""html"":""<p>investigate further</p>"",""plain"":""investigate further"",""markdown"":""investigate further""},""collaborators"":[]}","2026-07-27 22:21:25.808862","1471985","intrigued-imcv3mxfi-u","intrigued","investigate further","269","219"
"226","{""id"":982228,""can"":{""add_to"":false,""update"":false,""destroy"":false,""manage_collaborators"":false},""slug"":""pbo"",""type"":""Channel"",""owner"":{""id"":229464,""name"":""Oliver Roper"",""slug"":""oliver-roper"",""type"":""User"",""avatar"":null,""initials"":""OR""},""state"":""available"",""title"":""PBO"",""_links"":{""self"":{""href"":""https://api.are.na/v3/channels/pbo""},""owner"":{""href"":""https://api.are.na/v3/users/oliver-roper""},""contents"":{""href"":""https://api.are.na/v3/channels/pbo/contents""},""followers"":{""href"":""https://api.are.na/v3/channels/pbo/followers""},""connections"":{""href"":""https://api.are.na/v3/channels/pbo/connections""}},""counts"":{""blocks"":889,""channels"":35,""contents"":924,""collaborators"":0},""metadata"":null,""created_at"":""2021-02-16T11:21:20Z"",""updated_at"":""2026-05-28T21:04:49Z"",""visibility"":""closed"",""description"":{""html"":""<p>Just a small collection of images and prose that I like as I try to understand Are.na.</p>"",""plain"":""Just a small collection of images and prose that I like as I try to understand Are.na."",""markdown"":""Just a small collection of images and prose that I like as I try to understand Are.na.""},""collaborators"":[]}","2026-07-27 22:22:04.994231","982228","pbo","PBO","Just a small collection of images and prose that I like as I try to understand Are.na.","889","220"
"227","{""id"":384445,""can"":{""add_to"":false,""update"":false,""destroy"":false,""manage_collaborators"":false},""slug"":""coolart"",""type"":""Channel"",""owner"":{""id"":116550,""name"":""Michel Ortega🎨"",""slug"":""michel-ortega"",""type"":""User"",""avatar"":""https://static.avatars.are.na/116550/large_728474fe87280c2f05d15cfcd5a8a178.png?1585616656"",""initials"":""MO""},""state"":""available"",""title"":""coolArt"",""_links"":{""self"":{""href"":""https://api.are.na/v3/channels/coolart""},""owner"":{""href"":""https://api.are.na/v3/users/michel-ortega""},""contents"":{""href"":""https://api.are.na/v3/channels/coolart/contents""},""followers"":{""href"":""https://api.are.na/v3/channels/coolart/followers""},""connections"":{""href"":""https://api.are.na/v3/channels/coolart/connections""}},""counts"":{""blocks"":1087,""channels"":14,""contents"":1101,""collaborators"":0},""metadata"":null,""created_at"":""2019-04-11T17:12:24Z"",""updated_at"":""2026-07-24T22:52:03Z"",""visibility"":""closed"",""description"":{""html"":""<p><a href=\""https://www.Instagram.com/michel23ortega\"" target=\""_blank\"" rel=\""nofollow noopener\"">https://www.Instagram.com/michel23ortega</a></p>"",""plain"":""https://www.Instagram.com/michel23ortega"",""markdown"":""https://www.Instagram.com/michel23ortega""},""collaborators"":[]}","2026-07-27 22:23:35.218924","384445","coolart","coolArt","https://www.Instagram.com/michel23ortega","1087","221"
"231","{""id"":605639,""can"":{""add_to"":false,""update"":false,""destroy"":false,""manage_collaborators"":false},""slug"":""painting-qhjq7pqxv7k"",""type"":""Channel"",""owner"":{""id"":74787,""name"":""chloé techoueyres"",""slug"":""chloe-techoueyres"",""type"":""User"",""avatar"":""https://static.avatars.are.na/74787/large_48dec00f924359c1263a1fdadc7b2ea0.png?1578673740"",""initials"":""ct""},""state"":""available"",""title"":""painting"",""_links"":{""self"":{""href"":""https://api.are.na/v3/channels/painting-qhjq7pqxv7k""},""owner"":{""href"":""https://api.are.na/v3/users/chloe-techoueyres""},""contents"":{""href"":""https://api.are.na/v3/channels/painting-qhjq7pqxv7k/contents""},""followers"":{""href"":""https://api.are.na/v3/channels/painting-qhjq7pqxv7k/followers""},""connections"":{""href"":""https://api.are.na/v3/channels/painting-qhjq7pqxv7k/connections""}},""counts"":{""blocks"":685,""channels"":6,""contents"":691,""collaborators"":0},""metadata"":null,""created_at"":""2020-02-29T17:26:44Z"",""updated_at"":""2026-07-23T21:46:26Z"",""visibility"":""public"",""description"":null,""collaborators"":[]}","2026-07-27 22:27:09.401353","605639","painting-qhjq7pqxv7k","painting",,"685","225"
"232","{""id"":367321,""can"":{""add_to"":false,""update"":false,""destroy"":false,""manage_collaborators"":false},""slug"":""art-0idt6ejrmuw"",""type"":""Channel"",""owner"":{""id"":89733,""name"":""tg-z *"",""slug"":""tg-z"",""type"":""User"",""avatar"":""https://static.avatars.are.na/89733/large_61a4c45e9a0614fba1306273e9738289.jpg?1768392575"",""initials"":""t*""},""state"":""available"",""title"":""art"",""_links"":{""self"":{""href"":""https://api.are.na/v3/channels/art-0idt6ejrmuw""},""owner"":{""href"":""https://api.are.na/v3/users/tg-z""},""contents"":{""href"":""https://api.are.na/v3/channels/art-0idt6ejrmuw/contents""},""followers"":{""href"":""https://api.are.na/v3/channels/art-0idt6ejrmuw/followers""},""connections"":{""href"":""https://api.are.na/v3/channels/art-0idt6ejrmuw/connections""}},""counts"":{""blocks"":271,""channels"":24,""contents"":295,""collaborators"":0},""metadata"":null,""created_at"":""2019-03-14T17:21:55Z"",""updated_at"":""2026-07-16T18:27:05Z"",""visibility"":""closed"",""description"":null,""collaborators"":[]}","2026-07-27 22:28:19.561673","367321","art-0idt6ejrmuw","art",,"271","226"
"233","{""id"":2169682,""can"":{""add_to"":false,""update"":false,""destroy"":false,""manage_collaborators"":false},""slug"":""cconnect"",""type"":""Channel"",""owner"":{""id"":446054,""name"":""⠀ C ⠀"",""slug"":""c-ugcjpdnlg3k"",""type"":""User"",""avatar"":null,""initials"":""⠀C⠀""},""state"":""available"",""title"":""cconnect"",""_links"":{""self"":{""href"":""https://api.are.na/v3/channels/cconnect""},""owner"":{""href"":""https://api.are.na/v3/users/c-ugcjpdnlg3k""},""contents"":{""href"":""https://api.are.na/v3/channels/cconnect/contents""},""followers"":{""href"":""https://api.are.na/v3/channels/cconnect/followers""},""connections"":{""href"":""https://api.are.na/v3/channels/cconnect/connections""}},""counts"":{""blocks"":87,""channels"":0,""contents"":87,""collaborators"":0},""metadata"":null,""created_at"":""2023-05-08T02:57:25Z"",""updated_at"":""2024-06-11T20:55:08Z"",""visibility"":""closed"",""description"":null,""collaborators"":[]}","2026-07-27 22:28:59.669856","2169682","cconnect","cconnect",,"87","227"
"235","{""id"":1983495,""can"":{""add_to"":false,""update"":false,""destroy"":false,""manage_collaborators"":false},""slug"":""art-psk8vcg0ykk"",""type"":""Channel"",""owner"":{""id"":433618,""name"":""Lilyan Stark"",""slug"":""lilyan-stark"",""type"":""User"",""avatar"":""https://static.avatars.are.na/433618/large_2e47abce0f13f82b2770e44affa26618.png?1674992685"",""initials"":""LS""},""state"":""available"",""title"":""Art"",""_links"":{""self"":{""href"":""https://api.are.na/v3/channels/art-psk8vcg0ykk""},""owner"":{""href"":""https://api.are.na/v3/users/lilyan-stark""},""contents"":{""href"":""https://api.are.na/v3/channels/art-psk8vcg0ykk/contents""},""followers"":{""href"":""https://api.are.na/v3/channels/art-psk8vcg0ykk/followers""},""connections"":{""href"":""https://api.are.na/v3/channels/art-psk8vcg0ykk/connections""}},""counts"":{""blocks"":101,""channels"":0,""contents"":101,""collaborators"":0},""metadata"":null,""created_at"":""2023-01-30T11:15:50Z"",""updated_at"":""2024-12-28T02:17:56Z"",""visibility"":""public"",""description"":{""html"":""<p>For when I&#39;m tired, for when I&#39;m energetically practicing. To always go back to, to go forward.</p>"",""plain"":""For when I'm tired, for when I'm energetically practicing. To always go back to, to go forward."",""markdown"":""For when I'm tired, for when I'm energetically practicing. To always go back to, to go forward.""},""collaborators"":[]}","2026-07-27 22:29:30.889845","1983495","art-psk8vcg0ykk","Art","For when I'm tired, for when I'm energetically practicing. To always go back to, to go forward.","101","229"
"236","{""id"":1353841,""can"":{""add_to"":false,""update"":false,""destroy"":false,""manage_collaborators"":false},""slug"":""painting-466gaykhcki"",""type"":""Channel"",""owner"":{""id"":221436,""name"":""s0urcesoja 180"",""slug"":""s0urcesoja-180"",""type"":""User"",""avatar"":""https://static.avatars.are.na/221436/large_7592d850777f81b6fca9251b14b66538.jpg?1674383808"",""initials"":""s1""},""state"":""available"",""title"":""painting!!"",""_links"":{""self"":{""href"":""https://api.are.na/v3/channels/painting-466gaykhcki""},""owner"":{""href"":""https://api.are.na/v3/users/s0urcesoja-180""},""contents"":{""href"":""https://api.are.na/v3/channels/painting-466gaykhcki/contents""},""followers"":{""href"":""https://api.are.na/v3/channels/painting-466gaykhcki/followers""},""connections"":{""href"":""https://api.are.na/v3/channels/painting-466gaykhcki/connections""}},""counts"":{""blocks"":37,""channels"":1,""contents"":38,""collaborators"":0},""metadata"":null,""created_at"":""2021-12-25T22:17:20Z"",""updated_at"":""2024-10-14T18:39:08Z"",""visibility"":""closed"",""description"":null,""collaborators"":[]}","2026-07-27 22:29:57.781558","1353841","painting-466gaykhcki","painting!!",,"37","230"
"237","{""id"":1710563,""can"":{""add_to"":false,""update"":false,""destroy"":false,""manage_collaborators"":false},""slug"":""unsorted-visuals-i"",""type"":""Channel"",""owner"":{""id"":398931,""name"":""gert world"",""slug"":""gert-world"",""type"":""User"",""avatar"":""https://static.avatars.are.na/398931/large_3e84192de1fdce9058eaac45720da998.png?1768149303"",""initials"":""gw""},""state"":""available"",""title"":""unSorted visuals (I)"",""_links"":{""self"":{""href"":""https://api.are.na/v3/channels/unsorted-visuals-i""},""owner"":{""href"":""https://api.are.na/v3/users/gert-world""},""contents"":{""href"":""https://api.are.na/v3/channels/unsorted-visuals-i/contents""},""followers"":{""href"":""https://api.are.na/v3/channels/unsorted-visuals-i/followers""},""connections"":{""href"":""https://api.are.na/v3/channels/unsorted-visuals-i/connections""}},""counts"":{""blocks"":689,""channels"":31,""contents"":720,""collaborators"":0},""metadata"":null,""created_at"":""2022-08-21T20:02:09Z"",""updated_at"":""2026-06-05T14:24:02Z"",""visibility"":""closed"",""description"":{""html"":""<p>→ a stream of consciousness, →, → forever updating without a prominent sense of direction … ∙∙∙ this board is for moment-based references ☆</p>"",""plain"":""→ a stream of consciousness, →, → forever updating without a prominent sense of direction … ∙∙∙ this board is for moment-based references ☆"",""markdown"":""→ a stream of consciousness, →, → forever updating without a prominent sense of direction … ∙∙∙ this board is for moment-based references ☆""},""collaborators"":[]}","2026-07-27 22:30:25.325131","1710563","unsorted-visuals-i","unSorted visuals (I)","→ a stream of consciousness, →, → forever updating without a prominent sense of direction … ∙∙∙ this board is for moment-based references ☆","689","231"
"238","{""id"":1643841,""can"":{""add_to"":false,""update"":false,""destroy"":false,""manage_collaborators"":false},""slug"":""9bc7lq6_3pw"",""type"":""Channel"",""owner"":{""id"":390613,""name"":""s fj"",""slug"":""s-fj"",""type"":""User"",""avatar"":""https://static.avatars.are.na/390613/large_5689145563d6cfb0e2fcf4ea7b36286f.png?1664426265"",""initials"":""sf""},""state"":""available"",""title"":""《♢》"",""_links"":{""self"":{""href"":""https://api.are.na/v3/channels/9bc7lq6_3pw""},""owner"":{""href"":""https://api.are.na/v3/users/s-fj""},""contents"":{""href"":""https://api.are.na/v3/channels/9bc7lq6_3pw/contents""},""followers"":{""href"":""https://api.are.na/v3/channels/9bc7lq6_3pw/followers""},""connections"":{""href"":""https://api.are.na/v3/channels/9bc7lq6_3pw/connections""}},""counts"":{""blocks"":64,""channels"":5,""contents"":69,""collaborators"":0},""metadata"":null,""created_at"":""2022-07-06T20:35:52Z"",""updated_at"":""2023-10-23T21:08:53Z"",""visibility"":""closed"",""description"":null,""collaborators"":[]}","2026-07-27 22:31:44.430881","1643841","9bc7lq6_3pw","《♢》",,"64","232"
"239","{""id"":1708898,""can"":{""add_to"":false,""update"":false,""destroy"":false,""manage_collaborators"":false},""slug"":""on-canvas-contemporary"",""type"":""Channel"",""owner"":{""id"":317543,""name"":""Sam Reyes"",""slug"":""sam-reyes"",""type"":""User"",""avatar"":null,""initials"":""SR""},""state"":""available"",""title"":""On Canvas - Contemporary"",""_links"":{""self"":{""href"":""https://api.are.na/v3/channels/on-canvas-contemporary""},""owner"":{""href"":""https://api.are.na/v3/users/sam-reyes""},""contents"":{""href"":""https://api.are.na/v3/channels/on-canvas-contemporary/contents""},""followers"":{""href"":""https://api.are.na/v3/channels/on-canvas-contemporary/followers""},""connections"":{""href"":""https://api.are.na/v3/channels/on-canvas-contemporary/connections""}},""counts"":{""blocks"":64,""channels"":0,""contents"":64,""collaborators"":0},""metadata"":null,""created_at"":""2022-08-19T22:53:22Z"",""updated_at"":""2025-11-13T22:41:59Z"",""visibility"":""closed"",""description"":null,""collaborators"":[]}","2026-07-27 22:32:11.33879","1708898","on-canvas-contemporary","On Canvas - Contemporary",,"64","82"
"240","{""id"":1215618,""can"":{""add_to"":false,""update"":false,""destroy"":false,""manage_collaborators"":false},""slug"":""scene-structure"",""type"":""Channel"",""owner"":{""id"":270002,""name"":""Nathan Nhan"",""slug"":""nathan-nhan"",""type"":""User"",""avatar"":null,""initials"":""NN""},""state"":""available"",""title"":""scene/structure"",""_links"":{""self"":{""href"":""https://api.are.na/v3/channels/scene-structure""},""owner"":{""href"":""https://api.are.na/v3/users/nathan-nhan""},""contents"":{""href"":""https://api.are.na/v3/channels/scene-structure/contents""},""followers"":{""href"":""https://api.are.na/v3/channels/scene-structure/followers""},""connections"":{""href"":""https://api.are.na/v3/channels/scene-structure/connections""}},""counts"":{""blocks"":388,""channels"":2,""contents"":390,""collaborators"":0},""metadata"":null,""created_at"":""2021-09-17T08:44:14Z"",""updated_at"":""2026-07-20T08:09:41Z"",""visibility"":""closed"",""description"":null,""collaborators"":[]}","2026-07-27 22:32:31.220495","1215618","scene-structure","scene/structure",,"388","234"
"243","{""id"":1452251,""can"":{""add_to"":false,""update"":false,""destroy"":false,""manage_collaborators"":false},""slug"":""the-name-of-an-action"",""type"":""Channel"",""owner"":{""id"":263213,""name"":""Carly Inghram"",""slug"":""carly-inghram"",""type"":""User"",""avatar"":null,""initials"":""CI""},""state"":""available"",""title"":""the name of an action"",""_links"":{""self"":{""href"":""https://api.are.na/v3/channels/the-name-of-an-action""},""owner"":{""href"":""https://api.are.na/v3/users/carly-inghram""},""contents"":{""href"":""https://api.are.na/v3/channels/the-name-of-an-action/contents""},""followers"":{""href"":""https://api.are.na/v3/channels/the-name-of-an-action/followers""},""connections"":{""href"":""https://api.are.na/v3/channels/the-name-of-an-action/connections""}},""counts"":{""blocks"":147,""channels"":0,""contents"":147,""collaborators"":0},""metadata"":null,""created_at"":""2022-02-25T08:45:31Z"",""updated_at"":""2026-03-06T17:26:42Z"",""visibility"":""public"",""description"":{""html"":""<p>is also a sound and a movement. though i do not know them. i&#39;ve heard them once before i think.</p>"",""plain"":""is also a sound and a movement. though i do not know them. i've heard them once before i think."",""markdown"":""is also a sound and a movement. though i do not know them. i've heard them once before i think.""},""collaborators"":[]}","2026-07-27 22:35:18.650828","1452251","the-name-of-an-action","the name of an action","is also a sound and a movement. though i do not know them. i've heard them once before i think.","147","237"
"245","{""id"":694119,""can"":{""add_to"":false,""update"":false,""destroy"":false,""manage_collaborators"":false},""slug"":""guia"",""type"":""Channel"",""owner"":{""id"":152525,""name"":""01101101_ www"",""slug"":""01101101_-www"",""type"":""User"",""avatar"":""https://static.avatars.are.na/152525/large_a8f8929e4e9b50a5beb2a3b25dc1d738.jpg?1589736922"",""initials"":""0w""},""state"":""available"",""title"":""guia"",""_links"":{""self"":{""href"":""https://api.are.na/v3/channels/guia""},""owner"":{""href"":""https://api.are.na/v3/users/01101101_-www""},""contents"":{""href"":""https://api.are.na/v3/channels/guia/contents""},""followers"":{""href"":""https://api.are.na/v3/channels/guia/followers""},""connections"":{""href"":""https://api.are.na/v3/channels/guia/connections""}},""counts"":{""blocks"":336,""channels"":0,""contents"":336,""collaborators"":0},""metadata"":null,""created_at"":""2020-05-17T01:02:49Z"",""updated_at"":""2025-03-01T17:39:54Z"",""visibility"":""closed"",""description"":{""html"":""<p>▱</p>"",""plain"":""▱"",""markdown"":""▱""},""collaborators"":[]}","2026-07-27 22:35:56.120953","694119","guia","guia","▱","336","239"
"246","{""id"":1457017,""can"":{""add_to"":false,""update"":false,""destroy"":false,""manage_collaborators"":false},""slug"":""two-two-two-t6-horhq9lo"",""type"":""Channel"",""owner"":{""id"":243250,""name"":""P M"",""slug"":""p-m-2ogc712eite"",""type"":""User"",""avatar"":null,""initials"":""PM""},""state"":""available"",""title"":""222"",""_links"":{""self"":{""href"":""https://api.are.na/v3/channels/two-two-two-t6-horhq9lo""},""owner"":{""href"":""https://api.are.na/v3/users/p-m-2ogc712eite""},""contents"":{""href"":""https://api.are.na/v3/channels/two-two-two-t6-horhq9lo/contents""},""followers"":{""href"":""https://api.are.na/v3/channels/two-two-two-t6-horhq9lo/followers""},""connections"":{""href"":""https://api.are.na/v3/channels/two-two-two-t6-horhq9lo/connections""}},""counts"":{""blocks"":90,""channels"":0,""contents"":90,""collaborators"":1},""metadata"":null,""created_at"":""2022-03-01T00:15:03Z"",""updated_at"":""2026-01-23T02:57:44Z"",""visibility"":""closed"",""description"":null,""collaborators"":[{""id"":170871,""name"":""Eddie Mandell"",""slug"":""eddie-mandell-9sddb9q2kfk"",""type"":""User"",""_links"":{""self"":{""href"":""https://api.are.na/v3/users/eddie-mandell-9sddb9q2kfk""}},""avatar"":""https://static.avatars.are.na/170871/large_e0dd8333cddbbf6bda43a277252320eb.jpg?1766362126"",""initials"":""EM""}]}","2026-07-27 22:36:46.488432","1457017","two-two-two-t6-horhq9lo","222",,"90","240"
"247","{""id"":1506550,""can"":{""add_to"":false,""update"":false,""destroy"":false,""manage_collaborators"":false},""slug"":""colors-zcngocpzwbq"",""type"":""Channel"",""owner"":{""id"":264274,""name"":""⋆ nic✿le ⋆"",""slug"":""nic-le"",""type"":""User"",""avatar"":null,""initials"":""⋆n⋆""},""state"":""available"",""title"":"":•) colors ;•)"",""_links"":{""self"":{""href"":""https://api.are.na/v3/channels/colors-zcngocpzwbq""},""owner"":{""href"":""https://api.are.na/v3/users/nic-le""},""contents"":{""href"":""https://api.are.na/v3/channels/colors-zcngocpzwbq/contents""},""followers"":{""href"":""https://api.are.na/v3/channels/colors-zcngocpzwbq/followers""},""connections"":{""href"":""https://api.are.na/v3/channels/colors-zcngocpzwbq/connections""}},""counts"":{""blocks"":194,""channels"":18,""contents"":212,""collaborators"":0},""metadata"":null,""created_at"":""2022-04-01T01:34:49Z"",""updated_at"":""2026-06-09T01:52:21Z"",""visibility"":""closed"",""description"":null,""collaborators"":[]}","2026-07-27 22:37:12.146722","1506550","colors-zcngocpzwbq",":•) colors ;•)",,"194","241"
"249","{""id"":4125270,""can"":{""add_to"":false,""update"":false,""destroy"":false,""manage_collaborators"":false},""slug"":""flag-painting-research"",""type"":""Channel"",""owner"":{""id"":1054781,""name"":""Phoenix Brown"",""slug"":""phoenix-brown"",""type"":""User"",""avatar"":""https://static.avatars.are.na/1054781/large_c58a268468b392a466feee98c32ac15a.png?1756508378"",""initials"":""PB""},""state"":""available"",""title"":""Flag Painting Research"",""_links"":{""self"":{""href"":""https://api.are.na/v3/channels/flag-painting-research""},""owner"":{""href"":""https://api.are.na/v3/users/phoenix-brown""},""contents"":{""href"":""https://api.are.na/v3/channels/flag-painting-research/contents""},""followers"":{""href"":""https://api.are.na/v3/channels/flag-painting-research/followers""},""connections"":{""href"":""https://api.are.na/v3/channels/flag-painting-research/connections""}},""counts"":{""blocks"":36,""channels"":0,""contents"":36,""collaborators"":0},""metadata"":null,""created_at"":""2025-08-27T23:04:03Z"",""updated_at"":""2026-05-09T16:57:07Z"",""visibility"":""public"",""description"":null,""collaborators"":[]}","2026-07-27 22:39:17.589357","4125270","flag-painting-research","Flag Painting Research",,"36","243"
"250","{""id"":2739667,""can"":{""add_to"":false,""update"":false,""destroy"":false,""manage_collaborators"":false},""slug"":""graphic-design-poster-typography-and-etc"",""type"":""Channel"",""owner"":{""id"":477500,""name"":""spider web"",""slug"":""spider-web"",""type"":""User"",""avatar"":""https://static.avatars.are.na/477500/large_f45eacf7df1ac9ace499a772e6eb292f.jpg?1710518043"",""initials"":""sw""},""state"":""available"",""title"":""graphic~design[poster, typography and etc]"",""_links"":{""self"":{""href"":""https://api.are.na/v3/channels/graphic-design-poster-typography-and-etc""},""owner"":{""href"":""https://api.are.na/v3/users/spider-web""},""contents"":{""href"":""https://api.are.na/v3/channels/graphic-design-poster-typography-and-etc/contents""},""followers"":{""href"":""https://api.are.na/v3/channels/graphic-design-poster-typography-and-etc/followers""},""connections"":{""href"":""https://api.are.na/v3/channels/graphic-design-poster-typography-and-etc/connections""}},""counts"":{""blocks"":53,""channels"":18,""contents"":71,""collaborators"":0},""metadata"":null,""created_at"":""2024-03-13T18:01:43Z"",""updated_at"":""2026-02-10T08:34:33Z"",""visibility"":""public"",""description"":null,""collaborators"":[]}","2026-07-27 22:39:42.754245","2739667","graphic-design-poster-typography-and-etc","graphic~design[poster, typography and etc]",,"53","244"
"251","{""id"":2540431,""can"":{""add_to"":false,""update"":false,""destroy"":false,""manage_collaborators"":false},""slug"":""tattoo-tsueordxzzc"",""type"":""Channel"",""owner"":{""id"":487629,""name"":""Deep staria"",""slug"":""deep-staria"",""type"":""User"",""avatar"":""https://static.avatars.are.na/487629/large_8271e18866faafd3fa31fa89b398ddba.jpg?1699956397"",""initials"":""Ds""},""state"":""available"",""title"":""Tattoo"",""_links"":{""self"":{""href"":""https://api.are.na/v3/channels/tattoo-tsueordxzzc""},""owner"":{""href"":""https://api.are.na/v3/users/deep-staria""},""contents"":{""href"":""https://api.are.na/v3/channels/tattoo-tsueordxzzc/contents""},""followers"":{""href"":""https://api.are.na/v3/channels/tattoo-tsueordxzzc/followers""},""connections"":{""href"":""https://api.are.na/v3/channels/tattoo-tsueordxzzc/connections""}},""counts"":{""blocks"":32,""channels"":0,""contents"":32,""collaborators"":0},""metadata"":null,""created_at"":""2023-12-08T08:01:56Z"",""updated_at"":""2024-09-04T05:02:46Z"",""visibility"":""closed"",""description"":null,""collaborators"":[]}","2026-07-27 22:40:10.050356","2540431","tattoo-tsueordxzzc","Tattoo",,"32","245"
"252","{""id"":2491877,""can"":{""add_to"":false,""update"":false,""destroy"":false,""manage_collaborators"":false},""slug"":""arte-woyqhsgncym"",""type"":""Channel"",""owner"":{""id"":487629,""name"":""Deep staria"",""slug"":""deep-staria"",""type"":""User"",""avatar"":""https://static.avatars.are.na/487629/large_8271e18866faafd3fa31fa89b398ddba.jpg?1699956397"",""initials"":""Ds""},""state"":""available"",""title"":""Arte"",""_links"":{""self"":{""href"":""https://api.are.na/v3/channels/arte-woyqhsgncym""},""owner"":{""href"":""https://api.are.na/v3/users/deep-staria""},""contents"":{""href"":""https://api.are.na/v3/channels/arte-woyqhsgncym/contents""},""followers"":{""href"":""https://api.are.na/v3/channels/arte-woyqhsgncym/followers""},""connections"":{""href"":""https://api.are.na/v3/channels/arte-woyqhsgncym/connections""}},""counts"":{""blocks"":214,""channels"":1,""contents"":215,""collaborators"":0},""metadata"":null,""created_at"":""2023-11-12T13:06:35Z"",""updated_at"":""2026-06-28T19:25:18Z"",""visibility"":""closed"",""description"":null,""collaborators"":[]}","2026-07-27 22:40:34.941463","2491877","arte-woyqhsgncym","Arte",,"214","245"
"253","{""id"":2491862,""can"":{""add_to"":false,""update"":false,""destroy"":false,""manage_collaborators"":false},""slug"":""fae-ue10akw1wx8"",""type"":""Channel"",""owner"":{""id"":487629,""name"":""Deep staria"",""slug"":""deep-staria"",""type"":""User"",""avatar"":""https://static.avatars.are.na/487629/large_8271e18866faafd3fa31fa89b398ddba.jpg?1699956397"",""initials"":""Ds""},""state"":""available"",""title"":""Fae"",""_links"":{""self"":{""href"":""https://api.are.na/v3/channels/fae-ue10akw1wx8""},""owner"":{""href"":""https://api.are.na/v3/users/deep-staria""},""contents"":{""href"":""https://api.are.na/v3/channels/fae-ue10akw1wx8/contents""},""followers"":{""href"":""https://api.are.na/v3/channels/fae-ue10akw1wx8/followers""},""connections"":{""href"":""https://api.are.na/v3/channels/fae-ue10akw1wx8/connections""}},""counts"":{""blocks"":176,""channels"":0,""contents"":176,""collaborators"":0},""metadata"":null,""created_at"":""2023-11-12T12:57:20Z"",""updated_at"":""2026-07-08T07:32:44Z"",""visibility"":""closed"",""description"":null,""collaborators"":[]}","2026-07-27 22:41:14.91225","2491862","fae-ue10akw1wx8","Fae",,"176","245"
"254","{""id"":2389398,""can"":{""add_to"":false,""update"":false,""destroy"":false,""manage_collaborators"":false},""slug"":""neu-queer-gothic"",""type"":""Channel"",""owner"":{""id"":169908,""name"":""Fin Tams-Gray"",""slug"":""fin-tams-gray"",""type"":""User"",""avatar"":null,""initials"":""FT""},""state"":""available"",""title"":""neu queer gothic"",""_links"":{""self"":{""href"":""https://api.are.na/v3/channels/neu-queer-gothic""},""owner"":{""href"":""https://api.are.na/v3/users/fin-tams-gray""},""contents"":{""href"":""https://api.are.na/v3/channels/neu-queer-gothic/contents""},""followers"":{""href"":""https://api.are.na/v3/channels/neu-queer-gothic/followers""},""connections"":{""href"":""https://api.are.na/v3/channels/neu-queer-gothic/connections""}},""counts"":{""blocks"":62,""channels"":6,""contents"":68,""collaborators"":0},""metadata"":null,""created_at"":""2023-09-22T09:28:35Z"",""updated_at"":""2026-06-24T21:45:19Z"",""visibility"":""closed"",""description"":null,""collaborators"":[]}","2026-07-27 22:41:47.92519","2389398","neu-queer-gothic","neu queer gothic",,"62","248"
"255","{""id"":1615888,""can"":{""add_to"":false,""update"":false,""destroy"":false,""manage_collaborators"":false},""slug"":""xoxo-yx_momaezs0"",""type"":""Channel"",""owner"":{""id"":73202,""name"":""Claire Tomkiw"",""slug"":""claire-tomkiw"",""type"":""User"",""avatar"":null,""initials"":""CT""},""state"":""available"",""title"":""xoxo"",""_links"":{""self"":{""href"":""https://api.are.na/v3/channels/xoxo-yx_momaezs0""},""owner"":{""href"":""https://api.are.na/v3/users/claire-tomkiw""},""contents"":{""href"":""https://api.are.na/v3/channels/xoxo-yx_momaezs0/contents""},""followers"":{""href"":""https://api.are.na/v3/channels/xoxo-yx_momaezs0/followers""},""connections"":{""href"":""https://api.are.na/v3/channels/xoxo-yx_momaezs0/connections""}},""counts"":{""blocks"":536,""channels"":9,""contents"":545,""collaborators"":0},""metadata"":null,""created_at"":""2022-06-15T04:13:11Z"",""updated_at"":""2026-01-26T05:06:21Z"",""visibility"":""closed"",""description"":null,""collaborators"":[]}","2026-07-27 22:42:10.176486","1615888","xoxo-yx_momaezs0","xoxo",,"536","249"
"256","{""id"":1859977,""can"":{""add_to"":false,""update"":false,""destroy"":false,""manage_collaborators"":false},""slug"":""reference-images-cm_exs5hob8"",""type"":""Channel"",""owner"":{""id"":262483,""name"":""Oonagh McDowell"",""slug"":""oonagh-mcdowell"",""type"":""User"",""avatar"":null,""initials"":""OM""},""state"":""available"",""title"":""Reference Images"",""_links"":{""self"":{""href"":""https://api.are.na/v3/channels/reference-images-cm_exs5hob8""},""owner"":{""href"":""https://api.are.na/v3/users/oonagh-mcdowell""},""contents"":{""href"":""https://api.are.na/v3/channels/reference-images-cm_exs5hob8/contents""},""followers"":{""href"":""https://api.are.na/v3/channels/reference-images-cm_exs5hob8/followers""},""connections"":{""href"":""https://api.are.na/v3/channels/reference-images-cm_exs5hob8/connections""}},""counts"":{""blocks"":465,""channels"":0,""contents"":465,""collaborators"":0},""metadata"":null,""created_at"":""2022-11-15T21:04:25Z"",""updated_at"":""2026-06-19T08:01:07Z"",""visibility"":""closed"",""description"":null,""collaborators"":[]}","2026-07-27 22:43:17.360056","1859977","reference-images-cm_exs5hob8","Reference Images",,"465","250"
"257","{""id"":1820619,""can"":{""add_to"":false,""update"":false,""destroy"":false,""manage_collaborators"":false},""slug"":""iberia-rqzrxgirt8"",""type"":""Channel"",""owner"":{""id"":435029,""name"":""k jhh"",""slug"":""k-jhh"",""type"":""User"",""avatar"":null,""initials"":""kj""},""state"":""available"",""title"":""iberia"",""_links"":{""self"":{""href"":""https://api.are.na/v3/channels/iberia-rqzrxgirt8""},""owner"":{""href"":""https://api.are.na/v3/users/k-jhh""},""contents"":{""href"":""https://api.are.na/v3/channels/iberia-rqzrxgirt8/contents""},""followers"":{""href"":""https://api.are.na/v3/channels/iberia-rqzrxgirt8/followers""},""connections"":{""href"":""https://api.are.na/v3/channels/iberia-rqzrxgirt8/connections""}},""counts"":{""blocks"":42,""channels"":0,""contents"":42,""collaborators"":0},""metadata"":null,""created_at"":""2022-10-24T09:11:12Z"",""updated_at"":""2024-01-08T11:00:47Z"",""visibility"":""closed"",""description"":null,""collaborators"":[]}","2026-07-27 22:44:12.374951","1820619","iberia-rqzrxgirt8","iberia",,"42","251"
"258","{""id"":1458371,""can"":{""add_to"":false,""update"":false,""destroy"":false,""manage_collaborators"":false},""slug"":""caltrops"",""type"":""Channel"",""owner"":{""id"":328827,""name"":""Jack Van Boom"",""slug"":""jack-van-boom-smey0ecd0wo"",""type"":""User"",""avatar"":""https://static.avatars.are.na/328827/large_1a387cc57f90544f4b7711ac4975bf07.jpg?1722461645"",""initials"":""JVB""},""state"":""available"",""title"":""¯CALTROPS"",""_links"":{""self"":{""href"":""https://api.are.na/v3/channels/caltrops""},""owner"":{""href"":""https://api.are.na/v3/users/jack-van-boom-smey0ecd0wo""},""contents"":{""href"":""https://api.are.na/v3/channels/caltrops/contents""},""followers"":{""href"":""https://api.are.na/v3/channels/caltrops/followers""},""connections"":{""href"":""https://api.are.na/v3/channels/caltrops/connections""}},""counts"":{""blocks"":201,""channels"":7,""contents"":208,""collaborators"":0},""metadata"":null,""created_at"":""2022-03-01T18:41:21Z"",""updated_at"":""2026-06-22T03:16:13Z"",""visibility"":""public"",""description"":{""html"":""<p>jacks</p>"",""plain"":""jacks"",""markdown"":""jacks""},""collaborators"":[]}","2026-07-27 22:44:33.813208","1458371","caltrops","¯CALTROPS","jacks","201","252"
"259","{""id"":1788327,""can"":{""add_to"":false,""update"":false,""destroy"":false,""manage_collaborators"":false},""slug"":""razguno"",""type"":""Channel"",""owner"":{""id"":357311,""name"":""Fernando Monroy"",""slug"":""fernando-monroy"",""type"":""User"",""avatar"":null,""initials"":""FM""},""state"":""available"",""title"":""Razguño"",""_links"":{""self"":{""href"":""https://api.are.na/v3/channels/razguno""},""owner"":{""href"":""https://api.are.na/v3/users/fernando-monroy""},""contents"":{""href"":""https://api.are.na/v3/channels/razguno/contents""},""followers"":{""href"":""https://api.are.na/v3/channels/razguno/followers""},""connections"":{""href"":""https://api.are.na/v3/channels/razguno/connections""}},""counts"":{""blocks"":66,""channels"":0,""contents"":66,""collaborators"":0},""metadata"":null,""created_at"":""2022-10-04T18:34:35Z"",""updated_at"":""2026-04-15T16:13:36Z"",""visibility"":""closed"",""description"":null,""collaborators"":[]}","2026-07-27 22:45:08.540421","1788327","razguno","Razguño",,"66","253"
"260","{""id"":1499721,""can"":{""add_to"":false,""update"":false,""destroy"":false,""manage_collaborators"":false},""slug"":""spaceheadtr"",""type"":""Channel"",""owner"":{""id"":126129,""name"":""spaceheadtr  ✶✶"",""slug"":""spaceheadtr"",""type"":""User"",""avatar"":""https://static.avatars.are.na/126129/large_2e4512c9518fc75f92dca8ec4f15330e.png?1757097194"",""initials"":""s✶""},""state"":""available"",""title"":""spaceheadtr✶✶٭"",""_links"":{""self"":{""href"":""https://api.are.na/v3/channels/spaceheadtr""},""owner"":{""href"":""https://api.are.na/v3/users/spaceheadtr""},""contents"":{""href"":""https://api.are.na/v3/channels/spaceheadtr/contents""},""followers"":{""href"":""https://api.are.na/v3/channels/spaceheadtr/followers""},""connections"":{""href"":""https://api.are.na/v3/channels/spaceheadtr/connections""}},""counts"":{""blocks"":365,""channels"":0,""contents"":365,""collaborators"":0},""metadata"":null,""created_at"":""2022-03-28T12:04:20Z"",""updated_at"":""2026-07-26T04:59:15Z"",""visibility"":""closed"",""description"":{""html"":""<p><a href=\""https://spaceheadtr.tumblr.com/\"" target=\""_blank\"" rel=\""nofollow noopener\"">https://spaceheadtr.tumblr.com/</a></p>"",""plain"":""https://spaceheadtr.tumblr.com/"",""markdown"":""https://spaceheadtr.tumblr.com/""},""collaborators"":[]}","2026-07-27 22:45:34.673216","1499721","spaceheadtr","spaceheadtr✶✶٭","https://spaceheadtr.tumblr.com/","365","254"
"261","{""id"":4048981,""can"":{""add_to"":false,""update"":false,""destroy"":false,""manage_collaborators"":false},""slug"":""x-vwt2nchzb_u"",""type"":""Channel"",""owner"":{""id"":184568,""name"":""Colleen Wade"",""slug"":""colleen-wade"",""type"":""User"",""avatar"":""https://static.avatars.are.na/184568/large_8cc40d6d95e096b8cea0dc2a00a6df5a.jpeg?1784425341"",""initials"":""CW""},""state"":""available"",""title"":""x˖ ᡣ𐭩 ⊹ ࣪  ౨ৎ˚₊"",""_links"":{""self"":{""href"":""https://api.are.na/v3/channels/x-vwt2nchzb_u""},""owner"":{""href"":""https://api.are.na/v3/users/colleen-wade""},""contents"":{""href"":""https://api.are.na/v3/channels/x-vwt2nchzb_u/contents""},""followers"":{""href"":""https://api.are.na/v3/channels/x-vwt2nchzb_u/followers""},""connections"":{""href"":""https://api.are.na/v3/channels/x-vwt2nchzb_u/connections""}},""counts"":{""blocks"":644,""channels"":22,""contents"":666,""collaborators"":0},""metadata"":null,""created_at"":""2025-08-01T11:38:48Z"",""updated_at"":""2026-07-24T19:11:38Z"",""visibility"":""closed"",""description"":null,""collaborators"":[]}","2026-07-27 22:46:21.913372","4048981","x-vwt2nchzb_u","x˖ ᡣ𐭩 ⊹ ࣪  ౨ৎ˚₊",,"644","255"
"262","{""id"":3968518,""can"":{""add_to"":false,""update"":false,""destroy"":false,""manage_collaborators"":false},""slug"":""tatt-bvgewmzjjrg"",""type"":""Channel"",""owner"":{""id"":920652,""name"":""ecks jester"",""slug"":""ecks-jester"",""type"":""User"",""avatar"":null,""initials"":""ej""},""state"":""available"",""title"":""tatt"",""_links"":{""self"":{""href"":""https://api.are.na/v3/channels/tatt-bvgewmzjjrg""},""owner"":{""href"":""https://api.are.na/v3/users/ecks-jester""},""contents"":{""href"":""https://api.are.na/v3/channels/tatt-bvgewmzjjrg/contents""},""followers"":{""href"":""https://api.are.na/v3/channels/tatt-bvgewmzjjrg/followers""},""connections"":{""href"":""https://api.are.na/v3/channels/tatt-bvgewmzjjrg/connections""}},""counts"":{""blocks"":235,""channels"":49,""contents"":284,""collaborators"":0},""metadata"":null,""created_at"":""2025-07-08T03:15:48Z"",""updated_at"":""2026-07-27T11:11:25Z"",""visibility"":""closed"",""description"":null,""collaborators"":[]}","2026-07-27 22:47:35.082498","3968518","tatt-bvgewmzjjrg","tatt",,"235","256"
"263","{""id"":2049194,""can"":{""add_to"":false,""update"":false,""destroy"":false,""manage_collaborators"":false},""slug"":""metacognition-mirrors"",""type"":""Channel"",""owner"":{""id"":256295,""name"":""e m t"",""slug"":""e-m-t"",""type"":""User"",""avatar"":""https://static.avatars.are.na/256295/large_904f0157587192a79d0d6fb6ea3770e8.png?1739668303"",""initials"":""emt""},""state"":""available"",""title"":""metacognition & mirrors"",""_links"":{""self"":{""href"":""https://api.are.na/v3/channels/metacognition-mirrors""},""owner"":{""href"":""https://api.are.na/v3/users/e-m-t""},""contents"":{""href"":""https://api.are.na/v3/channels/metacognition-mirrors/contents""},""followers"":{""href"":""https://api.are.na/v3/channels/metacognition-mirrors/followers""},""connections"":{""href"":""https://api.are.na/v3/channels/metacognition-mirrors/connections""}},""counts"":{""blocks"":191,""channels"":1,""contents"":192,""collaborators"":0},""metadata"":null,""created_at"":""2023-03-05T18:16:17Z"",""updated_at"":""2026-07-21T14:09:44Z"",""visibility"":""public"",""description"":{""html"":""<p>takes on takes on meta-takes,  on-going vendetta with mirrors, how we try to &quot;see&quot; our selves</p>\n\n<ul>\n<li>strange loops/impossible objects</li>\n<li>horizon chasing, homoncular intuitions</li>\n<li>computationally limited (con/per)ceptions of the infinite? (regress)?</li>\n</ul>"",""plain"":""takes on takes on meta-takes,  on-going vendetta with mirrors, how we try to \""see\"" our selves\nstrange loops/impossible objects\nhorizon chasing, homoncular intuitions\ncomputationally limited (con/per)ceptions of the infinite? (regress)?"",""markdown"":""takes on takes on meta-takes,  on-going vendetta with mirrors, how we try to \""see\"" our selves\n\n- strange loops/impossible objects\n- horizon chasing, homoncular intuitions\n- computationally limited (con/per)ceptions of the infinite? (regress)?""},""collaborators"":[]}","2026-07-27 22:48:13.586804","2049194","metacognition-mirrors","metacognition & mirrors","takes on takes on meta-takes,  on-going vendetta with mirrors, how we try to ""see"" our selves
strange loops/impossible objects
horizon chasing, homoncular intuitions
computationally limited (con/per)ceptions of the infinite? (regress)?","191","257"
"264","{""id"":3486855,""can"":{""add_to"":false,""update"":false,""destroy"":false,""manage_collaborators"":false},""slug"":""illustration-gd2twnn0diw"",""type"":""Channel"",""owner"":{""id"":472194,""name"":""Deni Kuster"",""slug"":""deni-kuster"",""type"":""User"",""avatar"":""https://static.avatars.are.na/472194/large_5e9a86c21025327526b007d2697fb584.jpg?1762454654"",""initials"":""DK""},""state"":""available"",""title"":""Illustration "",""_links"":{""self"":{""href"":""https://api.are.na/v3/channels/illustration-gd2twnn0diw""},""owner"":{""href"":""https://api.are.na/v3/users/deni-kuster""},""contents"":{""href"":""https://api.are.na/v3/channels/illustration-gd2twnn0diw/contents""},""followers"":{""href"":""https://api.are.na/v3/channels/illustration-gd2twnn0diw/followers""},""connections"":{""href"":""https://api.are.na/v3/channels/illustration-gd2twnn0diw/connections""}},""counts"":{""blocks"":669,""channels"":0,""contents"":669,""collaborators"":0},""metadata"":null,""created_at"":""2025-01-20T21:43:10Z"",""updated_at"":""2026-07-24T17:43:00Z"",""visibility"":""closed"",""description"":null,""collaborators"":[]}","2026-07-27 22:48:45.235974","3486855","illustration-gd2twnn0diw","Illustration ",,"669","258"
"265","{""id"":3680725,""can"":{""add_to"":false,""update"":false,""destroy"":false,""manage_collaborators"":false},""slug"":""our-lady-of-the-well"",""type"":""Channel"",""owner"":{""id"":215841,""name"":""ꪶ ꪑ"",""slug"":""sq1ag7bowio"",""type"":""User"",""avatar"":""https://static.avatars.are.na/215841/large_9d15d8acdfe3c621e207f88bb79d52d5.jpg?1704803853"",""initials"":""ꪶꪑ""},""state"":""available"",""title"":""Our Lady of The Well"",""_links"":{""self"":{""href"":""https://api.are.na/v3/channels/our-lady-of-the-well""},""owner"":{""href"":""https://api.are.na/v3/users/sq1ag7bowio""},""contents"":{""href"":""https://api.are.na/v3/channels/our-lady-of-the-well/contents""},""followers"":{""href"":""https://api.are.na/v3/channels/our-lady-of-the-well/followers""},""connections"":{""href"":""https://api.are.na/v3/channels/our-lady-of-the-well/connections""}},""counts"":{""blocks"":31,""channels"":0,""contents"":31,""collaborators"":0},""metadata"":null,""created_at"":""2025-03-26T13:38:39Z"",""updated_at"":""2026-03-23T19:38:38Z"",""visibility"":""closed"",""description"":null,""collaborators"":[]}","2026-07-27 22:49:58.592623","3680725","our-lady-of-the-well","Our Lady of The Well",,"31","259"
"266","{""id"":1833172,""can"":{""add_to"":false,""update"":false,""destroy"":false,""manage_collaborators"":false},""slug"":""analogue-vs-digital"",""type"":""Channel"",""owner"":{""id"":221836,""name"":""_ 029c"",""slug"":""_-029c"",""type"":""User"",""avatar"":""https://static.avatars.are.na/221836/large_42548c5782f463ca5e917e05611c3ea3.gif?1770058284"",""initials"":""_0""},""state"":""available"",""title"":""ANALOGUE VS. DIGITAL"",""_links"":{""self"":{""href"":""https://api.are.na/v3/channels/analogue-vs-digital""},""owner"":{""href"":""https://api.are.na/v3/users/_-029c""},""contents"":{""href"":""https://api.are.na/v3/channels/analogue-vs-digital/contents""},""followers"":{""href"":""https://api.are.na/v3/channels/analogue-vs-digital/followers""},""connections"":{""href"":""https://api.are.na/v3/channels/analogue-vs-digital/connections""}},""counts"":{""blocks"":508,""channels"":9,""contents"":517,""collaborators"":0},""metadata"":null,""created_at"":""2022-10-31T23:42:53Z"",""updated_at"":""2026-07-27T16:15:57Z"",""visibility"":""closed"",""description"":{""html"":""<p>…<br>\nBOOF!</p>\n\n<p>DIGITAL(OGUE)</p>"",""plain"":""…\nBOOF!\nDIGITAL(OGUE)"",""markdown"":""…\nBOOF!\n\nDIGITAL(OGUE)""},""collaborators"":[]}","2026-07-27 22:50:21.033632","1833172","analogue-vs-digital","ANALOGUE VS. DIGITAL","…
BOOF!
DIGITAL(OGUE)","508","260"
"267","{""id"":3361614,""can"":{""add_to"":false,""update"":false,""destroy"":false,""manage_collaborators"":false},""slug"":""core-p67etv1clxg"",""type"":""Channel"",""owner"":{""id"":818498,""name"":""dora rara"",""slug"":""dora-rara"",""type"":""User"",""avatar"":null,""initials"":""dr""},""state"":""available"",""title"":""core "",""_links"":{""self"":{""href"":""https://api.are.na/v3/channels/core-p67etv1clxg""},""owner"":{""href"":""https://api.are.na/v3/users/dora-rara""},""contents"":{""href"":""https://api.are.na/v3/channels/core-p67etv1clxg/contents""},""followers"":{""href"":""https://api.are.na/v3/channels/core-p67etv1clxg/followers""},""connections"":{""href"":""https://api.are.na/v3/channels/core-p67etv1clxg/connections""}},""counts"":{""blocks"":29,""channels"":0,""contents"":29,""collaborators"":0},""metadata"":null,""created_at"":""2024-11-28T12:58:37Z"",""updated_at"":""2025-03-13T11:03:27Z"",""visibility"":""closed"",""description"":null,""collaborators"":[]}","2026-07-27 22:51:23.643432","3361614","core-p67etv1clxg","core ",,"29","261"
"268","{""id"":3258480,""can"":{""add_to"":false,""update"":false,""destroy"":false,""manage_collaborators"":false},""slug"":""graphic-design-inspo-18z3hzvrquc"",""type"":""Channel"",""owner"":{""id"":641977,""name"":""conrad amburgey"",""slug"":""conrad-amburgey"",""type"":""User"",""avatar"":null,""initials"":""ca""},""state"":""available"",""title"":""Graphic design inspo"",""_links"":{""self"":{""href"":""https://api.are.na/v3/channels/graphic-design-inspo-18z3hzvrquc""},""owner"":{""href"":""https://api.are.na/v3/users/conrad-amburgey""},""contents"":{""href"":""https://api.are.na/v3/channels/graphic-design-inspo-18z3hzvrquc/contents""},""followers"":{""href"":""https://api.are.na/v3/channels/graphic-design-inspo-18z3hzvrquc/followers""},""connections"":{""href"":""https://api.are.na/v3/channels/graphic-design-inspo-18z3hzvrquc/connections""}},""counts"":{""blocks"":46,""channels"":3,""contents"":49,""collaborators"":0},""metadata"":null,""created_at"":""2024-10-22T02:25:18Z"",""updated_at"":""2025-05-13T08:01:11Z"",""visibility"":""closed"",""description"":null,""collaborators"":[]}","2026-07-27 22:51:42.325238","3258480","graphic-design-inspo-18z3hzvrquc","Graphic design inspo",,"46","262"
"269","{""id"":1565047,""can"":{""add_to"":false,""update"":false,""destroy"":false,""manage_collaborators"":false},""slug"":""sketches-s7our6wdtt0"",""type"":""Channel"",""owner"":{""id"":210234,""name"":""Jake Chvatal"",""slug"":""jake-chvatal"",""type"":""User"",""avatar"":""https://static.avatars.are.na/210234/large_43ee55997cb4c0dede08d9d7a6c0ff26.jpg?1674752663"",""initials"":""JC""},""state"":""available"",""title"":""sketches"",""_links"":{""self"":{""href"":""https://api.are.na/v3/channels/sketches-s7our6wdtt0""},""owner"":{""href"":""https://api.are.na/v3/users/jake-chvatal""},""contents"":{""href"":""https://api.are.na/v3/channels/sketches-s7our6wdtt0/contents""},""followers"":{""href"":""https://api.are.na/v3/channels/sketches-s7our6wdtt0/followers""},""connections"":{""href"":""https://api.are.na/v3/channels/sketches-s7our6wdtt0/connections""}},""counts"":{""blocks"":1437,""channels"":2,""contents"":1439,""collaborators"":0},""metadata"":null,""created_at"":""2022-05-08T22:14:18Z"",""updated_at"":""2026-07-24T06:56:20Z"",""visibility"":""closed"",""description"":null,""collaborators"":[]}","2026-07-27 22:52:06.517575","1565047","sketches-s7our6wdtt0","sketches",,"1437","263"
"270","{""id"":3075576,""can"":{""add_to"":false,""update"":false,""destroy"":false,""manage_collaborators"":false},""slug"":""brain-3pay-gnqgso"",""type"":""Channel"",""owner"":{""id"":740482,""name"":""sancha t"",""slug"":""sancha-t"",""type"":""User"",""avatar"":null,""initials"":""st""},""state"":""available"",""title"":""brain"",""_links"":{""self"":{""href"":""https://api.are.na/v3/channels/brain-3pay-gnqgso""},""owner"":{""href"":""https://api.are.na/v3/users/sancha-t""},""contents"":{""href"":""https://api.are.na/v3/channels/brain-3pay-gnqgso/contents""},""followers"":{""href"":""https://api.are.na/v3/channels/brain-3pay-gnqgso/followers""},""connections"":{""href"":""https://api.are.na/v3/channels/brain-3pay-gnqgso/connections""}},""counts"":{""blocks"":38,""channels"":0,""contents"":38,""collaborators"":0},""metadata"":null,""created_at"":""2024-08-15T11:02:40Z"",""updated_at"":""2025-03-20T11:34:49Z"",""visibility"":""closed"",""description"":null,""collaborators"":[]}","2026-07-27 22:54:22.10354","3075576","brain-3pay-gnqgso","brain",,"38","264"
"271","{""id"":2860002,""can"":{""add_to"":false,""update"":false,""destroy"":false,""manage_collaborators"":false},""slug"":""embroidery-oc_cjgqzq50"",""type"":""Channel"",""owner"":{""id"":270271,""name"":""Kes H"",""slug"":""kes-h"",""type"":""User"",""avatar"":null,""initials"":""KH""},""state"":""available"",""title"":""Embroidery"",""_links"":{""self"":{""href"":""https://api.are.na/v3/channels/embroidery-oc_cjgqzq50""},""owner"":{""href"":""https://api.are.na/v3/users/kes-h""},""contents"":{""href"":""https://api.are.na/v3/channels/embroidery-oc_cjgqzq50/contents""},""followers"":{""href"":""https://api.are.na/v3/channels/embroidery-oc_cjgqzq50/followers""},""connections"":{""href"":""https://api.are.na/v3/channels/embroidery-oc_cjgqzq50/connections""}},""counts"":{""blocks"":53,""channels"":1,""contents"":54,""collaborators"":0},""metadata"":null,""created_at"":""2024-05-10T03:13:29Z"",""updated_at"":""2025-04-29T21:56:50Z"",""visibility"":""closed"",""description"":null,""collaborators"":[]}","2026-07-27 22:54:45.988617","2860002","embroidery-oc_cjgqzq50","Embroidery",,"53","265"
"272","{""id"":527932,""can"":{""add_to"":false,""update"":false,""destroy"":false,""manage_collaborators"":false},""slug"":""design-yhklouhvlxu"",""type"":""Channel"",""owner"":{""id"":38091,""name"":""Michael Retzlaff"",""slug"":""michael-retzlaff"",""type"":""User"",""avatar"":null,""initials"":""MR""},""state"":""available"",""title"":""design"",""_links"":{""self"":{""href"":""https://api.are.na/v3/channels/design-yhklouhvlxu""},""owner"":{""href"":""https://api.are.na/v3/users/michael-retzlaff""},""contents"":{""href"":""https://api.are.na/v3/channels/design-yhklouhvlxu/contents""},""followers"":{""href"":""https://api.are.na/v3/channels/design-yhklouhvlxu/followers""},""connections"":{""href"":""https://api.are.na/v3/channels/design-yhklouhvlxu/connections""}},""counts"":{""blocks"":88,""channels"":0,""contents"":88,""collaborators"":0},""metadata"":null,""created_at"":""2019-11-22T23:11:53Z"",""updated_at"":""2024-10-05T04:38:25Z"",""visibility"":""closed"",""description"":{""html"":""<p>design</p>"",""plain"":""design"",""markdown"":""design""},""collaborators"":[]}","2026-07-27 22:55:09.740326","527932","design-yhklouhvlxu","design","design","88","266"
"273","{""id"":2881966,""can"":{""add_to"":false,""update"":false,""destroy"":false,""manage_collaborators"":false},""slug"":""sometimes-u-just"",""type"":""Channel"",""owner"":{""id"":187560,""name"":""Aaron Amado"",""slug"":""aaron-amado"",""type"":""User"",""avatar"":null,""initials"":""AA""},""state"":""available"",""title"":""sometimes u just . . ."",""_links"":{""self"":{""href"":""https://api.are.na/v3/channels/sometimes-u-just""},""owner"":{""href"":""https://api.are.na/v3/users/aaron-amado""},""contents"":{""href"":""https://api.are.na/v3/channels/sometimes-u-just/contents""},""followers"":{""href"":""https://api.are.na/v3/channels/sometimes-u-just/followers""},""connections"":{""href"":""https://api.are.na/v3/channels/sometimes-u-just/connections""}},""counts"":{""blocks"":120,""channels"":1,""contents"":121,""collaborators"":0},""metadata"":null,""created_at"":""2024-05-21T17:05:36Z"",""updated_at"":""2024-08-15T17:13:54Z"",""visibility"":""public"",""description"":{""html"":""<p>for those times, when u just . . .</p>"",""plain"":""for those times, when u just . . ."",""markdown"":""for those times, when u just . . .""},""collaborators"":[]}","2026-07-27 22:55:39.090555","2881966","sometimes-u-just","sometimes u just . . .","for those times, when u just . . .","120","267"
"274","{""id"":2705029,""can"":{""add_to"":false,""update"":false,""destroy"":false,""manage_collaborators"":false},""slug"":""collection-of-sparks"",""type"":""Channel"",""owner"":{""id"":650387,""name"":""Joel Friedlin"",""slug"":""joel-friedlin"",""type"":""User"",""avatar"":""https://static.avatars.are.na/650387/large_654cbe039eb5aa46d17e2d164ce43e04.jpg?1709043073"",""initials"":""JF""},""state"":""available"",""title"":""collection of sparks"",""_links"":{""self"":{""href"":""https://api.are.na/v3/channels/collection-of-sparks""},""owner"":{""href"":""https://api.are.na/v3/users/joel-friedlin""},""contents"":{""href"":""https://api.are.na/v3/channels/collection-of-sparks/contents""},""followers"":{""href"":""https://api.are.na/v3/channels/collection-of-sparks/followers""},""connections"":{""href"":""https://api.are.na/v3/channels/collection-of-sparks/connections""}},""counts"":{""blocks"":1015,""channels"":23,""contents"":1038,""collaborators"":0},""metadata"":null,""created_at"":""2024-02-27T13:27:24Z"",""updated_at"":""2026-07-21T12:16:04Z"",""visibility"":""closed"",""description"":null,""collaborators"":[]}","2026-07-27 22:56:10.081688","2705029","collection-of-sparks","collection of sparks",,"1015","268"
"275","{""id"":2872269,""can"":{""add_to"":false,""update"":false,""destroy"":false,""manage_collaborators"":false},""slug"":""graphic-design-7itmfeieyw4"",""type"":""Channel"",""owner"":{""id"":688467,""name"":""nisrina adelia"",""slug"":""nisrina-adelia"",""type"":""User"",""avatar"":null,""initials"":""na""},""state"":""available"",""title"":""graphic design"",""_links"":{""self"":{""href"":""https://api.are.na/v3/channels/graphic-design-7itmfeieyw4""},""owner"":{""href"":""https://api.are.na/v3/users/nisrina-adelia""},""contents"":{""href"":""https://api.are.na/v3/channels/graphic-design-7itmfeieyw4/contents""},""followers"":{""href"":""https://api.are.na/v3/channels/graphic-design-7itmfeieyw4/followers""},""connections"":{""href"":""https://api.are.na/v3/channels/graphic-design-7itmfeieyw4/connections""}},""counts"":{""blocks"":88,""channels"":7,""contents"":95,""collaborators"":0},""metadata"":null,""created_at"":""2024-05-16T10:42:26Z"",""updated_at"":""2026-04-02T02:29:26Z"",""visibility"":""closed"",""description"":null,""collaborators"":[]}","2026-07-27 22:57:56.750342","2872269","graphic-design-7itmfeieyw4","graphic design",,"88","269"
"276","{""id"":2770985,""can"":{""add_to"":false,""update"":false,""destroy"":false,""manage_collaborators"":false},""slug"":""all-things-3uvquolakhg"",""type"":""Channel"",""owner"":{""id"":660213,""name"":""Zaya G R"",""slug"":""zaya-g-r"",""type"":""User"",""avatar"":null,""initials"":""ZGR""},""state"":""available"",""title"":""all things"",""_links"":{""self"":{""href"":""https://api.are.na/v3/channels/all-things-3uvquolakhg""},""owner"":{""href"":""https://api.are.na/v3/users/zaya-g-r""},""contents"":{""href"":""https://api.are.na/v3/channels/all-things-3uvquolakhg/contents""},""followers"":{""href"":""https://api.are.na/v3/channels/all-things-3uvquolakhg/followers""},""connections"":{""href"":""https://api.are.na/v3/channels/all-things-3uvquolakhg/connections""}},""counts"":{""blocks"":1028,""channels"":17,""contents"":1045,""collaborators"":0},""metadata"":null,""created_at"":""2024-03-28T20:48:44Z"",""updated_at"":""2026-06-02T08:31:58Z"",""visibility"":""closed"",""description"":null,""collaborators"":[]}","2026-07-27 22:58:27.687022","2770985","all-things-3uvquolakhg","all things",,"1028","270"
"277","{""id"":2835285,""can"":{""add_to"":false,""update"":false,""destroy"":false,""manage_collaborators"":false},""slug"":""artworks-jmwdtahszqk"",""type"":""Channel"",""owner"":{""id"":660213,""name"":""Zaya G R"",""slug"":""zaya-g-r"",""type"":""User"",""avatar"":null,""initials"":""ZGR""},""state"":""available"",""title"":""ArtWorks"",""_links"":{""self"":{""href"":""https://api.are.na/v3/channels/artworks-jmwdtahszqk""},""owner"":{""href"":""https://api.are.na/v3/users/zaya-g-r""},""contents"":{""href"":""https://api.are.na/v3/channels/artworks-jmwdtahszqk/contents""},""followers"":{""href"":""https://api.are.na/v3/channels/artworks-jmwdtahszqk/followers""},""connections"":{""href"":""https://api.are.na/v3/channels/artworks-jmwdtahszqk/connections""}},""counts"":{""blocks"":316,""channels"":6,""contents"":322,""collaborators"":0},""metadata"":null,""created_at"":""2024-04-26T15:26:24Z"",""updated_at"":""2026-02-18T19:44:00Z"",""visibility"":""closed"",""description"":null,""collaborators"":[]}","2026-07-27 23:00:19.719567","2835285","artworks-jmwdtahszqk","ArtWorks",,"316","270"
"278","{""id"":2789290,""can"":{""add_to"":false,""update"":false,""destroy"":false,""manage_collaborators"":false},""slug"":""outro-1vojgxwlwwi"",""type"":""Channel"",""owner"":{""id"":660213,""name"":""Zaya G R"",""slug"":""zaya-g-r"",""type"":""User"",""avatar"":null,""initials"":""ZGR""},""state"":""available"",""title"":""Outro"",""_links"":{""self"":{""href"":""https://api.are.na/v3/channels/outro-1vojgxwlwwi""},""owner"":{""href"":""https://api.are.na/v3/users/zaya-g-r""},""contents"":{""href"":""https://api.are.na/v3/channels/outro-1vojgxwlwwi/contents""},""followers"":{""href"":""https://api.are.na/v3/channels/outro-1vojgxwlwwi/followers""},""connections"":{""href"":""https://api.are.na/v3/channels/outro-1vojgxwlwwi/connections""}},""counts"":{""blocks"":428,""channels"":10,""contents"":438,""collaborators"":0},""metadata"":null,""created_at"":""2024-04-08T01:41:42Z"",""updated_at"":""2026-03-12T18:32:40Z"",""visibility"":""closed"",""description"":null,""collaborators"":[]}","2026-07-27 23:01:09.477402","2789290","outro-1vojgxwlwwi","Outro",,"428","270"
"279","{""id"":2082212,""can"":{""add_to"":false,""update"":false,""destroy"":false,""manage_collaborators"":false},""slug"":""ideas-mqx1wgcquik"",""type"":""Channel"",""owner"":{""id"":500385,""name"":""elizabeth portanova"",""slug"":""elizabeth-portanova-zssdelzpdpg"",""type"":""User"",""avatar"":null,""initials"":""ep""},""state"":""available"",""title"":""ideas"",""_links"":{""self"":{""href"":""https://api.are.na/v3/channels/ideas-mqx1wgcquik""},""owner"":{""href"":""https://api.are.na/v3/users/elizabeth-portanova-zssdelzpdpg""},""contents"":{""href"":""https://api.are.na/v3/channels/ideas-mqx1wgcquik/contents""},""followers"":{""href"":""https://api.are.na/v3/channels/ideas-mqx1wgcquik/followers""},""connections"":{""href"":""https://api.are.na/v3/channels/ideas-mqx1wgcquik/connections""}},""counts"":{""blocks"":1321,""channels"":13,""contents"":1334,""collaborators"":0},""metadata"":null,""created_at"":""2023-03-21T18:04:28Z"",""updated_at"":""2026-07-23T05:01:35Z"",""visibility"":""closed"",""description"":null,""collaborators"":[]}","2026-07-27 23:02:03.43882","2082212","ideas-mqx1wgcquik","ideas",,"1321","273"
"280","{""id"":2798589,""can"":{""add_to"":false,""update"":false,""destroy"":false,""manage_collaborators"":false},""slug"":""dnb-general"",""type"":""Channel"",""owner"":{""id"":576686,""name"":""HArper segal"",""slug"":""harper-segal-uh4x4w5gv8"",""type"":""User"",""avatar"":null,""initials"":""Hs""},""state"":""available"",""title"":""DNB General"",""_links"":{""self"":{""href"":""https://api.are.na/v3/channels/dnb-general""},""owner"":{""href"":""https://api.are.na/v3/users/harper-segal-uh4x4w5gv8""},""contents"":{""href"":""https://api.are.na/v3/channels/dnb-general/contents""},""followers"":{""href"":""https://api.are.na/v3/channels/dnb-general/followers""},""connections"":{""href"":""https://api.are.na/v3/channels/dnb-general/connections""}},""counts"":{""blocks"":136,""channels"":5,""contents"":141,""collaborators"":0},""metadata"":null,""created_at"":""2024-04-11T02:53:59Z"",""updated_at"":""2026-01-06T00:20:15Z"",""visibility"":""closed"",""description"":null,""collaborators"":[]}","2026-07-27 23:04:14.878045","2798589","dnb-general","DNB General",,"136","274"
"281","{""id"":2409073,""can"":{""add_to"":false,""update"":false,""destroy"":false,""manage_collaborators"":false},""slug"":""blackholeopenedinthekitchen"",""type"":""Channel"",""owner"":{""id"":282549,""name"":""Jennie Ellsworth"",""slug"":""jennie-ellsworth"",""type"":""User"",""avatar"":null,""initials"":""JE""},""state"":""available"",""title"":""blackholeopenedinthekitchen"",""_links"":{""self"":{""href"":""https://api.are.na/v3/channels/blackholeopenedinthekitchen""},""owner"":{""href"":""https://api.are.na/v3/users/jennie-ellsworth""},""contents"":{""href"":""https://api.are.na/v3/channels/blackholeopenedinthekitchen/contents""},""followers"":{""href"":""https://api.are.na/v3/channels/blackholeopenedinthekitchen/followers""},""connections"":{""href"":""https://api.are.na/v3/channels/blackholeopenedinthekitchen/connections""}},""counts"":{""blocks"":129,""channels"":1,""contents"":130,""collaborators"":0},""metadata"":null,""created_at"":""2023-10-03T02:21:03Z"",""updated_at"":""2026-07-08T15:41:14Z"",""visibility"":""closed"",""description"":null,""collaborators"":[]}","2026-07-27 23:04:43.120241","2409073","blackholeopenedinthekitchen","blackholeopenedinthekitchen",,"129","275"
"282","{""id"":2834677,""can"":{""add_to"":false,""update"":false,""destroy"":false,""manage_collaborators"":false},""slug"":""el-bon-nen-3"",""type"":""Channel"",""owner"":{""id"":539518,""name"":""Irene Lladó"",""slug"":""irene-llado"",""type"":""User"",""avatar"":null,""initials"":""IL""},""state"":""available"",""title"":""el bon nen<3"",""_links"":{""self"":{""href"":""https://api.are.na/v3/channels/el-bon-nen-3""},""owner"":{""href"":""https://api.are.na/v3/users/irene-llado""},""contents"":{""href"":""https://api.are.na/v3/channels/el-bon-nen-3/contents""},""followers"":{""href"":""https://api.are.na/v3/channels/el-bon-nen-3/followers""},""connections"":{""href"":""https://api.are.na/v3/channels/el-bon-nen-3/connections""}},""counts"":{""blocks"":92,""channels"":0,""contents"":92,""collaborators"":0},""metadata"":null,""created_at"":""2024-04-26T08:49:35Z"",""updated_at"":""2025-08-09T10:19:39Z"",""visibility"":""closed"",""description"":null,""collaborators"":[]}","2026-07-27 23:05:16.158933","2834677","el-bon-nen-3","el bon nen<3",,"92","276"
"283","{""id"":2529553,""can"":{""add_to"":false,""update"":false,""destroy"":false,""manage_collaborators"":false},""slug"":""collection-cgvlqfdcmxg"",""type"":""Channel"",""owner"":{""id"":608375,""name"":""nicolai ganichev"",""slug"":""nicolai-ganichev"",""type"":""User"",""avatar"":""https://static.avatars.are.na/608375/large_8b39d37263896bd1dc4b9b9b3032f86b.jpg?1704142393"",""initials"":""ng""},""state"":""available"",""title"":""collection"",""_links"":{""self"":{""href"":""https://api.are.na/v3/channels/collection-cgvlqfdcmxg""},""owner"":{""href"":""https://api.are.na/v3/users/nicolai-ganichev""},""contents"":{""href"":""https://api.are.na/v3/channels/collection-cgvlqfdcmxg/contents""},""followers"":{""href"":""https://api.are.na/v3/channels/collection-cgvlqfdcmxg/followers""},""connections"":{""href"":""https://api.are.na/v3/channels/collection-cgvlqfdcmxg/connections""}},""counts"":{""blocks"":157,""channels"":4,""contents"":161,""collaborators"":0},""metadata"":null,""created_at"":""2023-12-02T15:11:13Z"",""updated_at"":""2024-11-01T12:51:51Z"",""visibility"":""closed"",""description"":{""html"":""<p>to my taste</p>"",""plain"":""to my taste"",""markdown"":""to my taste""},""collaborators"":[]}","2026-07-27 23:05:49.555243","2529553","collection-cgvlqfdcmxg","collection","to my taste","157","277"
"284","{""id"":1407873,""can"":{""add_to"":false,""update"":false,""destroy"":false,""manage_collaborators"":false},""slug"":""graphic-form-ajpbawvmkei"",""type"":""Channel"",""owner"":{""id"":9242,""name"":""Skip Hursh"",""slug"":""skip-hursh"",""type"":""User"",""avatar"":""https://static.avatars.are.na/9242/large_d239594e3ec30e70faccc6f451b3013d.png?1674226806"",""initials"":""SH""},""state"":""available"",""title"":""Graphic Form"",""_links"":{""self"":{""href"":""https://api.are.na/v3/channels/graphic-form-ajpbawvmkei""},""owner"":{""href"":""https://api.are.na/v3/users/skip-hursh""},""contents"":{""href"":""https://api.are.na/v3/channels/graphic-form-ajpbawvmkei/contents""},""followers"":{""href"":""https://api.are.na/v3/channels/graphic-form-ajpbawvmkei/followers""},""connections"":{""href"":""https://api.are.na/v3/channels/graphic-form-ajpbawvmkei/connections""}},""counts"":{""blocks"":1320,""channels"":1,""contents"":1321,""collaborators"":0},""metadata"":null,""created_at"":""2022-01-29T22:18:31Z"",""updated_at"":""2026-07-24T03:07:57Z"",""visibility"":""closed"",""description"":null,""collaborators"":[]}","2026-07-27 23:06:24.960866","1407873","graphic-form-ajpbawvmkei","Graphic Form",,"1320","278"
"285","{""id"":1419738,""can"":{""add_to"":false,""update"":false,""destroy"":false,""manage_collaborators"":false},""slug"":""inspiration-stuff"",""type"":""Channel"",""owner"":{""id"":302170,""name"":""Gerrit Brocks"",""slug"":""gerrit-brocks"",""type"":""User"",""avatar"":""https://static.avatars.are.na/302170/large_dbf6b9a39db9011ce364be38eaf33047.jpg?1763123902"",""initials"":""GB""},""state"":""available"",""title"":""✶ inspiration & stuff ✶"",""_links"":{""self"":{""href"":""https://api.are.na/v3/channels/inspiration-stuff""},""owner"":{""href"":""https://api.are.na/v3/users/gerrit-brocks""},""contents"":{""href"":""https://api.are.na/v3/channels/inspiration-stuff/contents""},""followers"":{""href"":""https://api.are.na/v3/channels/inspiration-stuff/followers""},""connections"":{""href"":""https://api.are.na/v3/channels/inspiration-stuff/connections""}},""counts"":{""blocks"":1386,""channels"":9,""contents"":1395,""collaborators"":0},""metadata"":null,""created_at"":""2022-02-05T13:21:27Z"",""updated_at"":""2026-07-20T10:57:44Z"",""visibility"":""closed"",""description"":null,""collaborators"":[]}","2026-07-27 23:08:31.833736","1419738","inspiration-stuff","✶ inspiration & stuff ✶",,"1386","279"
"286","{""id"":2305705,""can"":{""add_to"":false,""update"":false,""destroy"":false,""manage_collaborators"":false},""slug"":""humanity-confirmed"",""type"":""Channel"",""owner"":{""id"":497945,""name"":""Pablo Castelo"",""slug"":""pablo-castelo"",""type"":""User"",""avatar"":""https://static.avatars.are.na/497945/large_11a0745d52884d0dfe749c9e239b77c2.png?1737661717"",""initials"":""PC""},""state"":""available"",""title"":""humanity confirmed"",""_links"":{""self"":{""href"":""https://api.are.na/v3/channels/humanity-confirmed""},""owner"":{""href"":""https://api.are.na/v3/users/pablo-castelo""},""contents"":{""href"":""https://api.are.na/v3/channels/humanity-confirmed/contents""},""followers"":{""href"":""https://api.are.na/v3/channels/humanity-confirmed/followers""},""connections"":{""href"":""https://api.are.na/v3/channels/humanity-confirmed/connections""}},""counts"":{""blocks"":1012,""channels"":12,""contents"":1024,""collaborators"":0},""metadata"":null,""created_at"":""2023-08-03T16:42:46Z"",""updated_at"":""2026-07-19T03:57:15Z"",""visibility"":""closed"",""description"":null,""collaborators"":[]}","2026-07-27 23:10:48.515792","2305705","humanity-confirmed","humanity confirmed",,"1012","280"
"287","{""id"":2409409,""can"":{""add_to"":false,""update"":false,""destroy"":false,""manage_collaborators"":false},""slug"":""ogtocan"",""type"":""Channel"",""owner"":{""id"":236013,""name"":""Louis Roh"",""slug"":""louis-roh-4x2avwergau"",""type"":""User"",""avatar"":""https://static.avatars.are.na/236013/large_fd5f27da9bf566b8185cb573ed8cded4.jpg?1677843859"",""initials"":""LR""},""state"":""available"",""title"":""Ögtocan"",""_links"":{""self"":{""href"":""https://api.are.na/v3/channels/ogtocan""},""owner"":{""href"":""https://api.are.na/v3/users/louis-roh-4x2avwergau""},""contents"":{""href"":""https://api.are.na/v3/channels/ogtocan/contents""},""followers"":{""href"":""https://api.are.na/v3/channels/ogtocan/followers""},""connections"":{""href"":""https://api.are.na/v3/channels/ogtocan/connections""}},""counts"":{""blocks"":51,""channels"":1,""contents"":52,""collaborators"":0},""metadata"":null,""created_at"":""2023-10-03T07:45:10Z"",""updated_at"":""2023-10-05T10:07:20Z"",""visibility"":""public"",""description"":null,""collaborators"":[]}","2026-07-27 23:12:32.441115","2409409","ogtocan","Ögtocan",,"51","281"
"288","{""id"":2403358,""can"":{""add_to"":false,""update"":false,""destroy"":false,""manage_collaborators"":false},""slug"":""complex-emotions-bxtuuetpgpu"",""type"":""Channel"",""owner"":{""id"":577775,""name"":""An K"",""slug"":""an-k"",""type"":""User"",""avatar"":null,""initials"":""AK""},""state"":""available"",""title"":""complex emotions"",""_links"":{""self"":{""href"":""https://api.are.na/v3/channels/complex-emotions-bxtuuetpgpu""},""owner"":{""href"":""https://api.are.na/v3/users/an-k""},""contents"":{""href"":""https://api.are.na/v3/channels/complex-emotions-bxtuuetpgpu/contents""},""followers"":{""href"":""https://api.are.na/v3/channels/complex-emotions-bxtuuetpgpu/followers""},""connections"":{""href"":""https://api.are.na/v3/channels/complex-emotions-bxtuuetpgpu/connections""}},""counts"":{""blocks"":73,""channels"":0,""contents"":73,""collaborators"":0},""metadata"":null,""created_at"":""2023-09-29T12:05:51Z"",""updated_at"":""2024-01-08T09:40:16Z"",""visibility"":""closed"",""description"":null,""collaborators"":[]}","2026-07-27 23:12:55.046797","2403358","complex-emotions-bxtuuetpgpu","complex emotions",,"73","282"
"289","{""id"":2275273,""can"":{""add_to"":false,""update"":false,""destroy"":false,""manage_collaborators"":false},""slug"":""asche-der-nacht"",""type"":""Channel"",""owner"":{""id"":442885,""name"":""R Ł"",""slug"":""r-l-wpk8mh-r3dg"",""type"":""User"",""avatar"":""https://static.avatars.are.na/442885/large_d099bb5fa7bb9b474d7f7a714989c7e0.jpg?1690142115"",""initials"":""RŁ""},""state"":""available"",""title"":""•ASCHE DER NACHT•"",""_links"":{""self"":{""href"":""https://api.are.na/v3/channels/asche-der-nacht""},""owner"":{""href"":""https://api.are.na/v3/users/r-l-wpk8mh-r3dg""},""contents"":{""href"":""https://api.are.na/v3/channels/asche-der-nacht/contents""},""followers"":{""href"":""https://api.are.na/v3/channels/asche-der-nacht/followers""},""connections"":{""href"":""https://api.are.na/v3/channels/asche-der-nacht/connections""}},""counts"":{""blocks"":127,""channels"":0,""contents"":127,""collaborators"":0},""metadata"":null,""created_at"":""2023-07-15T05:36:55Z"",""updated_at"":""2026-07-14T18:22:18Z"",""visibility"":""closed"",""description"":null,""collaborators"":[]}","2026-07-27 23:13:21.909039","2275273","asche-der-nacht","•ASCHE DER NACHT•",,"127","283"
"290","{""id"":1855601,""can"":{""add_to"":false,""update"":false,""destroy"":false,""manage_collaborators"":false},""slug"":""sammelbank"",""type"":""Channel"",""owner"":{""id"":442885,""name"":""R Ł"",""slug"":""r-l-wpk8mh-r3dg"",""type"":""User"",""avatar"":""https://static.avatars.are.na/442885/large_d099bb5fa7bb9b474d7f7a714989c7e0.jpg?1690142115"",""initials"":""RŁ""},""state"":""available"",""title"":""•SAMMELBANK•"",""_links"":{""self"":{""href"":""https://api.are.na/v3/channels/sammelbank""},""owner"":{""href"":""https://api.are.na/v3/users/r-l-wpk8mh-r3dg""},""contents"":{""href"":""https://api.are.na/v3/channels/sammelbank/contents""},""followers"":{""href"":""https://api.are.na/v3/channels/sammelbank/followers""},""connections"":{""href"":""https://api.are.na/v3/channels/sammelbank/connections""}},""counts"":{""blocks"":687,""channels"":2,""contents"":689,""collaborators"":0},""metadata"":null,""created_at"":""2022-11-13T20:57:24Z"",""updated_at"":""2026-07-14T18:17:39Z"",""visibility"":""closed"",""description"":null,""collaborators"":[]}","2026-07-27 23:13:50.316037","1855601","sammelbank","•SAMMELBANK•",,"687","283"
"291","{""id"":767466,""can"":{""add_to"":false,""update"":false,""destroy"":false,""manage_collaborators"":false},""slug"":""stash-irkmc3lyfgw"",""type"":""Channel"",""owner"":{""id"":123461,""name"":""Wesley Eggebrecht"",""slug"":""wesley-eggebrecht"",""type"":""User"",""avatar"":null,""initials"":""WE""},""state"":""available"",""title"":""Stash"",""_links"":{""self"":{""href"":""https://api.are.na/v3/channels/stash-irkmc3lyfgw""},""owner"":{""href"":""https://api.are.na/v3/users/wesley-eggebrecht""},""contents"":{""href"":""https://api.are.na/v3/channels/stash-irkmc3lyfgw/contents""},""followers"":{""href"":""https://api.are.na/v3/channels/stash-irkmc3lyfgw/followers""},""connections"":{""href"":""https://api.are.na/v3/channels/stash-irkmc3lyfgw/connections""}},""counts"":{""blocks"":387,""channels"":1,""contents"":388,""collaborators"":0},""metadata"":null,""created_at"":""2020-08-06T17:36:48Z"",""updated_at"":""2026-02-18T02:03:30Z"",""visibility"":""closed"",""description"":null,""collaborators"":[]}","2026-07-27 23:15:11.463846","767466","stash-irkmc3lyfgw","Stash",,"387","285"
"293","{""id"":2244179,""can"":{""add_to"":false,""update"":false,""destroy"":false,""manage_collaborators"":false},""slug"":""i-like-rvkadaqvn9s"",""type"":""Channel"",""owner"":{""id"":540821,""name"":""Briain Hudson"",""slug"":""briain-hudson"",""type"":""User"",""avatar"":null,""initials"":""BH""},""state"":""available"",""title"":""I like"",""_links"":{""self"":{""href"":""https://api.are.na/v3/channels/i-like-rvkadaqvn9s""},""owner"":{""href"":""https://api.are.na/v3/users/briain-hudson""},""contents"":{""href"":""https://api.are.na/v3/channels/i-like-rvkadaqvn9s/contents""},""followers"":{""href"":""https://api.are.na/v3/channels/i-like-rvkadaqvn9s/followers""},""connections"":{""href"":""https://api.are.na/v3/channels/i-like-rvkadaqvn9s/connections""}},""counts"":{""blocks"":79,""channels"":9,""contents"":88,""collaborators"":0},""metadata"":null,""created_at"":""2023-06-24T10:45:45Z"",""updated_at"":""2026-03-24T10:41:22Z"",""visibility"":""closed"",""description"":null,""collaborators"":[]}","2026-07-27 23:16:24.652069","2244179","i-like-rvkadaqvn9s","I like",,"79","287"
"294","{""id"":2226961,""can"":{""add_to"":false,""update"":false,""destroy"":false,""manage_collaborators"":false},""slug"":""nine-two-three-zero-two-three-two"",""type"":""Channel"",""owner"":{""id"":536743,""name"":""virtue \u200e "",""slug"":""virtue"",""type"":""User"",""avatar"":""https://static.avatars.are.na/536743/large_fe2f32e78cd62796769cdbfb23805818.jpg?1687067225"",""initials"":""v\u200e""},""state"":""available"",""title"":""9230232"",""_links"":{""self"":{""href"":""https://api.are.na/v3/channels/nine-two-three-zero-two-three-two""},""owner"":{""href"":""https://api.are.na/v3/users/virtue""},""contents"":{""href"":""https://api.are.na/v3/channels/nine-two-three-zero-two-three-two/contents""},""followers"":{""href"":""https://api.are.na/v3/channels/nine-two-three-zero-two-three-two/followers""},""connections"":{""href"":""https://api.are.na/v3/channels/nine-two-three-zero-two-three-two/connections""}},""counts"":{""blocks"":40,""channels"":0,""contents"":40,""collaborators"":0},""metadata"":null,""created_at"":""2023-06-13T08:11:34Z"",""updated_at"":""2023-06-19T01:37:38Z"",""visibility"":""closed"",""description"":null,""collaborators"":[]}","2026-07-27 23:17:04.250265","2226961","nine-two-three-zero-two-three-two","9230232",,"40","288"
"295","{""id"":1204874,""can"":{""add_to"":false,""update"":false,""destroy"":false,""manage_collaborators"":false},""slug"":""painting-drawing-ibub-yhe6zu"",""type"":""Channel"",""owner"":{""id"":280289,""name"":""em ca"",""slug"":""em-ca"",""type"":""User"",""avatar"":null,""initials"":""ec""},""state"":""available"",""title"":""painting/drawing"",""_links"":{""self"":{""href"":""https://api.are.na/v3/channels/painting-drawing-ibub-yhe6zu""},""owner"":{""href"":""https://api.are.na/v3/users/em-ca""},""contents"":{""href"":""https://api.are.na/v3/channels/painting-drawing-ibub-yhe6zu/contents""},""followers"":{""href"":""https://api.are.na/v3/channels/painting-drawing-ibub-yhe6zu/followers""},""connections"":{""href"":""https://api.are.na/v3/channels/painting-drawing-ibub-yhe6zu/connections""}},""counts"":{""blocks"":56,""channels"":1,""contents"":57,""collaborators"":0},""metadata"":null,""created_at"":""2021-09-09T01:20:33Z"",""updated_at"":""2026-07-07T09:00:28Z"",""visibility"":""closed"",""description"":null,""collaborators"":[]}","2026-07-27 23:17:30.614094","1204874","painting-drawing-ibub-yhe6zu","painting/drawing",,"56","289"
"296","{""id"":1481955,""can"":{""add_to"":false,""update"":false,""destroy"":false,""manage_collaborators"":false},""slug"":""design-illustration-1vlmvr6rigg"",""type"":""Channel"",""owner"":{""id"":212309,""name"":""Áine McGee"",""slug"":""aine-mcgee"",""type"":""User"",""avatar"":null,""initials"":""ÁM""},""state"":""available"",""title"":""Design–Illustration"",""_links"":{""self"":{""href"":""https://api.are.na/v3/channels/design-illustration-1vlmvr6rigg""},""owner"":{""href"":""https://api.are.na/v3/users/aine-mcgee""},""contents"":{""href"":""https://api.are.na/v3/channels/design-illustration-1vlmvr6rigg/contents""},""followers"":{""href"":""https://api.are.na/v3/channels/design-illustration-1vlmvr6rigg/followers""},""connections"":{""href"":""https://api.are.na/v3/channels/design-illustration-1vlmvr6rigg/connections""}},""counts"":{""blocks"":72,""channels"":2,""contents"":74,""collaborators"":0},""metadata"":null,""created_at"":""2022-03-16T10:54:19Z"",""updated_at"":""2025-02-13T16:25:22Z"",""visibility"":""closed"",""description"":null,""collaborators"":[]}","2026-07-27 23:17:55.6764","1481955","design-illustration-1vlmvr6rigg","Design–Illustration",,"72","290"
"297","{""id"":2173517,""can"":{""add_to"":false,""update"":false,""destroy"":false,""manage_collaborators"":false},""slug"":""tagasaste"",""type"":""Channel"",""owner"":{""id"":337460,""name"":""Natalia Ruiz"",""slug"":""natalia-ruiz"",""type"":""User"",""avatar"":""https://static.avatars.are.na/337460/large_c02ab7b0612e20f53e325c8da06a56ef.png?1665596828"",""initials"":""NR""},""state"":""available"",""title"":""Tagasaste"",""_links"":{""self"":{""href"":""https://api.are.na/v3/channels/tagasaste""},""owner"":{""href"":""https://api.are.na/v3/users/natalia-ruiz""},""contents"":{""href"":""https://api.are.na/v3/channels/tagasaste/contents""},""followers"":{""href"":""https://api.are.na/v3/channels/tagasaste/followers""},""connections"":{""href"":""https://api.are.na/v3/channels/tagasaste/connections""}},""counts"":{""blocks"":111,""channels"":0,""contents"":111,""collaborators"":0},""metadata"":null,""created_at"":""2023-05-10T04:46:09Z"",""updated_at"":""2023-10-17T23:07:09Z"",""visibility"":""public"",""description"":null,""collaborators"":[]}","2026-07-27 23:18:14.86229","2173517","tagasaste","Tagasaste",,"111","291"
"298","{""id"":141593,""can"":{""add_to"":false,""update"":false,""destroy"":false,""manage_collaborators"":false},""slug"":""illustration-1517860520"",""type"":""Channel"",""owner"":{""id"":12463,""name"":""Jordan Rundle"",""slug"":""jordan-rundle"",""type"":""User"",""avatar"":""https://static.avatars.are.na/12463/large_423039092b5916e188c87cdcd4075885.gif?1536432054"",""initials"":""JR""},""state"":""available"",""title"":""illustration"",""_links"":{""self"":{""href"":""https://api.are.na/v3/channels/illustration-1517860520""},""owner"":{""href"":""https://api.are.na/v3/users/jordan-rundle""},""contents"":{""href"":""https://api.are.na/v3/channels/illustration-1517860520/contents""},""followers"":{""href"":""https://api.are.na/v3/channels/illustration-1517860520/followers""},""connections"":{""href"":""https://api.are.na/v3/channels/illustration-1517860520/connections""}},""counts"":{""blocks"":320,""channels"":4,""contents"":324,""collaborators"":0},""metadata"":null,""created_at"":""2018-02-05T19:55:20Z"",""updated_at"":""2026-07-24T18:32:07Z"",""visibility"":""closed"",""description"":null,""collaborators"":[]}","2026-07-27 23:18:47.932017","141593","illustration-1517860520","illustration",,"320","292"
"299","{""id"":1929189,""can"":{""add_to"":false,""update"":false,""destroy"":false,""manage_collaborators"":false},""slug"":""sketchbook-jqvqwkc8scs"",""type"":""Channel"",""owner"":{""id"":78567,""name"":""river burns"",""slug"":""river-burns"",""type"":""User"",""avatar"":""https://static.avatars.are.na/78567/large_b1383ac10ff16fb609b550cf9caaeba6.jpg?1626977770"",""initials"":""rb""},""state"":""available"",""title"":""sketchbook"",""_links"":{""self"":{""href"":""https://api.are.na/v3/channels/sketchbook-jqvqwkc8scs""},""owner"":{""href"":""https://api.are.na/v3/users/river-burns""},""contents"":{""href"":""https://api.are.na/v3/channels/sketchbook-jqvqwkc8scs/contents""},""followers"":{""href"":""https://api.are.na/v3/channels/sketchbook-jqvqwkc8scs/followers""},""connections"":{""href"":""https://api.are.na/v3/channels/sketchbook-jqvqwkc8scs/connections""}},""counts"":{""blocks"":46,""channels"":0,""contents"":46,""collaborators"":0},""metadata"":null,""created_at"":""2023-01-01T20:18:58Z"",""updated_at"":""2026-01-24T22:19:37Z"",""visibility"":""closed"",""description"":{""html"":""<p>mark-making and composition ideas for my sketchbook</p>"",""plain"":""mark-making and composition ideas for my sketchbook"",""markdown"":""mark-making and composition ideas for my sketchbook""},""collaborators"":[]}","2026-07-27 23:19:32.725953","1929189","sketchbook-jqvqwkc8scs","sketchbook","mark-making and composition ideas for my sketchbook","46","293"
"300","{""id"":2132755,""can"":{""add_to"":false,""update"":false,""destroy"":false,""manage_collaborators"":false},""slug"":""illustrated-e-cawezqab0"",""type"":""Channel"",""owner"":{""id"":514342,""name"":""wthr rp0rt"",""slug"":""wthr-rp0rt"",""type"":""User"",""avatar"":null,""initials"":""wr""},""state"":""available"",""title"":""illustrated"",""_links"":{""self"":{""href"":""https://api.are.na/v3/channels/illustrated-e-cawezqab0""},""owner"":{""href"":""https://api.are.na/v3/users/wthr-rp0rt""},""contents"":{""href"":""https://api.are.na/v3/channels/illustrated-e-cawezqab0/contents""},""followers"":{""href"":""https://api.are.na/v3/channels/illustrated-e-cawezqab0/followers""},""connections"":{""href"":""https://api.are.na/v3/channels/illustrated-e-cawezqab0/connections""}},""counts"":{""blocks"":215,""channels"":0,""contents"":215,""collaborators"":0},""metadata"":null,""created_at"":""2023-04-16T22:30:42Z"",""updated_at"":""2026-03-15T21:45:08Z"",""visibility"":""closed"",""description"":null,""collaborators"":[]}","2026-07-27 23:19:55.653092","2132755","illustrated-e-cawezqab0","illustrated",,"215","294"
"301","{""id"":1828000,""can"":{""add_to"":false,""update"":false,""destroy"":false,""manage_collaborators"":false},""slug"":""breakfast-dump"",""type"":""Channel"",""owner"":{""id"":435333,""name"":""babydieuu °❀⋆."",""slug"":""babydieuu"",""type"":""User"",""avatar"":""https://static.avatars.are.na/435333/large_7640fbdd0ffd016b4b578e4313e60349.jpg?1730300516"",""initials"":""b°""},""state"":""available"",""title"":""breakfast dump"",""_links"":{""self"":{""href"":""https://api.are.na/v3/channels/breakfast-dump""},""owner"":{""href"":""https://api.are.na/v3/users/babydieuu""},""contents"":{""href"":""https://api.are.na/v3/channels/breakfast-dump/contents""},""followers"":{""href"":""https://api.are.na/v3/channels/breakfast-dump/followers""},""connections"":{""href"":""https://api.are.na/v3/channels/breakfast-dump/connections""}},""counts"":{""blocks"":177,""channels"":6,""contents"":183,""collaborators"":0},""metadata"":null,""created_at"":""2022-10-27T22:29:05Z"",""updated_at"":""2026-07-09T02:46:36Z"",""visibility"":""closed"",""description"":null,""collaborators"":[]}","2026-07-27 23:20:30.528447","1828000","breakfast-dump","breakfast dump",,"177","295"
"302","{""id"":1600331,""can"":{""add_to"":false,""update"":false,""destroy"":false,""manage_collaborators"":false},""slug"":""fun-3g_n96plaq8"",""type"":""Channel"",""owner"":{""id"":240848,""name"":""Jung Hoon Lee"",""slug"":""jung-hoon-lee"",""type"":""User"",""avatar"":null,""initials"":""JHL""},""state"":""available"",""title"":""Fun"",""_links"":{""self"":{""href"":""https://api.are.na/v3/channels/fun-3g_n96plaq8""},""owner"":{""href"":""https://api.are.na/v3/users/jung-hoon-lee""},""contents"":{""href"":""https://api.are.na/v3/channels/fun-3g_n96plaq8/contents""},""followers"":{""href"":""https://api.are.na/v3/channels/fun-3g_n96plaq8/followers""},""connections"":{""href"":""https://api.are.na/v3/channels/fun-3g_n96plaq8/connections""}},""counts"":{""blocks"":368,""channels"":8,""contents"":376,""collaborators"":0},""metadata"":null,""created_at"":""2022-06-03T04:45:44Z"",""updated_at"":""2026-04-15T22:00:50Z"",""visibility"":""closed"",""description"":null,""collaborators"":[]}","2026-07-27 23:21:05.042621","1600331","fun-3g_n96plaq8","Fun",,"368","296"
"303","{""id"":1722884,""can"":{""add_to"":false,""update"":false,""destroy"":false,""manage_collaborators"":false},""slug"":""ill-16p2ii2ukdo"",""type"":""Channel"",""owner"":{""id"":204265,""name"":""Anna Chandler"",""slug"":""anna-chandler"",""type"":""User"",""avatar"":null,""initials"":""AC""},""state"":""available"",""title"":""ill"",""_links"":{""self"":{""href"":""https://api.are.na/v3/channels/ill-16p2ii2ukdo""},""owner"":{""href"":""https://api.are.na/v3/users/anna-chandler""},""contents"":{""href"":""https://api.are.na/v3/channels/ill-16p2ii2ukdo/contents""},""followers"":{""href"":""https://api.are.na/v3/channels/ill-16p2ii2ukdo/followers""},""connections"":{""href"":""https://api.are.na/v3/channels/ill-16p2ii2ukdo/connections""}},""counts"":{""blocks"":1331,""channels"":0,""contents"":1331,""collaborators"":0},""metadata"":null,""created_at"":""2022-08-29T15:44:53Z"",""updated_at"":""2026-07-25T05:08:28Z"",""visibility"":""closed"",""description"":null,""collaborators"":[]}","2026-07-27 23:21:55.79972","1722884","ill-16p2ii2ukdo","ill",,"1331","34"
"305","{""id"":4691421,""can"":{""add_to"":false,""update"":false,""destroy"":false,""manage_collaborators"":false},""slug"":""a-little-tilted-but-awesome"",""type"":""Channel"",""owner"":{""id"":89733,""name"":""tg-z *"",""slug"":""tg-z"",""type"":""User"",""avatar"":""https://static.avatars.are.na/89733/large_61a4c45e9a0614fba1306273e9738289.jpg?1768392575"",""initials"":""t*""},""state"":""available"",""title"":""a little tilted, but awesome"",""_links"":{""self"":{""href"":""https://api.are.na/v3/channels/a-little-tilted-but-awesome""},""owner"":{""href"":""https://api.are.na/v3/users/tg-z""},""contents"":{""href"":""https://api.are.na/v3/channels/a-little-tilted-but-awesome/contents""},""followers"":{""href"":""https://api.are.na/v3/channels/a-little-tilted-but-awesome/followers""},""connections"":{""href"":""https://api.are.na/v3/channels/a-little-tilted-but-awesome/connections""}},""counts"":{""blocks"":171,""channels"":1,""contents"":172,""collaborators"":0},""metadata"":null,""created_at"":""2026-01-13T04:37:46Z"",""updated_at"":""2026-06-27T04:51:17Z"",""visibility"":""closed"",""description"":null,""collaborators"":[]}","2026-07-27 23:24:13.00302","4691421","a-little-tilted-but-awesome","a little tilted, but awesome",,"171","226"
"306","{""id"":1645820,""can"":{""add_to"":false,""update"":false,""destroy"":false,""manage_collaborators"":false},""slug"":""visual-experiencie"",""type"":""Channel"",""owner"":{""id"":361026,""name"":""Pedro Lima"",""slug"":""pedro-lima-ynqzxodruwm"",""type"":""User"",""avatar"":""https://static.avatars.are.na/361026/large_8ebc594e75bdc52602db70e8279d8575.jpg?1649899029"",""initials"":""PL""},""state"":""available"",""title"":""VISUAL EXPERIENCIE"",""_links"":{""self"":{""href"":""https://api.are.na/v3/channels/visual-experiencie""},""owner"":{""href"":""https://api.are.na/v3/users/pedro-lima-ynqzxodruwm""},""contents"":{""href"":""https://api.are.na/v3/channels/visual-experiencie/contents""},""followers"":{""href"":""https://api.are.na/v3/channels/visual-experiencie/followers""},""connections"":{""href"":""https://api.are.na/v3/channels/visual-experiencie/connections""}},""counts"":{""blocks"":413,""channels"":36,""contents"":449,""collaborators"":0},""metadata"":null,""created_at"":""2022-07-07T23:43:14Z"",""updated_at"":""2026-02-16T22:06:55Z"",""visibility"":""closed"",""description"":{""html"":""<p>u know</p>"",""plain"":""u know"",""markdown"":""u know""},""collaborators"":[]}","2026-07-27 23:24:43.862654","1645820","visual-experiencie","VISUAL EXPERIENCIE","u know","413","300"
"307","{""id"":1184086,""can"":{""add_to"":false,""update"":false,""destroy"":false,""manage_collaborators"":false},""slug"":""old-orchard-beach"",""type"":""Channel"",""owner"":{""id"":274385,""name"":""felix mzd"",""slug"":""felix-mzd"",""type"":""User"",""avatar"":null,""initials"":""fm""},""state"":""available"",""title"":""old orchard beach"",""_links"":{""self"":{""href"":""https://api.are.na/v3/channels/old-orchard-beach""},""owner"":{""href"":""https://api.are.na/v3/users/felix-mzd""},""contents"":{""href"":""https://api.are.na/v3/channels/old-orchard-beach/contents""},""followers"":{""href"":""https://api.are.na/v3/channels/old-orchard-beach/followers""},""connections"":{""href"":""https://api.are.na/v3/channels/old-orchard-beach/connections""}},""counts"":{""blocks"":820,""channels"":0,""contents"":820,""collaborators"":0},""metadata"":null,""created_at"":""2021-08-24T04:20:18Z"",""updated_at"":""2026-07-13T17:58:47Z"",""visibility"":""closed"",""description"":{""html"":""<p>magic of a blanket fort,<br>\nglimpses of kingdom hearts blue,<br>\nhearing the angels call,<br>\nheart squeezed to a high pitch,<br>\ncuriouser &amp; curiouser,<br>\ninvented memories,<br>\nhealing wounds,<br>\nbuilding safety,<br>\netc, etc, etc</p>"",""plain"":""magic of a blanket fort,\nglimpses of kingdom hearts blue,\nhearing the angels call,\nheart squeezed to a high pitch,\ncuriouser & curiouser,\ninvented memories,\nhealing wounds,\nbuilding safety,\netc, etc, etc"",""markdown"":""magic of a blanket fort,\nglimpses of kingdom hearts blue,\nhearing the angels call,\nheart squeezed to a high pitch,\ncuriouser & curiouser,\ninvented memories,\nhealing wounds,\nbuilding safety,\netc, etc, etc""},""collaborators"":[]}","2026-07-27 23:25:37.363704","1184086","old-orchard-beach","old orchard beach","magic of a blanket fort,
glimpses of kingdom hearts blue,
hearing the angels call,
heart squeezed to a high pitch,
curiouser & curiouser,
invented memories,
healing wounds,
building safety,
etc, etc, etc","820","51"
"308","{""id"":1158093,""can"":{""add_to"":false,""update"":false,""destroy"":false,""manage_collaborators"":false},""slug"":""experimental-gsdisayjbog"",""type"":""Channel"",""owner"":{""id"":187327,""name"":""chris osagie"",""slug"":""chris-osagie"",""type"":""User"",""avatar"":""https://static.avatars.are.na/187327/large_5cad7e412adbdfd1cd296087d8d667af.jpg?1733692561"",""initials"":""co""},""state"":""available"",""title"":""experimental"",""_links"":{""self"":{""href"":""https://api.are.na/v3/channels/experimental-gsdisayjbog""},""owner"":{""href"":""https://api.are.na/v3/users/chris-osagie""},""contents"":{""href"":""https://api.are.na/v3/channels/experimental-gsdisayjbog/contents""},""followers"":{""href"":""https://api.are.na/v3/channels/experimental-gsdisayjbog/followers""},""connections"":{""href"":""https://api.are.na/v3/channels/experimental-gsdisayjbog/connections""}},""counts"":{""blocks"":120,""channels"":2,""contents"":122,""collaborators"":0},""metadata"":null,""created_at"":""2021-07-31T15:07:36Z"",""updated_at"":""2026-07-22T21:13:46Z"",""visibility"":""closed"",""description"":null,""collaborators"":[]}","2026-07-27 23:27:05.804135","1158093","experimental-gsdisayjbog","experimental",,"120","302"
"309","{""id"":1220206,""can"":{""add_to"":false,""update"":false,""destroy"":false,""manage_collaborators"":false},""slug"":""tsu"",""type"":""Channel"",""owner"":{""id"":258400,""name"":""A_ S_"",""slug"":""a_-s_"",""type"":""User"",""avatar"":null,""initials"":""AS""},""state"":""available"",""title"":""tsu"",""_links"":{""self"":{""href"":""https://api.are.na/v3/channels/tsu""},""owner"":{""href"":""https://api.are.na/v3/users/a_-s_""},""contents"":{""href"":""https://api.are.na/v3/channels/tsu/contents""},""followers"":{""href"":""https://api.are.na/v3/channels/tsu/followers""},""connections"":{""href"":""https://api.are.na/v3/channels/tsu/connections""}},""counts"":{""blocks"":212,""channels"":0,""contents"":212,""collaborators"":0},""metadata"":null,""created_at"":""2021-09-21T05:48:14Z"",""updated_at"":""2021-10-07T21:08:47Z"",""visibility"":""closed"",""description"":null,""collaborators"":[]}","2026-07-27 23:27:38.80311","1220206","tsu","tsu",,"212","303"
"310","{""id"":3871585,""can"":{""add_to"":false,""update"":false,""destroy"":false,""manage_collaborators"":false},""slug"":""screens-guwaa9warca"",""type"":""Channel"",""owner"":{""id"":113234,""name"":""steven lee"",""slug"":""steven-lee"",""type"":""User"",""avatar"":null,""initials"":""sl""},""state"":""available"",""title"":""SCREENS"",""_links"":{""self"":{""href"":""https://api.are.na/v3/channels/screens-guwaa9warca""},""owner"":{""href"":""https://api.are.na/v3/users/steven-lee""},""contents"":{""href"":""https://api.are.na/v3/channels/screens-guwaa9warca/contents""},""followers"":{""href"":""https://api.are.na/v3/channels/screens-guwaa9warca/followers""},""connections"":{""href"":""https://api.are.na/v3/channels/screens-guwaa9warca/connections""}},""counts"":{""blocks"":28,""channels"":3,""contents"":31,""collaborators"":0},""metadata"":null,""created_at"":""2025-06-02T23:08:10Z"",""updated_at"":""2026-07-06T00:23:31Z"",""visibility"":""closed"",""description"":null,""collaborators"":[]}","2026-07-27 23:28:17.33933","3871585","screens-guwaa9warca","SCREENS",,"28","304"
"311","{""id"":3123881,""can"":{""add_to"":false,""update"":false,""destroy"":false,""manage_collaborators"":false},""slug"":""spaces-kwhkk_hgxby"",""type"":""Channel"",""owner"":{""id"":113234,""name"":""steven lee"",""slug"":""steven-lee"",""type"":""User"",""avatar"":null,""initials"":""sl""},""state"":""available"",""title"":""SPACES"",""_links"":{""self"":{""href"":""https://api.are.na/v3/channels/spaces-kwhkk_hgxby""},""owner"":{""href"":""https://api.are.na/v3/users/steven-lee""},""contents"":{""href"":""https://api.are.na/v3/channels/spaces-kwhkk_hgxby/contents""},""followers"":{""href"":""https://api.are.na/v3/channels/spaces-kwhkk_hgxby/followers""},""connections"":{""href"":""https://api.are.na/v3/channels/spaces-kwhkk_hgxby/connections""}},""counts"":{""blocks"":37,""channels"":29,""contents"":66,""collaborators"":0},""metadata"":null,""created_at"":""2024-09-04T20:54:05Z"",""updated_at"":""2026-07-24T22:24:03Z"",""visibility"":""closed"",""description"":null,""collaborators"":[]}","2026-07-27 23:28:39.750724","3123881","spaces-kwhkk_hgxby","SPACES",,"37","304"
"312","{""id"":3969726,""can"":{""add_to"":false,""update"":false,""destroy"":false,""manage_collaborators"":false},""slug"":""ooh-1szuke7vztg"",""type"":""Channel"",""owner"":{""id"":176365,""name"":""David Jacob"",""slug"":""david-jacob"",""type"":""User"",""avatar"":""https://static.avatars.are.na/176365/large_adcecf656f9c0a34c172553f2101afd4.jpeg?1784977090"",""initials"":""DJ""},""state"":""available"",""title"":""OOH"",""_links"":{""self"":{""href"":""https://api.are.na/v3/channels/ooh-1szuke7vztg""},""owner"":{""href"":""https://api.are.na/v3/users/david-jacob""},""contents"":{""href"":""https://api.are.na/v3/channels/ooh-1szuke7vztg/contents""},""followers"":{""href"":""https://api.are.na/v3/channels/ooh-1szuke7vztg/followers""},""connections"":{""href"":""https://api.are.na/v3/channels/ooh-1szuke7vztg/connections""}},""counts"":{""blocks"":145,""channels"":4,""contents"":149,""collaborators"":0},""metadata"":null,""created_at"":""2025-07-08T11:54:50Z"",""updated_at"":""2026-07-14T08:33:43Z"",""visibility"":""closed"",""description"":null,""collaborators"":[]}","2026-07-27 23:29:01.287795","3969726","ooh-1szuke7vztg","OOH",,"145","306"
"313","{""id"":3666623,""can"":{""add_to"":false,""update"":false,""destroy"":false,""manage_collaborators"":false},""slug"":""stuff-i-tlsvn2kz4"",""type"":""Channel"",""owner"":{""id"":893554,""name"":""jasidfoja asdgsdgawe"",""slug"":""jasidfoja-asdgsdgawe"",""type"":""User"",""avatar"":null,""initials"":""ja""},""state"":""available"",""title"":""Stuff"",""_links"":{""self"":{""href"":""https://api.are.na/v3/channels/stuff-i-tlsvn2kz4""},""owner"":{""href"":""https://api.are.na/v3/users/jasidfoja-asdgsdgawe""},""contents"":{""href"":""https://api.are.na/v3/channels/stuff-i-tlsvn2kz4/contents""},""followers"":{""href"":""https://api.are.na/v3/channels/stuff-i-tlsvn2kz4/followers""},""connections"":{""href"":""https://api.are.na/v3/channels/stuff-i-tlsvn2kz4/connections""}},""counts"":{""blocks"":49,""channels"":1,""contents"":50,""collaborators"":0},""metadata"":null,""created_at"":""2025-03-21T12:16:17Z"",""updated_at"":""2026-04-27T18:08:31Z"",""visibility"":""closed"",""description"":null,""collaborators"":[]}","2026-07-27 23:29:33.325933","3666623","stuff-i-tlsvn2kz4","Stuff",,"49","307"
"314","{""id"":3959977,""can"":{""add_to"":false,""update"":false,""destroy"":false,""manage_collaborators"":false},""slug"":""gf-uym38o6hevm"",""type"":""Channel"",""owner"":{""id"":86622,""name"":""Charlotte Butler"",""slug"":""charlotte-butler"",""type"":""User"",""avatar"":null,""initials"":""CB""},""state"":""available"",""title"":""GF"",""_links"":{""self"":{""href"":""https://api.are.na/v3/channels/gf-uym38o6hevm""},""owner"":{""href"":""https://api.are.na/v3/users/charlotte-butler""},""contents"":{""href"":""https://api.are.na/v3/channels/gf-uym38o6hevm/contents""},""followers"":{""href"":""https://api.are.na/v3/channels/gf-uym38o6hevm/followers""},""connections"":{""href"":""https://api.are.na/v3/channels/gf-uym38o6hevm/connections""}},""counts"":{""blocks"":229,""channels"":0,""contents"":229,""collaborators"":0},""metadata"":null,""created_at"":""2025-07-04T14:37:06Z"",""updated_at"":""2025-12-09T14:50:28Z"",""visibility"":""closed"",""description"":null,""collaborators"":[]}","2026-07-27 23:29:54.674413","3959977","gf-uym38o6hevm","GF",,"229","308"
"315","{""id"":2421941,""can"":{""add_to"":false,""update"":false,""destroy"":false,""manage_collaborators"":false},""slug"":""vibin-in-the-office-aedificium"",""type"":""Channel"",""owner"":{""id"":373491,""name"":""Anton Hildingsson"",""slug"":""anton-hildingsson"",""type"":""User"",""avatar"":""https://static.avatars.are.na/373491/large_11b449abaaaf369b89cdd49ce85fabd9.jpg?1692430889"",""initials"":""AH""},""state"":""available"",""title"":""vibin' in the office aedificium"",""_links"":{""self"":{""href"":""https://api.are.na/v3/channels/vibin-in-the-office-aedificium""},""owner"":{""href"":""https://api.are.na/v3/users/anton-hildingsson""},""contents"":{""href"":""https://api.are.na/v3/channels/vibin-in-the-office-aedificium/contents""},""followers"":{""href"":""https://api.are.na/v3/channels/vibin-in-the-office-aedificium/followers""},""connections"":{""href"":""https://api.are.na/v3/channels/vibin-in-the-office-aedificium/connections""}},""counts"":{""blocks"":227,""channels"":5,""contents"":232,""collaborators"":0},""metadata"":null,""created_at"":""2023-10-09T18:14:06Z"",""updated_at"":""2026-07-13T15:33:36Z"",""visibility"":""closed"",""description"":{""html"":""<p>as phrased by a friend</p>"",""plain"":""as phrased by a friend"",""markdown"":""as phrased by a friend""},""collaborators"":[]}","2026-07-27 23:30:30.193111","2421941","vibin-in-the-office-aedificium","vibin' in the office aedificium","as phrased by a friend","227","309"
"316","{""id"":2935193,""can"":{""add_to"":false,""update"":false,""destroy"":false,""manage_collaborators"":false},""slug"":""zaffrine"",""type"":""Channel"",""owner"":{""id"":259811,""name"":""Dobu Haishen"",""slug"":""dobu-haishen"",""type"":""User"",""avatar"":null,""initials"":""DH""},""state"":""available"",""title"":""zaffrine"",""_links"":{""self"":{""href"":""https://api.are.na/v3/channels/zaffrine""},""owner"":{""href"":""https://api.are.na/v3/users/dobu-haishen""},""contents"":{""href"":""https://api.are.na/v3/channels/zaffrine/contents""},""followers"":{""href"":""https://api.are.na/v3/channels/zaffrine/followers""},""connections"":{""href"":""https://api.are.na/v3/channels/zaffrine/connections""}},""counts"":{""blocks"":260,""channels"":0,""contents"":260,""collaborators"":0},""metadata"":null,""created_at"":""2024-06-13T19:43:32Z"",""updated_at"":""2026-07-05T15:28:09Z"",""visibility"":""closed"",""description"":null,""collaborators"":[]}","2026-07-27 23:31:08.124694","2935193","zaffrine","zaffrine",,"260","310"
"317","{""id"":3782429,""can"":{""add_to"":false,""update"":false,""destroy"":false,""manage_collaborators"":false},""slug"":""screens-rw4xs5mwvxs"",""type"":""Channel"",""owner"":{""id"":493190,""name"":""Evelyn Luu"",""slug"":""evelyn-luu-qi6tph27xew"",""type"":""User"",""avatar"":null,""initials"":""EL""},""state"":""available"",""title"":""screens"",""_links"":{""self"":{""href"":""https://api.are.na/v3/channels/screens-rw4xs5mwvxs""},""owner"":{""href"":""https://api.are.na/v3/users/evelyn-luu-qi6tph27xew""},""contents"":{""href"":""https://api.are.na/v3/channels/screens-rw4xs5mwvxs/contents""},""followers"":{""href"":""https://api.are.na/v3/channels/screens-rw4xs5mwvxs/followers""},""connections"":{""href"":""https://api.are.na/v3/channels/screens-rw4xs5mwvxs/connections""}},""counts"":{""blocks"":66,""channels"":0,""contents"":66,""collaborators"":0},""metadata"":null,""created_at"":""2025-05-01T08:06:54Z"",""updated_at"":""2026-07-15T21:59:05Z"",""visibility"":""closed"",""description"":null,""collaborators"":[]}","2026-07-27 23:31:46.884178","3782429","screens-rw4xs5mwvxs","screens",,"66","311"
"318","{""id"":2438100,""can"":{""add_to"":false,""update"":false,""destroy"":false,""manage_collaborators"":false},""slug"":""new-digital-princess"",""type"":""Channel"",""owner"":{""id"":587438,""name"":""Ksenya Badanova"",""slug"":""ksenya-badanova"",""type"":""User"",""avatar"":null,""initials"":""KB""},""state"":""available"",""title"":""New digital princess"",""_links"":{""self"":{""href"":""https://api.are.na/v3/channels/new-digital-princess""},""owner"":{""href"":""https://api.are.na/v3/users/ksenya-badanova""},""contents"":{""href"":""https://api.are.na/v3/channels/new-digital-princess/contents""},""followers"":{""href"":""https://api.are.na/v3/channels/new-digital-princess/followers""},""connections"":{""href"":""https://api.are.na/v3/channels/new-digital-princess/connections""}},""counts"":{""blocks"":85,""channels"":23,""contents"":108,""collaborators"":0},""metadata"":null,""created_at"":""2023-10-16T16:23:16Z"",""updated_at"":""2026-06-01T02:51:33Z"",""visibility"":""public"",""description"":null,""collaborators"":[]}","2026-07-27 23:32:10.026405","2438100","new-digital-princess","New digital princess",,"85","312"
"319","{""id"":2505910,""can"":{""add_to"":false,""update"":false,""destroy"":false,""manage_collaborators"":false},""slug"":""installations-spaces"",""type"":""Channel"",""owner"":{""id"":369962,""name"":""Tom Staples Castello"",""slug"":""tom-staples-castello"",""type"":""User"",""avatar"":""https://static.avatars.are.na/369962/large_782c40177ed6eb85ee3e089d4860810f.jpg?1737545342"",""initials"":""TSC""},""state"":""available"",""title"":""Installations + Spaces"",""_links"":{""self"":{""href"":""https://api.are.na/v3/channels/installations-spaces""},""owner"":{""href"":""https://api.are.na/v3/users/tom-staples-castello""},""contents"":{""href"":""https://api.are.na/v3/channels/installations-spaces/contents""},""followers"":{""href"":""https://api.are.na/v3/channels/installations-spaces/followers""},""connections"":{""href"":""https://api.are.na/v3/channels/installations-spaces/connections""}},""counts"":{""blocks"":390,""channels"":0,""contents"":390,""collaborators"":0},""metadata"":null,""created_at"":""2023-11-19T15:56:19Z"",""updated_at"":""2026-07-15T15:40:24Z"",""visibility"":""closed"",""description"":null,""collaborators"":[]}","2026-07-27 23:32:37.277877","2505910","installations-spaces","Installations + Spaces",,"390","313"
"320","{""id"":2681007,""can"":{""add_to"":false,""update"":false,""destroy"":false,""manage_collaborators"":false},""slug"":""spaces-akhl_hiz4us"",""type"":""Channel"",""owner"":{""id"":15195,""name"":""PRESENCE Creatives"",""slug"":""presence-creatives"",""type"":""Group"",""avatar"":""https://static.avatars.are.na/groups/15195/large_db311f7a381db3c853dc054cc50bdf89.png?1713970377"",""initials"":""PC""},""state"":""available"",""title"":""Spaces"",""_links"":{""self"":{""href"":""https://api.are.na/v3/channels/spaces-akhl_hiz4us""},""owner"":{""href"":""https://api.are.na/v3/groups/presence-creatives""},""contents"":{""href"":""https://api.are.na/v3/channels/spaces-akhl_hiz4us/contents""},""followers"":{""href"":""https://api.are.na/v3/channels/spaces-akhl_hiz4us/followers""},""connections"":{""href"":""https://api.are.na/v3/channels/spaces-akhl_hiz4us/connections""}},""counts"":{""blocks"":75,""channels"":4,""contents"":79,""collaborators"":0},""metadata"":null,""created_at"":""2024-02-16T13:29:54Z"",""updated_at"":""2026-06-05T11:08:10Z"",""visibility"":""closed"",""description"":null,""collaborators"":[]}","2026-07-27 23:33:24.702309","2681007","spaces-akhl_hiz4us","Spaces",,"75",
"321","{""id"":3637934,""can"":{""add_to"":false,""update"":false,""destroy"":false,""manage_collaborators"":false},""slug"":""nike-x-uo"",""type"":""Channel"",""owner"":{""id"":358233,""name"":""Sabrina Saccente"",""slug"":""sabrina-saccente"",""type"":""User"",""avatar"":""https://static.avatars.are.na/358233/large_fed82af59ebc1788c30916a674f361cd.png?1667223170"",""initials"":""SS""},""state"":""available"",""title"":""NIKE x UO"",""_links"":{""self"":{""href"":""https://api.are.na/v3/channels/nike-x-uo""},""owner"":{""href"":""https://api.are.na/v3/users/sabrina-saccente""},""contents"":{""href"":""https://api.are.na/v3/channels/nike-x-uo/contents""},""followers"":{""href"":""https://api.are.na/v3/channels/nike-x-uo/followers""},""connections"":{""href"":""https://api.are.na/v3/channels/nike-x-uo/connections""}},""counts"":{""blocks"":194,""channels"":1,""contents"":195,""collaborators"":0},""metadata"":null,""created_at"":""2025-03-11T15:00:16Z"",""updated_at"":""2026-06-19T01:47:45Z"",""visibility"":""closed"",""description"":null,""collaborators"":[]}","2026-07-27 23:33:50.790862","3637934","nike-x-uo","NIKE x UO",,"194","314"
"322","{""id"":2894802,""can"":{""add_to"":false,""update"":false,""destroy"":false,""manage_collaborators"":false},""slug"":""light-arc-buildings-materials"",""type"":""Channel"",""owner"":{""id"":639819,""name"":""Katy Wai"",""slug"":""katy-wai"",""type"":""User"",""avatar"":null,""initials"":""KW""},""state"":""available"",""title"":""Light / Arc / Buildings / Materials"",""_links"":{""self"":{""href"":""https://api.are.na/v3/channels/light-arc-buildings-materials""},""owner"":{""href"":""https://api.are.na/v3/users/katy-wai""},""contents"":{""href"":""https://api.are.na/v3/channels/light-arc-buildings-materials/contents""},""followers"":{""href"":""https://api.are.na/v3/channels/light-arc-buildings-materials/followers""},""connections"":{""href"":""https://api.are.na/v3/channels/light-arc-buildings-materials/connections""}},""counts"":{""blocks"":46,""channels"":15,""contents"":61,""collaborators"":0},""metadata"":null,""created_at"":""2024-05-28T19:53:18Z"",""updated_at"":""2026-07-24T22:23:45Z"",""visibility"":""closed"",""description"":null,""collaborators"":[]}","2026-07-27 23:34:25.752623","2894802","light-arc-buildings-materials","Light / Arc / Buildings / Materials",,"46","107"
"323","{""id"":3282682,""can"":{""add_to"":false,""update"":false,""destroy"":false,""manage_collaborators"":false},""slug"":""random-7ihez2eqwsu"",""type"":""Channel"",""owner"":{""id"":424185,""name"":""Tim W"",""slug"":""tim-w"",""type"":""User"",""avatar"":""https://static.avatars.are.na/424185/large_70cce0883bf34f99c158dd56c93aaaa3.jpg?1730734707"",""initials"":""TW""},""state"":""available"",""title"":""RANDOM"",""_links"":{""self"":{""href"":""https://api.are.na/v3/channels/random-7ihez2eqwsu""},""owner"":{""href"":""https://api.are.na/v3/users/tim-w""},""contents"":{""href"":""https://api.are.na/v3/channels/random-7ihez2eqwsu/contents""},""followers"":{""href"":""https://api.are.na/v3/channels/random-7ihez2eqwsu/followers""},""connections"":{""href"":""https://api.are.na/v3/channels/random-7ihez2eqwsu/connections""}},""counts"":{""blocks"":223,""channels"":0,""contents"":223,""collaborators"":0},""metadata"":null,""created_at"":""2024-10-30T15:20:49Z"",""updated_at"":""2026-05-28T15:12:59Z"",""visibility"":""closed"",""description"":null,""collaborators"":[]}","2026-07-27 23:34:49.541768","3282682","random-7ihez2eqwsu","RANDOM",,"223","316"
"324","{""id"":2965815,""can"":{""add_to"":false,""update"":false,""destroy"":false,""manage_collaborators"":false},""slug"":""x-flyhigh"",""type"":""Channel"",""owner"":{""id"":68119,""name"":""Alexis Quarles"",""slug"":""alexis-quarles"",""type"":""User"",""avatar"":null,""initials"":""AQ""},""state"":""available"",""title"":""x - flyhigh"",""_links"":{""self"":{""href"":""https://api.are.na/v3/channels/x-flyhigh""},""owner"":{""href"":""https://api.are.na/v3/users/alexis-quarles""},""contents"":{""href"":""https://api.are.na/v3/channels/x-flyhigh/contents""},""followers"":{""href"":""https://api.are.na/v3/channels/x-flyhigh/followers""},""connections"":{""href"":""https://api.are.na/v3/channels/x-flyhigh/connections""}},""counts"":{""blocks"":421,""channels"":0,""contents"":421,""collaborators"":0},""metadata"":null,""created_at"":""2024-06-26T15:33:26Z"",""updated_at"":""2026-03-09T19:00:22Z"",""visibility"":""closed"",""description"":null,""collaborators"":[]}","2026-07-27 23:35:24.745357","2965815","x-flyhigh","x - flyhigh",,"421","317"
"325","{""id"":2767792,""can"":{""add_to"":false,""update"":false,""destroy"":false,""manage_collaborators"":false},""slug"":""burberry-l40kd6gwy3o"",""type"":""Channel"",""owner"":{""id"":20427,""name"":""Rachel Kahn"",""slug"":""rachel-kahn"",""type"":""User"",""avatar"":null,""initials"":""RK""},""state"":""available"",""title"":""Burberry "",""_links"":{""self"":{""href"":""https://api.are.na/v3/channels/burberry-l40kd6gwy3o""},""owner"":{""href"":""https://api.are.na/v3/users/rachel-kahn""},""contents"":{""href"":""https://api.are.na/v3/channels/burberry-l40kd6gwy3o/contents""},""followers"":{""href"":""https://api.are.na/v3/channels/burberry-l40kd6gwy3o/followers""},""connections"":{""href"":""https://api.are.na/v3/channels/burberry-l40kd6gwy3o/connections""}},""counts"":{""blocks"":211,""channels"":0,""contents"":211,""collaborators"":0},""metadata"":null,""created_at"":""2024-03-27T13:51:13Z"",""updated_at"":""2026-07-01T00:01:40Z"",""visibility"":""closed"",""description"":null,""collaborators"":[]}","2026-07-27 23:36:15.92844","2767792","burberry-l40kd6gwy3o","Burberry ",,"211","318"
"326","{""id"":2737065,""can"":{""add_to"":false,""update"":false,""destroy"":false,""manage_collaborators"":false},""slug"":""stage-design-cgtkvivvnuk"",""type"":""Channel"",""owner"":{""id"":232887,""name"":""Alice Pesenti"",""slug"":""alice-pesenti"",""type"":""User"",""avatar"":null,""initials"":""AP""},""state"":""available"",""title"":""🏛️ Stage Design"",""_links"":{""self"":{""href"":""https://api.are.na/v3/channels/stage-design-cgtkvivvnuk""},""owner"":{""href"":""https://api.are.na/v3/users/alice-pesenti""},""contents"":{""href"":""https://api.are.na/v3/channels/stage-design-cgtkvivvnuk/contents""},""followers"":{""href"":""https://api.are.na/v3/channels/stage-design-cgtkvivvnuk/followers""},""connections"":{""href"":""https://api.are.na/v3/channels/stage-design-cgtkvivvnuk/connections""}},""counts"":{""blocks"":181,""channels"":7,""contents"":188,""collaborators"":0},""metadata"":null,""created_at"":""2024-03-12T17:33:30Z"",""updated_at"":""2026-07-26T12:08:26Z"",""visibility"":""closed"",""description"":null,""collaborators"":[]}","2026-07-27 23:36:52.955802","2737065","stage-design-cgtkvivvnuk","🏛️ Stage Design",,"181","319"
"327","{""id"":2738882,""can"":{""add_to"":false,""update"":false,""destroy"":false,""manage_collaborators"":false},""slug"":""gp-_hw1xtmgvrk"",""type"":""Channel"",""owner"":{""id"":492918,""name"":""Ana Rivera"",""slug"":""ana-rivera"",""type"":""User"",""avatar"":""https://static.avatars.are.na/492918/large_0ce4f395b21a9e01acfb054efc84362e.png?1706174239"",""initials"":""AR""},""state"":""available"",""title"":""GP"",""_links"":{""self"":{""href"":""https://api.are.na/v3/channels/gp-_hw1xtmgvrk""},""owner"":{""href"":""https://api.are.na/v3/users/ana-rivera""},""contents"":{""href"":""https://api.are.na/v3/channels/gp-_hw1xtmgvrk/contents""},""followers"":{""href"":""https://api.are.na/v3/channels/gp-_hw1xtmgvrk/followers""},""connections"":{""href"":""https://api.are.na/v3/channels/gp-_hw1xtmgvrk/connections""}},""counts"":{""blocks"":55,""channels"":0,""contents"":55,""collaborators"":0},""metadata"":null,""created_at"":""2024-03-13T12:46:10Z"",""updated_at"":""2024-07-16T10:21:24Z"",""visibility"":""closed"",""description"":null,""collaborators"":[]}","2026-07-27 23:37:24.9259","2738882","gp-_hw1xtmgvrk","GP",,"55","320"
"328","{""id"":2174892,""can"":{""add_to"":false,""update"":false,""destroy"":false,""manage_collaborators"":false},""slug"":""installation-experience-setup"",""type"":""Channel"",""owner"":{""id"":194957,""name"":""Shelby Shaw"",""slug"":""shelby-shaw"",""type"":""User"",""avatar"":""https://static.avatars.are.na/194957/large_7fbca61311d0be1cedb1af8e2b150fa9.jpg?1600364853"",""initials"":""SS""},""state"":""available"",""title"":""Installation Experience Setup"",""_links"":{""self"":{""href"":""https://api.are.na/v3/channels/installation-experience-setup""},""owner"":{""href"":""https://api.are.na/v3/users/shelby-shaw""},""contents"":{""href"":""https://api.are.na/v3/channels/installation-experience-setup/contents""},""followers"":{""href"":""https://api.are.na/v3/channels/installation-experience-setup/followers""},""connections"":{""href"":""https://api.are.na/v3/channels/installation-experience-setup/connections""}},""counts"":{""blocks"":340,""channels"":7,""contents"":347,""collaborators"":0},""metadata"":null,""created_at"":""2023-05-10T18:56:50Z"",""updated_at"":""2026-07-25T16:48:51Z"",""visibility"":""closed"",""description"":null,""collaborators"":[]}","2026-07-27 23:37:50.107975","2174892","installation-experience-setup","Installation Experience Setup",,"340","321"
"329","{""id"":1909303,""can"":{""add_to"":false,""update"":false,""destroy"":false,""manage_collaborators"":false},""slug"":""vault-y0l864bvjs4"",""type"":""Channel"",""owner"":{""id"":456559,""name"":""Auph 🌏"",""slug"":""auph"",""type"":""User"",""avatar"":""https://static.avatars.are.na/456559/large_1842f998c117558fb90643a032a8cf5e.png?1671115155"",""initials"":""A🌏""},""state"":""available"",""title"":""\\\\\\\\VAULT"",""_links"":{""self"":{""href"":""https://api.are.na/v3/channels/vault-y0l864bvjs4""},""owner"":{""href"":""https://api.are.na/v3/users/auph""},""contents"":{""href"":""https://api.are.na/v3/channels/vault-y0l864bvjs4/contents""},""followers"":{""href"":""https://api.are.na/v3/channels/vault-y0l864bvjs4/followers""},""connections"":{""href"":""https://api.are.na/v3/channels/vault-y0l864bvjs4/connections""}},""counts"":{""blocks"":274,""channels"":0,""contents"":274,""collaborators"":0},""metadata"":null,""created_at"":""2022-12-15T15:10:06Z"",""updated_at"":""2026-05-28T14:56:17Z"",""visibility"":""closed"",""description"":{""html"":""<p>🪲 it&#39;s vivid, visceral, a void, a vibe</p>"",""plain"":""🪲 it's vivid, visceral, a void, a vibe"",""markdown"":""🪲 it's vivid, visceral, a void, a vibe""},""collaborators"":[]}","2026-07-27 23:38:36.246066","1909303","vault-y0l864bvjs4","\\\\VAULT","🪲 it's vivid, visceral, a void, a vibe","274","322"
"330","{""id"":2539799,""can"":{""add_to"":false,""update"":false,""destroy"":false,""manage_collaborators"":false},""slug"":""science-fiction-mrw4tjvz36i"",""type"":""Channel"",""owner"":{""id"":392585,""name"":""Andre Brown"",""slug"":""andre-brown"",""type"":""User"",""avatar"":null,""initials"":""AB""},""state"":""available"",""title"":""SCIENCE FICTION"",""_links"":{""self"":{""href"":""https://api.are.na/v3/channels/science-fiction-mrw4tjvz36i""},""owner"":{""href"":""https://api.are.na/v3/users/andre-brown""},""contents"":{""href"":""https://api.are.na/v3/channels/science-fiction-mrw4tjvz36i/contents""},""followers"":{""href"":""https://api.are.na/v3/channels/science-fiction-mrw4tjvz36i/followers""},""connections"":{""href"":""https://api.are.na/v3/channels/science-fiction-mrw4tjvz36i/connections""}},""counts"":{""blocks"":166,""channels"":1,""contents"":167,""collaborators"":1},""metadata"":null,""created_at"":""2023-12-07T21:40:27Z"",""updated_at"":""2026-06-20T23:46:10Z"",""visibility"":""public"",""description"":null,""collaborators"":[{""id"":235249,""name"":""Trinity Montgomery"",""slug"":""trinity-montgomery"",""type"":""User"",""_links"":{""self"":{""href"":""https://api.are.na/v3/users/trinity-montgomery""}},""avatar"":""https://static.avatars.are.na/235249/large_ea3da89f18cf6643c95d7a05106a8cfa.jpg?1683138910"",""initials"":""TM""}]}","2026-07-27 23:39:17.55817","2539799","science-fiction-mrw4tjvz36i","SCIENCE FICTION",,"166","323"
"331","{""id"":2534238,""can"":{""add_to"":false,""update"":false,""destroy"":false,""manage_collaborators"":false},""slug"":""lightbox-cars_refs"",""type"":""Channel"",""owner"":{""id"":75384,""name"":""Jeff Thomson"",""slug"":""jeff-thomson"",""type"":""User"",""avatar"":""https://static.avatars.are.na/75384/large_21c1f7df12cd7eaee328e11e6e837437.png?1699112606"",""initials"":""JT""},""state"":""available"",""title"":""lightbox+cars_refs"",""_links"":{""self"":{""href"":""https://api.are.na/v3/channels/lightbox-cars_refs""},""owner"":{""href"":""https://api.are.na/v3/users/jeff-thomson""},""contents"":{""href"":""https://api.are.na/v3/channels/lightbox-cars_refs/contents""},""followers"":{""href"":""https://api.are.na/v3/channels/lightbox-cars_refs/followers""},""connections"":{""href"":""https://api.are.na/v3/channels/lightbox-cars_refs/connections""}},""counts"":{""blocks"":449,""channels"":0,""contents"":449,""collaborators"":0},""metadata"":null,""created_at"":""2023-12-05T10:59:11Z"",""updated_at"":""2026-05-18T13:03:56Z"",""visibility"":""closed"",""description"":null,""collaborators"":[]}","2026-07-27 23:39:50.585241","2534238","lightbox-cars_refs","lightbox+cars_refs",,"449","324"
"332","{""id"":2119840,""can"":{""add_to"":false,""update"":false,""destroy"":false,""manage_collaborators"":false},""slug"":""___spaces___"",""type"":""Channel"",""owner"":{""id"":341111,""name"":""Shohei Higa"",""slug"":""shohei-higa"",""type"":""User"",""avatar"":""https://static.avatars.are.na/341111/large_dae82976893a18ce4165e3828b964f27.jpg?1747628135"",""initials"":""SH""},""state"":""available"",""title"":""[___spaces___]"",""_links"":{""self"":{""href"":""https://api.are.na/v3/channels/___spaces___""},""owner"":{""href"":""https://api.are.na/v3/users/shohei-higa""},""contents"":{""href"":""https://api.are.na/v3/channels/___spaces___/contents""},""followers"":{""href"":""https://api.are.na/v3/channels/___spaces___/followers""},""connections"":{""href"":""https://api.are.na/v3/channels/___spaces___/connections""}},""counts"":{""blocks"":470,""channels"":12,""contents"":482,""collaborators"":0},""metadata"":null,""created_at"":""2023-04-10T02:01:46Z"",""updated_at"":""2026-07-26T12:27:56Z"",""visibility"":""closed"",""description"":null,""collaborators"":[]}","2026-07-27 23:40:48.840308","2119840","___spaces___","[___spaces___]",,"470","72"
"333","{""id"":1542969,""can"":{""add_to"":false,""update"":false,""destroy"":false,""manage_collaborators"":false},""slug"":""fx-wa5n5imjcqq"",""type"":""Channel"",""owner"":{""id"":246768,""name"":""Marino Achraf"",""slug"":""marino-achraf"",""type"":""User"",""avatar"":null,""initials"":""MA""},""state"":""available"",""title"":""FX"",""_links"":{""self"":{""href"":""https://api.are.na/v3/channels/fx-wa5n5imjcqq""},""owner"":{""href"":""https://api.are.na/v3/users/marino-achraf""},""contents"":{""href"":""https://api.are.na/v3/channels/fx-wa5n5imjcqq/contents""},""followers"":{""href"":""https://api.are.na/v3/channels/fx-wa5n5imjcqq/followers""},""connections"":{""href"":""https://api.are.na/v3/channels/fx-wa5n5imjcqq/connections""}},""counts"":{""blocks"":167,""channels"":6,""contents"":173,""collaborators"":0},""metadata"":null,""created_at"":""2022-04-23T19:55:08Z"",""updated_at"":""2026-07-03T14:54:25Z"",""visibility"":""closed"",""description"":null,""collaborators"":[]}","2026-07-27 23:41:46.896656","1542969","fx-wa5n5imjcqq","FX",,"167","326"
"334","{""id"":2004300,""can"":{""add_to"":false,""update"":false,""destroy"":false,""manage_collaborators"":false},""slug"":""interactions-for-healing"",""type"":""Channel"",""owner"":{""id"":162810,""name"":""Hani Chladilova"",""slug"":""hani-chladilova"",""type"":""User"",""avatar"":""https://static.avatars.are.na/162810/large_1134966949644e89b45bb2cc517f9c97.png?1586862805"",""initials"":""HC""},""state"":""available"",""title"":""Interactions for healing"",""_links"":{""self"":{""href"":""https://api.are.na/v3/channels/interactions-for-healing""},""owner"":{""href"":""https://api.are.na/v3/users/hani-chladilova""},""contents"":{""href"":""https://api.are.na/v3/channels/interactions-for-healing/contents""},""followers"":{""href"":""https://api.are.na/v3/channels/interactions-for-healing/followers""},""connections"":{""href"":""https://api.are.na/v3/channels/interactions-for-healing/connections""}},""counts"":{""blocks"":46,""channels"":0,""contents"":46,""collaborators"":0},""metadata"":null,""created_at"":""2023-02-09T11:39:25Z"",""updated_at"":""2023-05-25T21:30:51Z"",""visibility"":""closed"",""description"":null,""collaborators"":[]}","2026-07-27 23:42:21.149344","2004300","interactions-for-healing","Interactions for healing",,"46","327"
"335","{""id"":1808549,""can"":{""add_to"":false,""update"":false,""destroy"":false,""manage_collaborators"":false},""slug"":""letsee-how-it-is"",""type"":""Channel"",""owner"":{""id"":432210,""name"":""Titania Falls"",""slug"":""titania-falls"",""type"":""User"",""avatar"":null,""initials"":""TF""},""state"":""available"",""title"":""LETSEE how it is"",""_links"":{""self"":{""href"":""https://api.are.na/v3/channels/letsee-how-it-is""},""owner"":{""href"":""https://api.are.na/v3/users/titania-falls""},""contents"":{""href"":""https://api.are.na/v3/channels/letsee-how-it-is/contents""},""followers"":{""href"":""https://api.are.na/v3/channels/letsee-how-it-is/followers""},""connections"":{""href"":""https://api.are.na/v3/channels/letsee-how-it-is/connections""}},""counts"":{""blocks"":38,""channels"":0,""contents"":38,""collaborators"":0},""metadata"":null,""created_at"":""2022-10-17T06:18:06Z"",""updated_at"":""2023-11-14T12:31:17Z"",""visibility"":""closed"",""description"":{""html"":""<p>What I’m feeling rn, also first channel for here<br>\nJune 2022</p>"",""plain"":""What I’m feeling rn, also first channel for here\nJune 2022"",""markdown"":""What I’m feeling rn, also first channel for here\nJune 2022""},""collaborators"":[]}","2026-07-27 23:42:46.215013","1808549","letsee-how-it-is","LETSEE how it is","What I’m feeling rn, also first channel for here
June 2022","38","328"
"336","{""id"":1844411,""can"":{""add_to"":false,""update"":false,""destroy"":false,""manage_collaborators"":false},""slug"":""gradient-f0q7z79wrai"",""type"":""Channel"",""owner"":{""id"":311226,""name"":""Beca Dutra"",""slug"":""beca-dutra"",""type"":""User"",""avatar"":null,""initials"":""BD""},""state"":""available"",""title"":""Gradient"",""_links"":{""self"":{""href"":""https://api.are.na/v3/channels/gradient-f0q7z79wrai""},""owner"":{""href"":""https://api.are.na/v3/users/beca-dutra""},""contents"":{""href"":""https://api.are.na/v3/channels/gradient-f0q7z79wrai/contents""},""followers"":{""href"":""https://api.are.na/v3/channels/gradient-f0q7z79wrai/followers""},""connections"":{""href"":""https://api.are.na/v3/channels/gradient-f0q7z79wrai/connections""}},""counts"":{""blocks"":202,""channels"":5,""contents"":207,""collaborators"":0},""metadata"":null,""created_at"":""2022-11-07T14:08:02Z"",""updated_at"":""2025-08-26T20:48:44Z"",""visibility"":""closed"",""description"":null,""collaborators"":[]}","2026-07-27 23:43:10.357689","1844411","gradient-f0q7z79wrai","Gradient",,"202","329"
"337","{""id"":1704248,""can"":{""add_to"":false,""update"":false,""destroy"":false,""manage_collaborators"":false},""slug"":""synth-realities"",""type"":""Channel"",""owner"":{""id"":183607,""name"":""Selina Kehuan Wu"",""slug"":""selina-kehuan-wu"",""type"":""User"",""avatar"":""https://static.avatars.are.na/183607/large_08ee98b6125dc6f35266142c000f548e.jpg?1721907894"",""initials"":""SKW""},""state"":""available"",""title"":""❖ synth realities"",""_links"":{""self"":{""href"":""https://api.are.na/v3/channels/synth-realities""},""owner"":{""href"":""https://api.are.na/v3/users/selina-kehuan-wu""},""contents"":{""href"":""https://api.are.na/v3/channels/synth-realities/contents""},""followers"":{""href"":""https://api.are.na/v3/channels/synth-realities/followers""},""connections"":{""href"":""https://api.are.na/v3/channels/synth-realities/connections""}},""counts"":{""blocks"":138,""channels"":2,""contents"":140,""collaborators"":0},""metadata"":null,""created_at"":""2022-08-17T03:53:50Z"",""updated_at"":""2026-04-12T16:22:25Z"",""visibility"":""closed"",""description"":{""html"":""<p>photographic surrealism + painterly realities</p>"",""plain"":""photographic surrealism + painterly realities"",""markdown"":""photographic surrealism + painterly realities""},""collaborators"":[]}","2026-07-27 23:43:48.650258","1704248","synth-realities","❖ synth realities","photographic surrealism + painterly realities","138","330"
"338","{""id"":505992,""can"":{""add_to"":false,""update"":false,""destroy"":false,""manage_collaborators"":false},""slug"":""random-inspo-gmmp-4kd4ni"",""type"":""Channel"",""owner"":{""id"":121010,""name"":""Mr Curious"",""slug"":""mr-curious"",""type"":""User"",""avatar"":""https://static.avatars.are.na/121010/large_83b86fa74b1ecf9d800cf0bad2a8b331.jpg?1568929177"",""initials"":""MC""},""state"":""available"",""title"":""Random inspo"",""_links"":{""self"":{""href"":""https://api.are.na/v3/channels/random-inspo-gmmp-4kd4ni""},""owner"":{""href"":""https://api.are.na/v3/users/mr-curious""},""contents"":{""href"":""https://api.are.na/v3/channels/random-inspo-gmmp-4kd4ni/contents""},""followers"":{""href"":""https://api.are.na/v3/channels/random-inspo-gmmp-4kd4ni/followers""},""connections"":{""href"":""https://api.are.na/v3/channels/random-inspo-gmmp-4kd4ni/connections""}},""counts"":{""blocks"":440,""channels"":3,""contents"":443,""collaborators"":0},""metadata"":null,""created_at"":""2019-10-26T08:50:46Z"",""updated_at"":""2026-06-03T02:33:24Z"",""visibility"":""closed"",""description"":{""html"":""<p>Just anything inspiring</p>"",""plain"":""Just anything inspiring"",""markdown"":""Just anything inspiring""},""collaborators"":[]}","2026-07-27 23:44:16.611834","505992","random-inspo-gmmp-4kd4ni","Random inspo","Just anything inspiring","440","331"
"339","{""id"":1609929,""can"":{""add_to"":false,""update"":false,""destroy"":false,""manage_collaborators"":false},""slug"":""reference-91mc6swutk4"",""type"":""Channel"",""owner"":{""id"":370926,""name"":""toy drones"",""slug"":""toy-drones"",""type"":""User"",""avatar"":null,""initials"":""td""},""state"":""available"",""title"":""reference"",""_links"":{""self"":{""href"":""https://api.are.na/v3/channels/reference-91mc6swutk4""},""owner"":{""href"":""https://api.are.na/v3/users/toy-drones""},""contents"":{""href"":""https://api.are.na/v3/channels/reference-91mc6swutk4/contents""},""followers"":{""href"":""https://api.are.na/v3/channels/reference-91mc6swutk4/followers""},""connections"":{""href"":""https://api.are.na/v3/channels/reference-91mc6swutk4/connections""}},""counts"":{""blocks"":711,""channels"":5,""contents"":716,""collaborators"":0},""metadata"":null,""created_at"":""2022-06-10T07:55:48Z"",""updated_at"":""2026-01-06T13:00:24Z"",""visibility"":""closed"",""description"":null,""collaborators"":[]}","2026-07-27 23:45:22.346275","1609929","reference-91mc6swutk4","reference",,"711","332"
"340","{""id"":1691801,""can"":{""add_to"":false,""update"":false,""destroy"":false,""manage_collaborators"":false},""slug"":""dsgn-experience"",""type"":""Channel"",""owner"":{""id"":48084,""name"":""JENNIFER HOOK"",""slug"":""jennifer-hook"",""type"":""User"",""avatar"":""https://static.avatars.are.na/48084/large_63aaa5ebe7c883a3060935767c54648e.jpg?1707420044"",""initials"":""JH""},""state"":""available"",""title"":""DSGN / EXPERIENCE"",""_links"":{""self"":{""href"":""https://api.are.na/v3/channels/dsgn-experience""},""owner"":{""href"":""https://api.are.na/v3/users/jennifer-hook""},""contents"":{""href"":""https://api.are.na/v3/channels/dsgn-experience/contents""},""followers"":{""href"":""https://api.are.na/v3/channels/dsgn-experience/followers""},""connections"":{""href"":""https://api.are.na/v3/channels/dsgn-experience/connections""}},""counts"":{""blocks"":145,""channels"":0,""contents"":145,""collaborators"":0},""metadata"":null,""created_at"":""2022-08-08T22:05:46Z"",""updated_at"":""2026-07-26T00:35:26Z"",""visibility"":""closed"",""description"":null,""collaborators"":[]}","2026-07-27 23:46:35.806476","1691801","dsgn-experience","DSGN / EXPERIENCE",,"145","333"
"341","{""id"":1742374,""can"":{""add_to"":false,""update"":false,""destroy"":false,""manage_collaborators"":false},""slug"":""exhibits-z4dmyazj-z4"",""type"":""Channel"",""owner"":{""id"":395967,""name"":""molly pierce"",""slug"":""molly-pierce"",""type"":""User"",""avatar"":null,""initials"":""mp""},""state"":""available"",""title"":""Exhibits"",""_links"":{""self"":{""href"":""https://api.are.na/v3/channels/exhibits-z4dmyazj-z4""},""owner"":{""href"":""https://api.are.na/v3/users/molly-pierce""},""contents"":{""href"":""https://api.are.na/v3/channels/exhibits-z4dmyazj-z4/contents""},""followers"":{""href"":""https://api.are.na/v3/channels/exhibits-z4dmyazj-z4/followers""},""connections"":{""href"":""https://api.are.na/v3/channels/exhibits-z4dmyazj-z4/connections""}},""counts"":{""blocks"":54,""channels"":0,""contents"":54,""collaborators"":0},""metadata"":null,""created_at"":""2022-09-09T05:42:14Z"",""updated_at"":""2024-07-16T16:00:41Z"",""visibility"":""closed"",""description"":null,""collaborators"":[]}","2026-07-27 23:47:06.501806","1742374","exhibits-z4dmyazj-z4","Exhibits",,"54","334"
"342","{""id"":1686571,""can"":{""add_to"":false,""update"":false,""destroy"":false,""manage_collaborators"":false},""slug"":""interior-l_nqck-61t8"",""type"":""Channel"",""owner"":{""id"":144799,""name"":""adriana mora"",""slug"":""adriana-mora"",""type"":""User"",""avatar"":""https://static.avatars.are.na/144799/large_16d644829262aafdabfa91ae4eea5d55.png?1748446190"",""initials"":""am""},""state"":""available"",""title"":""INTERIOR"",""_links"":{""self"":{""href"":""https://api.are.na/v3/channels/interior-l_nqck-61t8""},""owner"":{""href"":""https://api.are.na/v3/users/adriana-mora""},""contents"":{""href"":""https://api.are.na/v3/channels/interior-l_nqck-61t8/contents""},""followers"":{""href"":""https://api.are.na/v3/channels/interior-l_nqck-61t8/followers""},""connections"":{""href"":""https://api.are.na/v3/channels/interior-l_nqck-61t8/connections""}},""counts"":{""blocks"":294,""channels"":2,""contents"":296,""collaborators"":0},""metadata"":null,""created_at"":""2022-08-04T14:39:08Z"",""updated_at"":""2025-08-12T08:54:21Z"",""visibility"":""closed"",""description"":null,""collaborators"":[]}","2026-07-27 23:47:32.964504","1686571","interior-l_nqck-61t8","INTERIOR",,"294","335"
"343","{""id"":1493583,""can"":{""add_to"":false,""update"":false,""destroy"":false,""manage_collaborators"":false},""slug"":""spaces-experiences-dnob9j9n9uk"",""type"":""Channel"",""owner"":{""id"":348293,""name"":""Miyu Shirotsuka"",""slug"":""miyu-shirotsuka"",""type"":""User"",""avatar"":null,""initials"":""MS""},""state"":""available"",""title"":""Spaces & Experiences"",""_links"":{""self"":{""href"":""https://api.are.na/v3/channels/spaces-experiences-dnob9j9n9uk""},""owner"":{""href"":""https://api.are.na/v3/users/miyu-shirotsuka""},""contents"":{""href"":""https://api.are.na/v3/channels/spaces-experiences-dnob9j9n9uk/contents""},""followers"":{""href"":""https://api.are.na/v3/channels/spaces-experiences-dnob9j9n9uk/followers""},""connections"":{""href"":""https://api.are.na/v3/channels/spaces-experiences-dnob9j9n9uk/connections""}},""counts"":{""blocks"":308,""channels"":16,""contents"":324,""collaborators"":0},""metadata"":null,""created_at"":""2022-03-23T19:13:51Z"",""updated_at"":""2026-07-17T18:53:58Z"",""visibility"":""public"",""description"":null,""collaborators"":[]}","2026-07-27 23:48:14.785014","1493583","spaces-experiences-dnob9j9n9uk","Spaces & Experiences",,"308","336"
"344","{""id"":1225656,""can"":{""add_to"":false,""update"":false,""destroy"":false,""manage_collaborators"":false},""slug"":""ad-installations-set-ups"",""type"":""Channel"",""owner"":{""id"":279081,""name"":""Claudia Pastori"",""slug"":""claudia-pastori"",""type"":""User"",""avatar"":null,""initials"":""CP""},""state"":""available"",""title"":""AD (Installations, Set Ups)"",""_links"":{""self"":{""href"":""https://api.are.na/v3/channels/ad-installations-set-ups""},""owner"":{""href"":""https://api.are.na/v3/users/claudia-pastori""},""contents"":{""href"":""https://api.are.na/v3/channels/ad-installations-set-ups/contents""},""followers"":{""href"":""https://api.are.na/v3/channels/ad-installations-set-ups/followers""},""connections"":{""href"":""https://api.are.na/v3/channels/ad-installations-set-ups/connections""}},""counts"":{""blocks"":422,""channels"":35,""contents"":457,""collaborators"":0},""metadata"":null,""created_at"":""2021-09-24T10:12:20Z"",""updated_at"":""2026-07-23T18:25:55Z"",""visibility"":""closed"",""description"":null,""collaborators"":[]}","2026-07-27 23:49:00.390781","1225656","ad-installations-set-ups","AD (Installations, Set Ups)",,"422","337"
"345","{""id"":1370333,""can"":{""add_to"":false,""update"":false,""destroy"":false,""manage_collaborators"":false},""slug"":""lights-grids-proj"",""type"":""Channel"",""owner"":{""id"":75384,""name"":""Jeff Thomson"",""slug"":""jeff-thomson"",""type"":""User"",""avatar"":""https://static.avatars.are.na/75384/large_21c1f7df12cd7eaee328e11e6e837437.png?1699112606"",""initials"":""JT""},""state"":""available"",""title"":""Lights + Grids Proj."",""_links"":{""self"":{""href"":""https://api.are.na/v3/channels/lights-grids-proj""},""owner"":{""href"":""https://api.are.na/v3/users/jeff-thomson""},""contents"":{""href"":""https://api.are.na/v3/channels/lights-grids-proj/contents""},""followers"":{""href"":""https://api.are.na/v3/channels/lights-grids-proj/followers""},""connections"":{""href"":""https://api.are.na/v3/channels/lights-grids-proj/connections""}},""counts"":{""blocks"":201,""channels"":0,""contents"":201,""collaborators"":0},""metadata"":null,""created_at"":""2022-01-07T15:00:24Z"",""updated_at"":""2026-06-22T21:23:56Z"",""visibility"":""closed"",""description"":{""html"":""<p>lights<br>\ngrids<br>\nlights+grids</p>\n\n<p>it all goes here.</p>"",""plain"":""lights\ngrids\nlights+grids\nit all goes here."",""markdown"":""lights\ngrids\nlights+grids\n\nit all goes here.""},""collaborators"":[]}","2026-07-27 23:49:52.991379","1370333","lights-grids-proj","Lights + Grids Proj.","lights
grids
lights+grids
it all goes here.","201","324"
"346","{""id"":1365055,""can"":{""add_to"":false,""update"":false,""destroy"":false,""manage_collaborators"":false},""slug"":""somewhere-amwkfsf7riq"",""type"":""Channel"",""owner"":{""id"":223816,""name"":""Eduard Bogdanov"",""slug"":""eduard-bogdanov"",""type"":""User"",""avatar"":null,""initials"":""EB""},""state"":""available"",""title"":""Somewhere"",""_links"":{""self"":{""href"":""https://api.are.na/v3/channels/somewhere-amwkfsf7riq""},""owner"":{""href"":""https://api.are.na/v3/users/eduard-bogdanov""},""contents"":{""href"":""https://api.are.na/v3/channels/somewhere-amwkfsf7riq/contents""},""followers"":{""href"":""https://api.are.na/v3/channels/somewhere-amwkfsf7riq/followers""},""connections"":{""href"":""https://api.are.na/v3/channels/somewhere-amwkfsf7riq/connections""}},""counts"":{""blocks"":149,""channels"":0,""contents"":149,""collaborators"":0},""metadata"":null,""created_at"":""2022-01-04T12:25:02Z"",""updated_at"":""2026-06-19T00:08:35Z"",""visibility"":""closed"",""description"":null,""collaborators"":[]}","2026-07-27 23:50:29.410776","1365055","somewhere-amwkfsf7riq","Somewhere",,"149","339"
"347","{""id"":868580,""can"":{""add_to"":false,""update"":false,""destroy"":false,""manage_collaborators"":false},""slug"":""screen-trq_-n6mr7a"",""type"":""Channel"",""owner"":{""id"":202129,""name"":""ANTOINE BOURHIS"",""slug"":""antoine-bourhis"",""type"":""User"",""avatar"":""https://static.avatars.are.na/202129/large_ab13ea213f90198116351565773c76fa.jpg?1641570695"",""initials"":""AB""},""state"":""available"",""title"":""SCREEN"",""_links"":{""self"":{""href"":""https://api.are.na/v3/channels/screen-trq_-n6mr7a""},""owner"":{""href"":""https://api.are.na/v3/users/antoine-bourhis""},""contents"":{""href"":""https://api.are.na/v3/channels/screen-trq_-n6mr7a/contents""},""followers"":{""href"":""https://api.are.na/v3/channels/screen-trq_-n6mr7a/followers""},""connections"":{""href"":""https://api.are.na/v3/channels/screen-trq_-n6mr7a/connections""}},""counts"":{""blocks"":131,""channels"":3,""contents"":134,""collaborators"":0},""metadata"":null,""created_at"":""2020-11-09T14:03:11Z"",""updated_at"":""2026-07-13T17:16:45Z"",""visibility"":""closed"",""description"":null,""collaborators"":[]}","2026-07-27 23:51:00.561804","868580","screen-trq_-n6mr7a","SCREEN",,"131","340"
"348","{""id"":841137,""can"":{""add_to"":false,""update"":false,""destroy"":false,""manage_collaborators"":false},""slug"":""cgi-3d-spaces"",""type"":""Channel"",""owner"":{""id"":116540,""name"":""Natalie Liu"",""slug"":""natalie-liu-uw_vv4-u7ee"",""type"":""User"",""avatar"":""https://static.avatars.are.na/116540/large_4f8a51f07202dd4f44d318b930fc34d9.jpg?1730157727"",""initials"":""NL""},""state"":""available"",""title"":""CGI 3D SPACES"",""_links"":{""self"":{""href"":""https://api.are.na/v3/channels/cgi-3d-spaces""},""owner"":{""href"":""https://api.are.na/v3/users/natalie-liu-uw_vv4-u7ee""},""contents"":{""href"":""https://api.are.na/v3/channels/cgi-3d-spaces/contents""},""followers"":{""href"":""https://api.are.na/v3/channels/cgi-3d-spaces/followers""},""connections"":{""href"":""https://api.are.na/v3/channels/cgi-3d-spaces/connections""}},""counts"":{""blocks"":117,""channels"":3,""contents"":120,""collaborators"":0},""metadata"":null,""created_at"":""2020-10-13T20:12:29Z"",""updated_at"":""2026-01-05T21:58:53Z"",""visibility"":""closed"",""description"":null,""collaborators"":[]}","2026-07-27 23:51:32.050789","841137","cgi-3d-spaces","CGI 3D SPACES",,"117","341"
"349","{""id"":246041,""can"":{""add_to"":false,""update"":false,""destroy"":false,""manage_collaborators"":false},""slug"":""templightspace"",""type"":""Channel"",""owner"":{""id"":67377,""name"":""Toon Rooijmans"",""slug"":""toon-rooijmans"",""type"":""User"",""avatar"":null,""initials"":""TR""},""state"":""available"",""title"":""TempLightSpace🎇"",""_links"":{""self"":{""href"":""https://api.are.na/v3/channels/templightspace""},""owner"":{""href"":""https://api.are.na/v3/users/toon-rooijmans""},""contents"":{""href"":""https://api.are.na/v3/channels/templightspace/contents""},""followers"":{""href"":""https://api.are.na/v3/channels/templightspace/followers""},""connections"":{""href"":""https://api.are.na/v3/channels/templightspace/connections""}},""counts"":{""blocks"":296,""channels"":28,""contents"":324,""collaborators"":0},""metadata"":null,""created_at"":""2018-09-18T12:13:21Z"",""updated_at"":""2026-07-27T15:34:52Z"",""visibility"":""closed"",""description"":null,""collaborators"":[]}","2026-07-27 23:52:03.500139","246041","templightspace","TempLightSpace🎇",,"296","342"
"350","{""id"":1007992,""can"":{""add_to"":false,""update"":false,""destroy"":false,""manage_collaborators"":false},""slug"":""we-drink-light"",""type"":""Channel"",""owner"":{""id"":234033,""name"":""A Sta"",""slug"":""a-sta"",""type"":""User"",""avatar"":null,""initials"":""AS""},""state"":""available"",""title"":""we drink light"",""_links"":{""self"":{""href"":""https://api.are.na/v3/channels/we-drink-light""},""owner"":{""href"":""https://api.are.na/v3/users/a-sta""},""contents"":{""href"":""https://api.are.na/v3/channels/we-drink-light/contents""},""followers"":{""href"":""https://api.are.na/v3/channels/we-drink-light/followers""},""connections"":{""href"":""https://api.are.na/v3/channels/we-drink-light/connections""}},""counts"":{""blocks"":359,""channels"":9,""contents"":368,""collaborators"":0},""metadata"":null,""created_at"":""2021-03-07T17:30:47Z"",""updated_at"":""2026-07-10T03:17:01Z"",""visibility"":""closed"",""description"":null,""collaborators"":[]}","2026-07-27 23:52:46.668328","1007992","we-drink-light","we drink light",,"359","343"
"351","{""id"":1013401,""can"":{""add_to"":false,""update"":false,""destroy"":false,""manage_collaborators"":false},""slug"":""bleu-royal"",""type"":""Channel"",""owner"":{""id"":225983,""name"":""Dee  M"",""slug"":""dee-m-mqrwfrn0k9i"",""type"":""User"",""avatar"":""https://static.avatars.are.na/225983/large_2fa4ade9cc80d1b6b475ca928e359f89.jpg?1623161654"",""initials"":""DM""},""state"":""available"",""title"":""bleu royal "",""_links"":{""self"":{""href"":""https://api.are.na/v3/channels/bleu-royal""},""owner"":{""href"":""https://api.are.na/v3/users/dee-m-mqrwfrn0k9i""},""contents"":{""href"":""https://api.are.na/v3/channels/bleu-royal/contents""},""followers"":{""href"":""https://api.are.na/v3/channels/bleu-royal/followers""},""connections"":{""href"":""https://api.are.na/v3/channels/bleu-royal/connections""}},""counts"":{""blocks"":286,""channels"":1,""contents"":287,""collaborators"":0},""metadata"":null,""created_at"":""2021-03-11T17:49:48Z"",""updated_at"":""2026-07-17T20:14:51Z"",""visibility"":""closed"",""description"":{""html"":""<p>blue blue</p>"",""plain"":""blue blue"",""markdown"":""blue blue""},""collaborators"":[]}","2026-07-27 23:53:36.497607","1013401","bleu-royal","bleu royal ","blue blue","286","344"
"352","{""id"":1006383,""can"":{""add_to"":false,""update"":false,""destroy"":false,""manage_collaborators"":false},""slug"":""architecture-archive-kb04nhxdbhs"",""type"":""Channel"",""owner"":{""id"":208569,""name"":""Max Muthig"",""slug"":""max-muthig"",""type"":""User"",""avatar"":""https://static.avatars.are.na/208569/large_c5d70d3874c4110f685fc7684a6fe1ac.jpg?1613085464"",""initials"":""MM""},""state"":""available"",""title"":""Architecture: Archive"",""_links"":{""self"":{""href"":""https://api.are.na/v3/channels/architecture-archive-kb04nhxdbhs""},""owner"":{""href"":""https://api.are.na/v3/users/max-muthig""},""contents"":{""href"":""https://api.are.na/v3/channels/architecture-archive-kb04nhxdbhs/contents""},""followers"":{""href"":""https://api.are.na/v3/channels/architecture-archive-kb04nhxdbhs/followers""},""connections"":{""href"":""https://api.are.na/v3/channels/architecture-archive-kb04nhxdbhs/connections""}},""counts"":{""blocks"":51,""channels"":2,""contents"":53,""collaborators"":0},""metadata"":null,""created_at"":""2021-03-05T20:47:21Z"",""updated_at"":""2026-04-22T23:04:53Z"",""visibility"":""closed"",""description"":null,""collaborators"":[]}","2026-07-27 23:54:18.599319","1006383","architecture-archive-kb04nhxdbhs","Architecture: Archive",,"51","345"
"353","{""id"":5240987,""can"":{""add_to"":false,""update"":false,""destroy"":false,""manage_collaborators"":false},""slug"":""spatial-discovery-typography-signage"",""type"":""Channel"",""owner"":{""id"":521477,""name"":""Seb C"",""slug"":""seb-c"",""type"":""User"",""avatar"":null,""initials"":""SC""},""state"":""available"",""title"":""spatial discovery · typography-signage"",""_links"":{""self"":{""href"":""https://api.are.na/v3/channels/spatial-discovery-typography-signage""},""owner"":{""href"":""https://api.are.na/v3/users/seb-c""},""contents"":{""href"":""https://api.are.na/v3/channels/spatial-discovery-typography-signage/contents""},""followers"":{""href"":""https://api.are.na/v3/channels/spatial-discovery-typography-signage/followers""},""connections"":{""href"":""https://api.are.na/v3/channels/spatial-discovery-typography-signage/connections""}},""counts"":{""blocks"":180,""channels"":0,""contents"":180,""collaborators"":0},""metadata"":null,""created_at"":""2026-05-30T08:02:06Z"",""updated_at"":""2026-07-18T11:53:07Z"",""visibility"":""closed"",""description"":null,""collaborators"":[]}","2026-07-27 23:54:41.839557","5240987","spatial-discovery-typography-signage","spatial discovery · typography-signage",,"180","346"
"354","{""id"":4866530,""can"":{""add_to"":false,""update"":false,""destroy"":false,""manage_collaborators"":false},""slug"":""glow-9ibh94r3nz4"",""type"":""Channel"",""owner"":{""id"":682537,""name"":""dink y"",""slug"":""dink-y"",""type"":""User"",""avatar"":null,""initials"":""dy""},""state"":""available"",""title"":""glow"",""_links"":{""self"":{""href"":""https://api.are.na/v3/channels/glow-9ibh94r3nz4""},""owner"":{""href"":""https://api.are.na/v3/users/dink-y""},""contents"":{""href"":""https://api.are.na/v3/channels/glow-9ibh94r3nz4/contents""},""followers"":{""href"":""https://api.are.na/v3/channels/glow-9ibh94r3nz4/followers""},""connections"":{""href"":""https://api.are.na/v3/channels/glow-9ibh94r3nz4/connections""}},""counts"":{""blocks"":36,""channels"":0,""contents"":36,""collaborators"":0},""metadata"":null,""created_at"":""2026-02-24T23:53:41Z"",""updated_at"":""2026-07-15T03:33:59Z"",""visibility"":""closed"",""description"":null,""collaborators"":[]}","2026-07-27 23:55:15.408695","4866530","glow-9ibh94r3nz4","glow",,"36","347"
"355","{""id"":2494801,""can"":{""add_to"":false,""update"":false,""destroy"":false,""manage_collaborators"":false},""slug"":""screen-light"",""type"":""Channel"",""owner"":{""id"":163505,""name"":""Zack Teachout"",""slug"":""zack-teachout"",""type"":""User"",""avatar"":""https://static.avatars.are.na/163505/large_577e3c850c55096094f879e4af89e178.png?1665506635"",""initials"":""ZT""},""state"":""available"",""title"":""Screen & Light"",""_links"":{""self"":{""href"":""https://api.are.na/v3/channels/screen-light""},""owner"":{""href"":""https://api.are.na/v3/users/zack-teachout""},""contents"":{""href"":""https://api.are.na/v3/channels/screen-light/contents""},""followers"":{""href"":""https://api.are.na/v3/channels/screen-light/followers""},""connections"":{""href"":""https://api.are.na/v3/channels/screen-light/connections""}},""counts"":{""blocks"":56,""channels"":5,""contents"":61,""collaborators"":0},""metadata"":null,""created_at"":""2023-11-13T21:50:28Z"",""updated_at"":""2026-06-22T18:25:17Z"",""visibility"":""closed"",""description"":null,""collaborators"":[]}","2026-07-27 23:55:40.304537","2494801","screen-light","Screen & Light",,"56","348"
"356","{""id"":3254720,""can"":{""add_to"":false,""update"":false,""destroy"":false,""manage_collaborators"":false},""slug"":""limbo-bar"",""type"":""Channel"",""owner"":{""id"":140840,""name"":""Hello Tomo"",""slug"":""hello-tomo"",""type"":""User"",""avatar"":""https://static.avatars.are.na/140840/large_5ee1358725bc7299f83ba45d99cc6e7c.jpg?1605478299"",""initials"":""HT""},""state"":""available"",""title"":""Limbo Bar"",""_links"":{""self"":{""href"":""https://api.are.na/v3/channels/limbo-bar""},""owner"":{""href"":""https://api.are.na/v3/users/hello-tomo""},""contents"":{""href"":""https://api.are.na/v3/channels/limbo-bar/contents""},""followers"":{""href"":""https://api.are.na/v3/channels/limbo-bar/followers""},""connections"":{""href"":""https://api.are.na/v3/channels/limbo-bar/connections""}},""counts"":{""blocks"":109,""channels"":0,""contents"":109,""collaborators"":0},""metadata"":null,""created_at"":""2024-10-20T20:02:04Z"",""updated_at"":""2025-09-17T14:00:56Z"",""visibility"":""closed"",""description"":null,""collaborators"":[]}","2026-07-27 23:56:06.204333","3254720","limbo-bar","Limbo Bar",,"109","349"
"357","{""id"":3138570,""can"":{""add_to"":false,""update"":false,""destroy"":false,""manage_collaborators"":false},""slug"":""inspo-w1bl9xlzoyy"",""type"":""Channel"",""owner"":{""id"":757999,""name"":""Christopher Fagundo"",""slug"":""christopher-fagundo"",""type"":""User"",""avatar"":null,""initials"":""CF""},""state"":""available"",""title"":""INSPO"",""_links"":{""self"":{""href"":""https://api.are.na/v3/channels/inspo-w1bl9xlzoyy""},""owner"":{""href"":""https://api.are.na/v3/users/christopher-fagundo""},""contents"":{""href"":""https://api.are.na/v3/channels/inspo-w1bl9xlzoyy/contents""},""followers"":{""href"":""https://api.are.na/v3/channels/inspo-w1bl9xlzoyy/followers""},""connections"":{""href"":""https://api.are.na/v3/channels/inspo-w1bl9xlzoyy/connections""}},""counts"":{""blocks"":199,""channels"":0,""contents"":199,""collaborators"":0},""metadata"":null,""created_at"":""2024-09-10T17:41:21Z"",""updated_at"":""2026-01-28T08:56:45Z"",""visibility"":""closed"",""description"":{""html"":""<p>INSPO</p>"",""plain"":""INSPO"",""markdown"":""INSPO""},""collaborators"":[]}","2026-07-27 23:56:37.716529","3138570","inspo-w1bl9xlzoyy","INSPO","INSPO","199","350"
"358","{""id"":2869721,""can"":{""add_to"":false,""update"":false,""destroy"":false,""manage_collaborators"":false},""slug"":""qd_exhibition-stand"",""type"":""Channel"",""owner"":{""id"":687889,""name"":""John Brash"",""slug"":""john-brash"",""type"":""User"",""avatar"":null,""initials"":""JB""},""state"":""available"",""title"":""QD_Exhibition Stand"",""_links"":{""self"":{""href"":""https://api.are.na/v3/channels/qd_exhibition-stand""},""owner"":{""href"":""https://api.are.na/v3/users/john-brash""},""contents"":{""href"":""https://api.are.na/v3/channels/qd_exhibition-stand/contents""},""followers"":{""href"":""https://api.are.na/v3/channels/qd_exhibition-stand/followers""},""connections"":{""href"":""https://api.are.na/v3/channels/qd_exhibition-stand/connections""}},""counts"":{""blocks"":200,""channels"":0,""contents"":200,""collaborators"":0},""metadata"":null,""created_at"":""2024-05-15T09:54:31Z"",""updated_at"":""2026-05-21T12:59:30Z"",""visibility"":""closed"",""description"":null,""collaborators"":[]}","2026-07-27 23:57:19.823125","2869721","qd_exhibition-stand","QD_Exhibition Stand",,"200","351"
"359","{""id"":2210811,""can"":{""add_to"":false,""update"":false,""destroy"":false,""manage_collaborators"":false},""slug"":""installation-experience-i9nbam8bcvm"",""type"":""Channel"",""owner"":{""id"":107682,""name"":""Lucas Teixeira"",""slug"":""lucas-teixeira-gi_cdrfwwni"",""type"":""User"",""avatar"":""https://static.avatars.are.na/107682/large_9b04a783ac5aad566332c2abed5a7e0d.jpeg?1779733081"",""initials"":""LT""},""state"":""available"",""title"":""Installation + Experience"",""_links"":{""self"":{""href"":""https://api.are.na/v3/channels/installation-experience-i9nbam8bcvm""},""owner"":{""href"":""https://api.are.na/v3/users/lucas-teixeira-gi_cdrfwwni""},""contents"":{""href"":""https://api.are.na/v3/channels/installation-experience-i9nbam8bcvm/contents""},""followers"":{""href"":""https://api.are.na/v3/channels/installation-experience-i9nbam8bcvm/followers""},""connections"":{""href"":""https://api.are.na/v3/channels/installation-experience-i9nbam8bcvm/connections""}},""counts"":{""blocks"":298,""channels"":6,""contents"":304,""collaborators"":0},""metadata"":null,""created_at"":""2023-06-02T08:39:16Z"",""updated_at"":""2026-06-15T13:24:51Z"",""visibility"":""closed"",""description"":null,""collaborators"":[]}","2026-07-27 23:57:55.315572","2210811","installation-experience-i9nbam8bcvm","Installation + Experience",,"298","352"
"360","{""id"":2038123,""can"":{""add_to"":false,""update"":false,""destroy"":false,""manage_collaborators"":false},""slug"":""i-n-s-p-o-hn7e2fip_7m"",""type"":""Channel"",""owner"":{""id"":488245,""name"":""Ant B"",""slug"":""ant-b"",""type"":""User"",""avatar"":""https://static.avatars.are.na/488245/large_1bcee8499a003ecc1afabb4b3a5abf20.jpg?1706057447"",""initials"":""AB""},""state"":""available"",""title"":""I N S P O"",""_links"":{""self"":{""href"":""https://api.are.na/v3/channels/i-n-s-p-o-hn7e2fip_7m""},""owner"":{""href"":""https://api.are.na/v3/users/ant-b""},""contents"":{""href"":""https://api.are.na/v3/channels/i-n-s-p-o-hn7e2fip_7m/contents""},""followers"":{""href"":""https://api.are.na/v3/channels/i-n-s-p-o-hn7e2fip_7m/followers""},""connections"":{""href"":""https://api.are.na/v3/channels/i-n-s-p-o-hn7e2fip_7m/connections""}},""counts"":{""blocks"":1186,""channels"":13,""contents"":1199,""collaborators"":0},""metadata"":null,""created_at"":""2023-02-28T02:53:54Z"",""updated_at"":""2026-07-25T00:40:15Z"",""visibility"":""closed"",""description"":null,""collaborators"":[]}","2026-07-27 23:58:37.565071","2038123","i-n-s-p-o-hn7e2fip_7m","I N S P O",,"1186","353"
"361","{""id"":2228891,""can"":{""add_to"":false,""update"":false,""destroy"":false,""manage_collaborators"":false},""slug"":""ei-event-installations"",""type"":""Channel"",""owner"":{""id"":337227,""name"":""Sophie Thunved"",""slug"":""sophie-thunved"",""type"":""User"",""avatar"":""https://static.avatars.are.na/337227/large_0614c9c8b7518447a4f907a59327010e.jpg?1644395028"",""initials"":""ST""},""state"":""available"",""title"":""Ei: Event & Installations"",""_links"":{""self"":{""href"":""https://api.are.na/v3/channels/ei-event-installations""},""owner"":{""href"":""https://api.are.na/v3/users/sophie-thunved""},""contents"":{""href"":""https://api.are.na/v3/channels/ei-event-installations/contents""},""followers"":{""href"":""https://api.are.na/v3/channels/ei-event-installations/followers""},""connections"":{""href"":""https://api.are.na/v3/channels/ei-event-installations/connections""}},""counts"":{""blocks"":89,""channels"":7,""contents"":96,""collaborators"":0},""metadata"":null,""created_at"":""2023-06-14T08:42:25Z"",""updated_at"":""2026-07-07T15:14:41Z"",""visibility"":""closed"",""description"":null,""collaborators"":[]}","2026-07-28 00:00:32.020897","2228891","ei-event-installations","Ei: Event & Installations",,"89","354"
"362","{""id"":2330697,""can"":{""add_to"":false,""update"":false,""destroy"":false,""manage_collaborators"":false},""slug"":""net_env"",""type"":""Channel"",""owner"":{""id"":183403,""name"":""Garett Gioia"",""slug"":""garett-gioia"",""type"":""User"",""avatar"":null,""initials"":""GG""},""state"":""available"",""title"":""NET_ENV"",""_links"":{""self"":{""href"":""https://api.are.na/v3/channels/net_env""},""owner"":{""href"":""https://api.are.na/v3/users/garett-gioia""},""contents"":{""href"":""https://api.are.na/v3/channels/net_env/contents""},""followers"":{""href"":""https://api.are.na/v3/channels/net_env/followers""},""connections"":{""href"":""https://api.are.na/v3/channels/net_env/connections""}},""counts"":{""blocks"":35,""channels"":0,""contents"":35,""collaborators"":0},""metadata"":null,""created_at"":""2023-08-21T02:37:07Z"",""updated_at"":""2023-08-21T19:01:14Z"",""visibility"":""closed"",""description"":null,""collaborators"":[]}","2026-07-28 00:01:01.494729","2330697","net_env","NET_ENV",,"35","355"
"363","{""id"":2299105,""can"":{""add_to"":false,""update"":false,""destroy"":false,""manage_collaborators"":false},""slug"":""spaces-wav-ehnan0a"",""type"":""Channel"",""owner"":{""id"":112553,""name"":""michael kim"",""slug"":""michael-kim"",""type"":""User"",""avatar"":null,""initials"":""mk""},""state"":""available"",""title"":""spaces"",""_links"":{""self"":{""href"":""https://api.are.na/v3/channels/spaces-wav-ehnan0a""},""owner"":{""href"":""https://api.are.na/v3/users/michael-kim""},""contents"":{""href"":""https://api.are.na/v3/channels/spaces-wav-ehnan0a/contents""},""followers"":{""href"":""https://api.are.na/v3/channels/spaces-wav-ehnan0a/followers""},""connections"":{""href"":""https://api.are.na/v3/channels/spaces-wav-ehnan0a/connections""}},""counts"":{""blocks"":71,""channels"":0,""contents"":71,""collaborators"":0},""metadata"":null,""created_at"":""2023-07-31T02:21:02Z"",""updated_at"":""2025-08-07T09:29:43Z"",""visibility"":""closed"",""description"":null,""collaborators"":[]}","2026-07-28 00:01:24.548719","2299105","spaces-wav-ehnan0a","spaces",,"71","356"
"364","{""id"":1559242,""can"":{""add_to"":false,""update"":false,""destroy"":false,""manage_collaborators"":false},""slug"":""exhibit-design-rhblbcskpii"",""type"":""Channel"",""owner"":{""id"":213619,""name"":""Pablo Navone"",""slug"":""pablo-navone"",""type"":""User"",""avatar"":null,""initials"":""PN""},""state"":""available"",""title"":""Exhibit Design"",""_links"":{""self"":{""href"":""https://api.are.na/v3/channels/exhibit-design-rhblbcskpii""},""owner"":{""href"":""https://api.are.na/v3/users/pablo-navone""},""contents"":{""href"":""https://api.are.na/v3/channels/exhibit-design-rhblbcskpii/contents""},""followers"":{""href"":""https://api.are.na/v3/channels/exhibit-design-rhblbcskpii/followers""},""connections"":{""href"":""https://api.are.na/v3/channels/exhibit-design-rhblbcskpii/connections""}},""counts"":{""blocks"":136,""channels"":2,""contents"":138,""collaborators"":0},""metadata"":null,""created_at"":""2022-05-04T14:11:54Z"",""updated_at"":""2025-12-02T11:30:34Z"",""visibility"":""public"",""description"":null,""collaborators"":[]}","2026-07-28 00:01:49.441317","1559242","exhibit-design-rhblbcskpii","Exhibit Design",,"136","357"
"365","{""id"":2192128,""can"":{""add_to"":false,""update"":false,""destroy"":false,""manage_collaborators"":false},""slug"":""spaces-e08extkfzxa"",""type"":""Channel"",""owner"":{""id"":263043,""name"":""Roxi Basa"",""slug"":""roxi-basa"",""type"":""User"",""avatar"":null,""initials"":""RB""},""state"":""available"",""title"":""SPACES"",""_links"":{""self"":{""href"":""https://api.are.na/v3/channels/spaces-e08extkfzxa""},""owner"":{""href"":""https://api.are.na/v3/users/roxi-basa""},""contents"":{""href"":""https://api.are.na/v3/channels/spaces-e08extkfzxa/contents""},""followers"":{""href"":""https://api.are.na/v3/channels/spaces-e08extkfzxa/followers""},""connections"":{""href"":""https://api.are.na/v3/channels/spaces-e08extkfzxa/connections""}},""counts"":{""blocks"":371,""channels"":5,""contents"":376,""collaborators"":0},""metadata"":null,""created_at"":""2023-05-22T09:38:49Z"",""updated_at"":""2026-06-30T01:34:04Z"",""visibility"":""closed"",""description"":null,""collaborators"":[]}","2026-07-28 00:02:20.907797","2192128","spaces-e08extkfzxa","SPACES",,"371","358"
"366","{""id"":2121977,""can"":{""add_to"":false,""update"":false,""destroy"":false,""manage_collaborators"":false},""slug"":""_doublenow"",""type"":""Channel"",""owner"":{""id"":389717,""name"":""Victoria Punturere"",""slug"":""victoria-punturere-ghfws65s50"",""type"":""User"",""avatar"":""https://static.avatars.are.na/389717/large_4a60bd7e4098c0f7e302be0ac6814c45.jpg?1685057091"",""initials"":""VP""},""state"":""available"",""title"":""_doublenow"",""_links"":{""self"":{""href"":""https://api.are.na/v3/channels/_doublenow""},""owner"":{""href"":""https://api.are.na/v3/users/victoria-punturere-ghfws65s50""},""contents"":{""href"":""https://api.are.na/v3/channels/_doublenow/contents""},""followers"":{""href"":""https://api.are.na/v3/channels/_doublenow/followers""},""connections"":{""href"":""https://api.are.na/v3/channels/_doublenow/connections""}},""counts"":{""blocks"":695,""channels"":0,""contents"":695,""collaborators"":0},""metadata"":null,""created_at"":""2023-04-11T00:39:08Z"",""updated_at"":""2025-12-11T02:45:00Z"",""visibility"":""public"",""description"":null,""collaborators"":[]}","2026-07-28 00:03:08.130915","2121977","_doublenow","_doublenow",,"695","359"
"367","{""id"":575322,""can"":{""add_to"":false,""update"":false,""destroy"":false,""manage_collaborators"":false},""slug"":""in-ca1o7mr1njy"",""type"":""Channel"",""owner"":{""id"":140484,""name"":""Markus Boynton"",""slug"":""markus-boynton"",""type"":""User"",""avatar"":""https://static.avatars.are.na/140484/large_17cd84a887861800f58ba7e940abd204.png?1588044731"",""initials"":""MB""},""state"":""available"",""title"":""IN"",""_links"":{""self"":{""href"":""https://api.are.na/v3/channels/in-ca1o7mr1njy""},""owner"":{""href"":""https://api.are.na/v3/users/markus-boynton""},""contents"":{""href"":""https://api.are.na/v3/channels/in-ca1o7mr1njy/contents""},""followers"":{""href"":""https://api.are.na/v3/channels/in-ca1o7mr1njy/followers""},""connections"":{""href"":""https://api.are.na/v3/channels/in-ca1o7mr1njy/connections""}},""counts"":{""blocks"":473,""channels"":2,""contents"":475,""collaborators"":0},""metadata"":null,""created_at"":""2020-01-28T19:51:00Z"",""updated_at"":""2026-07-11T19:30:07Z"",""visibility"":""closed"",""description"":null,""collaborators"":[]}","2026-07-28 00:04:25.617949","575322","in-ca1o7mr1njy","IN",,"473","360"
"368","{""id"":2124151,""can"":{""add_to"":false,""update"":false,""destroy"":false,""manage_collaborators"":false},""slug"":""inspo-u-bixlcxdmm"",""type"":""Channel"",""owner"":{""id"":512054,""name"":""Majesty Bland"",""slug"":""majesty-bland"",""type"":""User"",""avatar"":null,""initials"":""MB""},""state"":""available"",""title"":""Inspo"",""_links"":{""self"":{""href"":""https://api.are.na/v3/channels/inspo-u-bixlcxdmm""},""owner"":{""href"":""https://api.are.na/v3/users/majesty-bland""},""contents"":{""href"":""https://api.are.na/v3/channels/inspo-u-bixlcxdmm/contents""},""followers"":{""href"":""https://api.are.na/v3/channels/inspo-u-bixlcxdmm/followers""},""connections"":{""href"":""https://api.are.na/v3/channels/inspo-u-bixlcxdmm/connections""}},""counts"":{""blocks"":344,""channels"":0,""contents"":344,""collaborators"":0},""metadata"":null,""created_at"":""2023-04-11T21:08:30Z"",""updated_at"":""2024-11-01T13:23:41Z"",""visibility"":""closed"",""description"":null,""collaborators"":[]}","2026-07-28 00:05:20.025479","2124151","inspo-u-bixlcxdmm","Inspo",,"344","361"
"369","{""id"":2128111,""can"":{""add_to"":false,""update"":false,""destroy"":false,""manage_collaborators"":false},""slug"":""bose-rdrsa-9kztm"",""type"":""Channel"",""owner"":{""id"":396613,""name"":""Deye Sarr"",""slug"":""deye-sarr"",""type"":""User"",""avatar"":null,""initials"":""DS""},""state"":""available"",""title"":""BOSE"",""_links"":{""self"":{""href"":""https://api.are.na/v3/channels/bose-rdrsa-9kztm""},""owner"":{""href"":""https://api.are.na/v3/users/deye-sarr""},""contents"":{""href"":""https://api.are.na/v3/channels/bose-rdrsa-9kztm/contents""},""followers"":{""href"":""https://api.are.na/v3/channels/bose-rdrsa-9kztm/followers""},""connections"":{""href"":""https://api.are.na/v3/channels/bose-rdrsa-9kztm/connections""}},""counts"":{""blocks"":165,""channels"":0,""contents"":165,""collaborators"":0},""metadata"":null,""created_at"":""2023-04-13T17:15:57Z"",""updated_at"":""2025-06-20T09:40:07Z"",""visibility"":""closed"",""description"":null,""collaborators"":[]}","2026-07-28 00:06:06.141454","2128111","bose-rdrsa-9kztm","BOSE",,"165","362"
"370","{""id"":2062295,""can"":{""add_to"":false,""update"":false,""destroy"":false,""manage_collaborators"":false},""slug"":""ast-_1wcrg3yjwy"",""type"":""Channel"",""owner"":{""id"":246604,""name"":""Roseanne Overton"",""slug"":""roseanne-overton"",""type"":""User"",""avatar"":null,""initials"":""RO""},""state"":""available"",""title"":""AST"",""_links"":{""self"":{""href"":""https://api.are.na/v3/channels/ast-_1wcrg3yjwy""},""owner"":{""href"":""https://api.are.na/v3/users/roseanne-overton""},""contents"":{""href"":""https://api.are.na/v3/channels/ast-_1wcrg3yjwy/contents""},""followers"":{""href"":""https://api.are.na/v3/channels/ast-_1wcrg3yjwy/followers""},""connections"":{""href"":""https://api.are.na/v3/channels/ast-_1wcrg3yjwy/connections""}},""counts"":{""blocks"":718,""channels"":0,""contents"":718,""collaborators"":0},""metadata"":null,""created_at"":""2023-03-11T01:19:41Z"",""updated_at"":""2026-03-23T15:14:44Z"",""visibility"":""closed"",""description"":null,""collaborators"":[]}","2026-07-28 00:06:38.458949","2062295","ast-_1wcrg3yjwy","AST",,"718","363"
"371","{""id"":576983,""can"":{""add_to"":false,""update"":false,""destroy"":false,""manage_collaborators"":false},""slug"":""spatial-pdl9hlle8uo"",""type"":""Channel"",""owner"":{""id"":105519,""name"":""Benson Rong"",""slug"":""benson-rong"",""type"":""User"",""avatar"":""https://static.avatars.are.na/105519/large_7dd7bcaedd751a4cd7beb0eb22dbea1b.png?1690414427"",""initials"":""BR""},""state"":""available"",""title"":""spatial"",""_links"":{""self"":{""href"":""https://api.are.na/v3/channels/spatial-pdl9hlle8uo""},""owner"":{""href"":""https://api.are.na/v3/users/benson-rong""},""contents"":{""href"":""https://api.are.na/v3/channels/spatial-pdl9hlle8uo/contents""},""followers"":{""href"":""https://api.are.na/v3/channels/spatial-pdl9hlle8uo/followers""},""connections"":{""href"":""https://api.are.na/v3/channels/spatial-pdl9hlle8uo/connections""}},""counts"":{""blocks"":817,""channels"":12,""contents"":829,""collaborators"":0},""metadata"":null,""created_at"":""2020-01-30T05:52:58Z"",""updated_at"":""2026-07-03T17:47:11Z"",""visibility"":""closed"",""description"":null,""collaborators"":[]}","2026-07-28 00:07:57.932973","576983","spatial-pdl9hlle8uo","spatial",,"817","364"
"372","{""id"":1708872,""can"":{""add_to"":false,""update"":false,""destroy"":false,""manage_collaborators"":false},""slug"":""pm_onfigure_year_2147"",""type"":""Channel"",""owner"":{""id"":47793,""name"":""Cody Lidtke"",""slug"":""cody-lidtke"",""type"":""User"",""avatar"":null,""initials"":""CL""},""state"":""available"",""title"":""PM_ONFIGURE_YEAR_2147"",""_links"":{""self"":{""href"":""https://api.are.na/v3/channels/pm_onfigure_year_2147""},""owner"":{""href"":""https://api.are.na/v3/users/cody-lidtke""},""contents"":{""href"":""https://api.are.na/v3/channels/pm_onfigure_year_2147/contents""},""followers"":{""href"":""https://api.are.na/v3/channels/pm_onfigure_year_2147/followers""},""connections"":{""href"":""https://api.are.na/v3/channels/pm_onfigure_year_2147/connections""}},""counts"":{""blocks"":75,""channels"":0,""contents"":75,""collaborators"":0},""metadata"":null,""created_at"":""2022-08-19T22:29:08Z"",""updated_at"":""2022-09-23T15:25:38Z"",""visibility"":""closed"",""description"":null,""collaborators"":[]}","2026-07-28 00:09:23.546354","1708872","pm_onfigure_year_2147","PM_ONFIGURE_YEAR_2147",,"75","365"
"373","{""id"":1597057,""can"":{""add_to"":false,""update"":false,""destroy"":false,""manage_collaborators"":false},""slug"":""gv-2makmbcyxn4"",""type"":""Channel"",""owner"":{""id"":191114,""name"":""Alana Truong"",""slug"":""alana-truong"",""type"":""User"",""avatar"":null,""initials"":""AT""},""state"":""available"",""title"":""gv"",""_links"":{""self"":{""href"":""https://api.are.na/v3/channels/gv-2makmbcyxn4""},""owner"":{""href"":""https://api.are.na/v3/users/alana-truong""},""contents"":{""href"":""https://api.are.na/v3/channels/gv-2makmbcyxn4/contents""},""followers"":{""href"":""https://api.are.na/v3/channels/gv-2makmbcyxn4/followers""},""connections"":{""href"":""https://api.are.na/v3/channels/gv-2makmbcyxn4/connections""}},""counts"":{""blocks"":37,""channels"":0,""contents"":37,""collaborators"":0},""metadata"":null,""created_at"":""2022-05-31T23:18:57Z"",""updated_at"":""2023-06-28T14:22:53Z"",""visibility"":""public"",""description"":null,""collaborators"":[]}","2026-07-28 00:09:51.742206","1597057","gv-2makmbcyxn4","gv",,"37","366"
"375","{""id"":1504770,""can"":{""add_to"":false,""update"":false,""destroy"":false,""manage_collaborators"":false},""slug"":""cool-stuff-y0nqi-sdesk"",""type"":""Channel"",""owner"":{""id"":323617,""name"":""Joanne Hwang"",""slug"":""joanne-hwang"",""type"":""User"",""avatar"":null,""initials"":""JH""},""state"":""available"",""title"":""Cool Stuff"",""_links"":{""self"":{""href"":""https://api.are.na/v3/channels/cool-stuff-y0nqi-sdesk""},""owner"":{""href"":""https://api.are.na/v3/users/joanne-hwang""},""contents"":{""href"":""https://api.are.na/v3/channels/cool-stuff-y0nqi-sdesk/contents""},""followers"":{""href"":""https://api.are.na/v3/channels/cool-stuff-y0nqi-sdesk/followers""},""connections"":{""href"":""https://api.are.na/v3/channels/cool-stuff-y0nqi-sdesk/connections""}},""counts"":{""blocks"":98,""channels"":1,""contents"":99,""collaborators"":0},""metadata"":null,""created_at"":""2022-03-31T02:53:37Z"",""updated_at"":""2025-04-14T20:25:34Z"",""visibility"":""closed"",""description"":null,""collaborators"":[]}","2026-07-28 00:10:54.585807","1504770","cool-stuff-y0nqi-sdesk","Cool Stuff",,"98","368"
"377","{""id"":1179307,""can"":{""add_to"":false,""update"":false,""destroy"":false,""manage_collaborators"":false},""slug"":""adapt-gmntjhtqyj0"",""type"":""Channel"",""owner"":{""id"":216049,""name"":""Aliza Kravatz"",""slug"":""aliza-kravatz"",""type"":""User"",""avatar"":""https://static.avatars.are.na/216049/large_d69fcd501b4016b3bef67392adfe6e44.jpg?1641861725"",""initials"":""AK""},""state"":""available"",""title"":""adapt"",""_links"":{""self"":{""href"":""https://api.are.na/v3/channels/adapt-gmntjhtqyj0""},""owner"":{""href"":""https://api.are.na/v3/users/aliza-kravatz""},""contents"":{""href"":""https://api.are.na/v3/channels/adapt-gmntjhtqyj0/contents""},""followers"":{""href"":""https://api.are.na/v3/channels/adapt-gmntjhtqyj0/followers""},""connections"":{""href"":""https://api.are.na/v3/channels/adapt-gmntjhtqyj0/connections""}},""counts"":{""blocks"":85,""channels"":0,""contents"":85,""collaborators"":0},""metadata"":null,""created_at"":""2021-08-19T17:34:57Z"",""updated_at"":""2025-09-30T15:09:27Z"",""visibility"":""closed"",""description"":null,""collaborators"":[]}","2026-07-28 00:11:40.42413","1179307","adapt-gmntjhtqyj0","adapt",,"85","370"
"378","{""id"":933372,""can"":{""add_to"":false,""update"":false,""destroy"":false,""manage_collaborators"":false},""slug"":""fun-light-space"",""type"":""Channel"",""owner"":{""id"":9302,""name"":""angelina toros"",""slug"":""angelina-toros"",""type"":""User"",""avatar"":""https://static.avatars.are.na/9302/large_59ffe3f85983897577b08c8da4356647.png?1485731615"",""initials"":""at""},""state"":""available"",""title"":""✺ fun light / space"",""_links"":{""self"":{""href"":""https://api.are.na/v3/channels/fun-light-space""},""owner"":{""href"":""https://api.are.na/v3/users/angelina-toros""},""contents"":{""href"":""https://api.are.na/v3/channels/fun-light-space/contents""},""followers"":{""href"":""https://api.are.na/v3/channels/fun-light-space/followers""},""connections"":{""href"":""https://api.are.na/v3/channels/fun-light-space/connections""}},""counts"":{""blocks"":147,""channels"":0,""contents"":147,""collaborators"":0},""metadata"":null,""created_at"":""2021-01-12T12:51:52Z"",""updated_at"":""2026-07-16T06:37:25Z"",""visibility"":""closed"",""description"":{""html"":""<p>lights filling spaces</p>"",""plain"":""lights filling spaces"",""markdown"":""lights filling spaces""},""collaborators"":[]}","2026-07-28 00:12:10.098966","933372","fun-light-space","✺ fun light / space","lights filling spaces","147","371"
"379","{""id"":818224,""can"":{""add_to"":false,""update"":false,""destroy"":false,""manage_collaborators"":false},""slug"":""ephemeral-light"",""type"":""Channel"",""owner"":{""id"":13453,""name"":""quite quiet"",""slug"":""quite-quiet"",""type"":""User"",""avatar"":""https://static.avatars.are.na/13453/large_593b81fae771d23b1a4292c82a29d5e9.png?1516362069"",""initials"":""qq""},""state"":""available"",""title"":"" ✷ Ephemeral Light  ✷"",""_links"":{""self"":{""href"":""https://api.are.na/v3/channels/ephemeral-light""},""owner"":{""href"":""https://api.are.na/v3/users/quite-quiet""},""contents"":{""href"":""https://api.are.na/v3/channels/ephemeral-light/contents""},""followers"":{""href"":""https://api.are.na/v3/channels/ephemeral-light/followers""},""connections"":{""href"":""https://api.are.na/v3/channels/ephemeral-light/connections""}},""counts"":{""blocks"":166,""channels"":0,""contents"":166,""collaborators"":0},""metadata"":null,""created_at"":""2020-09-23T10:27:59Z"",""updated_at"":""2026-05-10T19:04:28Z"",""visibility"":""public"",""description"":{""html"":""<p>Light Colour<br>\nReal life / Fake Light</p>"",""plain"":""Light Colour\nReal life / Fake Light"",""markdown"":""Light Colour\nReal life / Fake Light\n""},""collaborators"":[]}","2026-07-28 00:12:39.881192","818224","ephemeral-light"," ✷ Ephemeral Light  ✷","Light Colour
Real life / Fake Light","166","372"
"380","{""id"":751443,""can"":{""add_to"":false,""update"":false,""destroy"":false,""manage_collaborators"":false},""slug"":""home-oqxb5t8sqr8"",""type"":""Channel"",""owner"":{""id"":64091,""name"":""C .Corrado"",""slug"":""c-corrado"",""type"":""User"",""avatar"":""https://static.avatars.are.na/64091/large_366ffefb6f2e4f7d91c88be45fbfc75d.png?1755374777"",""initials"":""C.""},""state"":""available"",""title"":""Home"",""_links"":{""self"":{""href"":""https://api.are.na/v3/channels/home-oqxb5t8sqr8""},""owner"":{""href"":""https://api.are.na/v3/users/c-corrado""},""contents"":{""href"":""https://api.are.na/v3/channels/home-oqxb5t8sqr8/contents""},""followers"":{""href"":""https://api.are.na/v3/channels/home-oqxb5t8sqr8/followers""},""connections"":{""href"":""https://api.are.na/v3/channels/home-oqxb5t8sqr8/connections""}},""counts"":{""blocks"":532,""channels"":0,""contents"":532,""collaborators"":0},""metadata"":null,""created_at"":""2020-07-18T20:35:23Z"",""updated_at"":""2026-06-30T11:32:18Z"",""visibility"":""closed"",""description"":{""html"":""<p>What’s for dinner?</p>"",""plain"":""What’s for dinner?"",""markdown"":""What’s for dinner?""},""collaborators"":[]}","2026-07-28 00:13:13.334007","751443","home-oqxb5t8sqr8","Home","What’s for dinner?","532","373"
"381","{""id"":436928,""can"":{""add_to"":false,""update"":false,""destroy"":false,""manage_collaborators"":false},""slug"":""wev-world"",""type"":""Channel"",""owner"":{""id"":116313,""name"":""wev world"",""slug"":""wev-world"",""type"":""User"",""avatar"":""https://static.avatars.are.na/116313/large_7ead173792b94b7e57a074b814058d3d.jpg?1589993601"",""initials"":""ww""},""state"":""available"",""title"":""wev world"",""_links"":{""self"":{""href"":""https://api.are.na/v3/channels/wev-world""},""owner"":{""href"":""https://api.are.na/v3/users/wev-world""},""contents"":{""href"":""https://api.are.na/v3/channels/wev-world/contents""},""followers"":{""href"":""https://api.are.na/v3/channels/wev-world/followers""},""connections"":{""href"":""https://api.are.na/v3/channels/wev-world/connections""}},""counts"":{""blocks"":95,""channels"":0,""contents"":95,""collaborators"":0},""metadata"":null,""created_at"":""2019-07-21T22:27:30Z"",""updated_at"":""2024-09-04T03:32:15Z"",""visibility"":""closed"",""description"":null,""collaborators"":[]}","2026-07-28 00:14:16.191576","436928","wev-world","wev world",,"95","374"
"382","{""id"":223008,""can"":{""add_to"":false,""update"":false,""destroy"":false,""manage_collaborators"":false},""slug"":""art-lc0qiyje33i"",""type"":""Channel"",""owner"":{""id"":62171,""name"":""Jean Wojciechowski"",""slug"":""jean-wojciechowski"",""type"":""User"",""avatar"":""https://static.avatars.are.na/62171/large_090e7ddd37869f2d1ae118dbef5a2e8b.jpg?1608182411"",""initials"":""JW""},""state"":""available"",""title"":""Art"",""_links"":{""self"":{""href"":""https://api.are.na/v3/channels/art-lc0qiyje33i""},""owner"":{""href"":""https://api.are.na/v3/users/jean-wojciechowski""},""contents"":{""href"":""https://api.are.na/v3/channels/art-lc0qiyje33i/contents""},""followers"":{""href"":""https://api.are.na/v3/channels/art-lc0qiyje33i/followers""},""connections"":{""href"":""https://api.are.na/v3/channels/art-lc0qiyje33i/connections""}},""counts"":{""blocks"":229,""channels"":5,""contents"":234,""collaborators"":0},""metadata"":null,""created_at"":""2018-08-01T20:33:31Z"",""updated_at"":""2026-06-29T10:48:29Z"",""visibility"":""closed"",""description"":null,""collaborators"":[]}","2026-07-28 00:14:49.110907","223008","art-lc0qiyje33i","Art",,"229","375"
"383","{""id"":246131,""can"":{""add_to"":false,""update"":false,""destroy"":false,""manage_collaborators"":false},""slug"":""swipe-3ral5u9m6xu"",""type"":""Channel"",""owner"":{""id"":25970,""name"":""chiroy vincent"",""slug"":""chiroy-vincent-bexodag34ga"",""type"":""User"",""avatar"":""https://static.avatars.are.na/25970/large_a8807ab9b3bd19795d4ad4af5568bf9f.png?1738019132"",""initials"":""cv""},""state"":""available"",""title"":""Swipe"",""_links"":{""self"":{""href"":""https://api.are.na/v3/channels/swipe-3ral5u9m6xu""},""owner"":{""href"":""https://api.are.na/v3/users/chiroy-vincent-bexodag34ga""},""contents"":{""href"":""https://api.are.na/v3/channels/swipe-3ral5u9m6xu/contents""},""followers"":{""href"":""https://api.are.na/v3/channels/swipe-3ral5u9m6xu/followers""},""connections"":{""href"":""https://api.are.na/v3/channels/swipe-3ral5u9m6xu/connections""}},""counts"":{""blocks"":133,""channels"":30,""contents"":163,""collaborators"":0},""metadata"":null,""created_at"":""2018-09-18T14:53:19Z"",""updated_at"":""2025-10-23T10:11:04Z"",""visibility"":""closed"",""description"":null,""collaborators"":[]}","2026-07-28 00:15:26.180788","246131","swipe-3ral5u9m6xu","Swipe",,"133","376"
"384","{""id"":5169396,""can"":{""add_to"":false,""update"":false,""destroy"":false,""manage_collaborators"":false},""slug"":""transformacion-viakazz8mwg"",""type"":""Channel"",""owner"":{""id"":1111786,""name"":""piliii fernandez"",""slug"":""piliii-fernandez"",""type"":""User"",""avatar"":null,""initials"":""pf""},""state"":""available"",""title"":""transformacion"",""_links"":{""self"":{""href"":""https://api.are.na/v3/channels/transformacion-viakazz8mwg""},""owner"":{""href"":""https://api.are.na/v3/users/piliii-fernandez""},""contents"":{""href"":""https://api.are.na/v3/channels/transformacion-viakazz8mwg/contents""},""followers"":{""href"":""https://api.are.na/v3/channels/transformacion-viakazz8mwg/followers""},""connections"":{""href"":""https://api.are.na/v3/channels/transformacion-viakazz8mwg/connections""}},""counts"":{""blocks"":27,""channels"":2,""contents"":29,""collaborators"":0},""metadata"":null,""created_at"":""2026-05-12T16:06:37Z"",""updated_at"":""2026-05-12T16:53:49Z"",""visibility"":""closed"",""description"":null,""collaborators"":[]}","2026-07-28 00:15:59.164865","5169396","transformacion-viakazz8mwg","transformacion",,"27","377"
"385","{""id"":4936831,""can"":{""add_to"":false,""update"":false,""destroy"":false,""manage_collaborators"":false},""slug"":""fungus-flora"",""type"":""Channel"",""owner"":{""id"":865860,""name"":""Jessina Lö"",""slug"":""jessina-lo"",""type"":""User"",""avatar"":null,""initials"":""JL""},""state"":""available"",""title"":""fungus & flora  𓆸𓍯𓏲"",""_links"":{""self"":{""href"":""https://api.are.na/v3/channels/fungus-flora""},""owner"":{""href"":""https://api.are.na/v3/users/jessina-lo""},""contents"":{""href"":""https://api.are.na/v3/channels/fungus-flora/contents""},""followers"":{""href"":""https://api.are.na/v3/channels/fungus-flora/followers""},""connections"":{""href"":""https://api.are.na/v3/channels/fungus-flora/connections""}},""counts"":{""blocks"":108,""channels"":0,""contents"":108,""collaborators"":0},""metadata"":null,""created_at"":""2026-03-15T20:56:35Z"",""updated_at"":""2026-07-25T09:21:14Z"",""visibility"":""closed"",""description"":null,""collaborators"":[]}","2026-07-28 00:16:17.222861","4936831","fungus-flora","fungus & flora  𓆸𓍯𓏲",,"108","378"
"386","{""id"":4730225,""can"":{""add_to"":false,""update"":false,""destroy"":false,""manage_collaborators"":false},""slug"":""platea"",""type"":""Channel"",""owner"":{""id"":297296,""name"":""diego velasquez"",""slug"":""diego-velasquez"",""type"":""User"",""avatar"":null,""initials"":""dv""},""state"":""available"",""title"":""PLATEA"",""_links"":{""self"":{""href"":""https://api.are.na/v3/channels/platea""},""owner"":{""href"":""https://api.are.na/v3/users/diego-velasquez""},""contents"":{""href"":""https://api.are.na/v3/channels/platea/contents""},""followers"":{""href"":""https://api.are.na/v3/channels/platea/followers""},""connections"":{""href"":""https://api.are.na/v3/channels/platea/connections""}},""counts"":{""blocks"":62,""channels"":0,""contents"":62,""collaborators"":0},""metadata"":null,""created_at"":""2026-01-21T15:22:04Z"",""updated_at"":""2026-06-26T00:16:30Z"",""visibility"":""closed"",""description"":null,""collaborators"":[]}","2026-07-28 00:16:43.155195","4730225","platea","PLATEA",,"62","379"
"387","{""id"":3929170,""can"":{""add_to"":false,""update"":false,""destroy"":false,""manage_collaborators"":false},""slug"":""vis-biophilia-biomorphic"",""type"":""Channel"",""owner"":{""id"":239132,""name"":""Alex Does"",""slug"":""alex-does"",""type"":""User"",""avatar"":""https://static.avatars.are.na/239132/large_8d3896c388ec2832f56ebe062cfcb99f.gif?1733352043"",""initials"":""AD""},""state"":""available"",""title"":""VIS — Biophilia/Biomorphic"",""_links"":{""self"":{""href"":""https://api.are.na/v3/channels/vis-biophilia-biomorphic""},""owner"":{""href"":""https://api.are.na/v3/users/alex-does""},""contents"":{""href"":""https://api.are.na/v3/channels/vis-biophilia-biomorphic/contents""},""followers"":{""href"":""https://api.are.na/v3/channels/vis-biophilia-biomorphic/followers""},""connections"":{""href"":""https://api.are.na/v3/channels/vis-biophilia-biomorphic/connections""}},""counts"":{""blocks"":33,""channels"":2,""contents"":35,""collaborators"":0},""metadata"":null,""created_at"":""2025-06-24T16:28:38Z"",""updated_at"":""2026-05-04T19:22:05Z"",""visibility"":""closed"",""description"":null,""collaborators"":[]}","2026-07-28 00:17:03.19247","3929170","vis-biophilia-biomorphic","VIS — Biophilia/Biomorphic",,"33","380"
"388","{""id"":4088671,""can"":{""add_to"":false,""update"":false,""destroy"":false,""manage_collaborators"":false},""slug"":""resin-choker"",""type"":""Channel"",""owner"":{""id"":541404,""name"":""Alice Kashmouleh"",""slug"":""alice-kashmouleh"",""type"":""User"",""avatar"":""https://static.avatars.are.na/541404/large_213f9b694000130a5df9a3f109ec5e67.jpg?1700563632"",""initials"":""AK""},""state"":""available"",""title"":""Resin choker "",""_links"":{""self"":{""href"":""https://api.are.na/v3/channels/resin-choker""},""owner"":{""href"":""https://api.are.na/v3/users/alice-kashmouleh""},""contents"":{""href"":""https://api.are.na/v3/channels/resin-choker/contents""},""followers"":{""href"":""https://api.are.na/v3/channels/resin-choker/followers""},""connections"":{""href"":""https://api.are.na/v3/channels/resin-choker/connections""}},""counts"":{""blocks"":27,""channels"":0,""contents"":27,""collaborators"":0},""metadata"":null,""created_at"":""2025-08-15T11:35:49Z"",""updated_at"":""2025-08-18T12:43:17Z"",""visibility"":""closed"",""description"":null,""collaborators"":[]}","2026-07-28 00:17:28.463362","4088671","resin-choker","Resin choker ",,"27","381"
"389","{""id"":3790297,""can"":{""add_to"":false,""update"":false,""destroy"":false,""manage_collaborators"":false},""slug"":""groovy-smoothie"",""type"":""Channel"",""owner"":{""id"":933791,""name"":""Ava Einstein"",""slug"":""ava-einstein"",""type"":""User"",""avatar"":null,""initials"":""AE""},""state"":""available"",""title"":""groovy smoothie "",""_links"":{""self"":{""href"":""https://api.are.na/v3/channels/groovy-smoothie""},""owner"":{""href"":""https://api.are.na/v3/users/ava-einstein""},""contents"":{""href"":""https://api.are.na/v3/channels/groovy-smoothie/contents""},""followers"":{""href"":""https://api.are.na/v3/channels/groovy-smoothie/followers""},""connections"":{""href"":""https://api.are.na/v3/channels/groovy-smoothie/connections""}},""counts"":{""blocks"":235,""channels"":3,""contents"":238,""collaborators"":0},""metadata"":null,""created_at"":""2025-05-04T06:02:26Z"",""updated_at"":""2026-01-14T08:39:55Z"",""visibility"":""closed"",""description"":{""html"":""<p>tonight’s vibes and expression</p>"",""plain"":""tonight’s vibes and expression"",""markdown"":""tonight’s vibes and expression""},""collaborators"":[]}","2026-07-28 00:17:46.406134","3790297","groovy-smoothie","groovy smoothie ","tonight’s vibes and expression","235","382"
"390","{""id"":3588843,""can"":{""add_to"":false,""update"":false,""destroy"":false,""manage_collaborators"":false},""slug"":""re-if"",""type"":""Channel"",""owner"":{""id"":165611,""name"":""Nat Ova"",""slug"":""nat-ova"",""type"":""User"",""avatar"":null,""initials"":""NO""},""state"":""available"",""title"":""re(if)"",""_links"":{""self"":{""href"":""https://api.are.na/v3/channels/re-if""},""owner"":{""href"":""https://api.are.na/v3/users/nat-ova""},""contents"":{""href"":""https://api.are.na/v3/channels/re-if/contents""},""followers"":{""href"":""https://api.are.na/v3/channels/re-if/followers""},""connections"":{""href"":""https://api.are.na/v3/channels/re-if/connections""}},""counts"":{""blocks"":226,""channels"":0,""contents"":226,""collaborators"":0},""metadata"":null,""created_at"":""2025-02-22T09:33:27Z"",""updated_at"":""2026-02-13T05:59:42Z"",""visibility"":""closed"",""description"":null,""collaborators"":[]}","2026-07-28 00:18:26.084922","3588843","re-if","re(if)",,"226","383"
"391","{""id"":3536897,""can"":{""add_to"":false,""update"":false,""destroy"":false,""manage_collaborators"":false},""slug"":""casting-mwakm7op6ls"",""type"":""Channel"",""owner"":{""id"":792377,""name"":""Sage Stasiuk"",""slug"":""sage-stasiuk"",""type"":""User"",""avatar"":null,""initials"":""SS""},""state"":""available"",""title"":""CASTING"",""_links"":{""self"":{""href"":""https://api.are.na/v3/channels/casting-mwakm7op6ls""},""owner"":{""href"":""https://api.are.na/v3/users/sage-stasiuk""},""contents"":{""href"":""https://api.are.na/v3/channels/casting-mwakm7op6ls/contents""},""followers"":{""href"":""https://api.are.na/v3/channels/casting-mwakm7op6ls/followers""},""connections"":{""href"":""https://api.are.na/v3/channels/casting-mwakm7op6ls/connections""}},""counts"":{""blocks"":35,""channels"":5,""contents"":40,""collaborators"":0},""metadata"":null,""created_at"":""2025-02-05T01:20:36Z"",""updated_at"":""2025-02-06T00:11:17Z"",""visibility"":""closed"",""description"":null,""collaborators"":[]}","2026-07-28 00:19:02.968859","3536897","casting-mwakm7op6ls","CASTING",,"35","384"
"392","{""id"":3498926,""can"":{""add_to"":false,""update"":false,""destroy"":false,""manage_collaborators"":false},""slug"":""h-ombs1et3-c"",""type"":""Channel"",""owner"":{""id"":278851,""name"":""w v"",""slug"":""w-v-ahnk2cvdo-e"",""type"":""User"",""avatar"":null,""initials"":""wv""},""state"":""available"",""title"":""h"",""_links"":{""self"":{""href"":""https://api.are.na/v3/channels/h-ombs1et3-c""},""owner"":{""href"":""https://api.are.na/v3/users/w-v-ahnk2cvdo-e""},""contents"":{""href"":""https://api.are.na/v3/channels/h-ombs1et3-c/contents""},""followers"":{""href"":""https://api.are.na/v3/channels/h-ombs1et3-c/followers""},""connections"":{""href"":""https://api.are.na/v3/channels/h-ombs1et3-c/connections""}},""counts"":{""blocks"":50,""channels"":0,""contents"":50,""collaborators"":0},""metadata"":null,""created_at"":""2025-01-24T05:10:03Z"",""updated_at"":""2026-07-27T06:46:26Z"",""visibility"":""closed"",""description"":null,""collaborators"":[]}","2026-07-28 00:19:29.516742","3498926","h-ombs1et3-c","h",,"50","385"
"393","{""id"":3501979,""can"":{""add_to"":false,""update"":false,""destroy"":false,""manage_collaborators"":false},""slug"":""fungus-sd8ui8j-kxq"",""type"":""Channel"",""owner"":{""id"":74404,""name"":""misha bruk"",""slug"":""misha-bruk"",""type"":""User"",""avatar"":null,""initials"":""mb""},""state"":""available"",""title"":""fungus"",""_links"":{""self"":{""href"":""https://api.are.na/v3/channels/fungus-sd8ui8j-kxq""},""owner"":{""href"":""https://api.are.na/v3/users/misha-bruk""},""contents"":{""href"":""https://api.are.na/v3/channels/fungus-sd8ui8j-kxq/contents""},""followers"":{""href"":""https://api.are.na/v3/channels/fungus-sd8ui8j-kxq/followers""},""connections"":{""href"":""https://api.are.na/v3/channels/fungus-sd8ui8j-kxq/connections""}},""counts"":{""blocks"":41,""channels"":0,""contents"":41,""collaborators"":0},""metadata"":null,""created_at"":""2025-01-25T04:22:50Z"",""updated_at"":""2026-05-11T22:19:50Z"",""visibility"":""closed"",""description"":null,""collaborators"":[]}","2026-07-28 00:19:52.460419","3501979","fungus-sd8ui8j-kxq","fungus",,"41","386"
"394","{""id"":3435231,""can"":{""add_to"":false,""update"":false,""destroy"":false,""manage_collaborators"":false},""slug"":""zz-biotic-design"",""type"":""Channel"",""owner"":{""id"":535095,""name"":""Anna Lazzaron"",""slug"":""anna-lazzaron-upwacwgtwww"",""type"":""User"",""avatar"":null,""initials"":""AL""},""state"":""available"",""title"":""Zz Biotic Design"",""_links"":{""self"":{""href"":""https://api.are.na/v3/channels/zz-biotic-design""},""owner"":{""href"":""https://api.are.na/v3/users/anna-lazzaron-upwacwgtwww""},""contents"":{""href"":""https://api.are.na/v3/channels/zz-biotic-design/contents""},""followers"":{""href"":""https://api.are.na/v3/channels/zz-biotic-design/followers""},""connections"":{""href"":""https://api.are.na/v3/channels/zz-biotic-design/connections""}},""counts"":{""blocks"":168,""channels"":10,""contents"":178,""collaborators"":0},""metadata"":null,""created_at"":""2025-01-01T22:22:18Z"",""updated_at"":""2026-02-12T00:28:30Z"",""visibility"":""closed"",""description"":null,""collaborators"":[]}","2026-07-28 00:20:16.154808","3435231","zz-biotic-design","Zz Biotic Design",,"168","387"
"395","{""id"":2142738,""can"":{""add_to"":false,""update"":false,""destroy"":false,""manage_collaborators"":false},""slug"":""moss-mama"",""type"":""Channel"",""owner"":{""id"":516845,""name"":""Gilly Snail"",""slug"":""gilly-snail"",""type"":""User"",""avatar"":null,""initials"":""GS""},""state"":""available"",""title"":""Moss mama"",""_links"":{""self"":{""href"":""https://api.are.na/v3/channels/moss-mama""},""owner"":{""href"":""https://api.are.na/v3/users/gilly-snail""},""contents"":{""href"":""https://api.are.na/v3/channels/moss-mama/contents""},""followers"":{""href"":""https://api.are.na/v3/channels/moss-mama/followers""},""connections"":{""href"":""https://api.are.na/v3/channels/moss-mama/connections""}},""counts"":{""blocks"":22,""channels"":0,""contents"":22,""collaborators"":0},""metadata"":null,""created_at"":""2023-04-21T18:39:50Z"",""updated_at"":""2024-04-13T16:55:48Z"",""visibility"":""closed"",""description"":null,""collaborators"":[]}","2026-07-28 00:20:46.476969","2142738","moss-mama","Moss mama",,"22","388"
"396","{""id"":2447419,""can"":{""add_to"":false,""update"":false,""destroy"":false,""manage_collaborators"":false},""slug"":""things-2efw7sfcffg"",""type"":""Channel"",""owner"":{""id"":498285,""name"":""pppp rrr"",""slug"":""pppp-rrr"",""type"":""User"",""avatar"":null,""initials"":""pr""},""state"":""available"",""title"":""things"",""_links"":{""self"":{""href"":""https://api.are.na/v3/channels/things-2efw7sfcffg""},""owner"":{""href"":""https://api.are.na/v3/users/pppp-rrr""},""contents"":{""href"":""https://api.are.na/v3/channels/things-2efw7sfcffg/contents""},""followers"":{""href"":""https://api.are.na/v3/channels/things-2efw7sfcffg/followers""},""connections"":{""href"":""https://api.are.na/v3/channels/things-2efw7sfcffg/connections""}},""counts"":{""blocks"":93,""channels"":4,""contents"":97,""collaborators"":1},""metadata"":null,""created_at"":""2023-10-20T13:44:39Z"",""updated_at"":""2025-01-21T10:55:50Z"",""visibility"":""closed"",""description"":null,""collaborators"":[{""id"":589715,""name"":""galchonok *"",""slug"":""galchonok"",""type"":""User"",""_links"":{""self"":{""href"":""https://api.are.na/v3/users/galchonok""}},""avatar"":null,""initials"":""g*""}]}","2026-07-28 00:21:08.38586","2447419","things-2efw7sfcffg","things",,"93","389"
"397","{""id"":2530541,""can"":{""add_to"":false,""update"":false,""destroy"":false,""manage_collaborators"":false},""slug"":""milieu-hb3kp8jyrb0"",""type"":""Channel"",""owner"":{""id"":593673,""name"":""Xinyu Liu"",""slug"":""xinyu-liu-tqgplmrnxju"",""type"":""User"",""avatar"":""https://static.avatars.are.na/593673/large_a2c6b641ca40078426482a4a7670491e.jpg?1734637157"",""initials"":""XL""},""state"":""available"",""title"":""Milieu"",""_links"":{""self"":{""href"":""https://api.are.na/v3/channels/milieu-hb3kp8jyrb0""},""owner"":{""href"":""https://api.are.na/v3/users/xinyu-liu-tqgplmrnxju""},""contents"":{""href"":""https://api.are.na/v3/channels/milieu-hb3kp8jyrb0/contents""},""followers"":{""href"":""https://api.are.na/v3/channels/milieu-hb3kp8jyrb0/followers""},""connections"":{""href"":""https://api.are.na/v3/channels/milieu-hb3kp8jyrb0/connections""}},""counts"":{""blocks"":558,""channels"":4,""contents"":562,""collaborators"":0},""metadata"":null,""created_at"":""2023-12-03T14:35:45Z"",""updated_at"":""2026-07-20T10:29:32Z"",""visibility"":""closed"",""description"":{""html"":""<p>What are the roots that clutch, what branches grow<br>\nOut of this stony rubbish? Son of man,<br>\nYou cannot say, or guess, for you know only<br>\nA heap of broken images.</p>"",""plain"":""What are the roots that clutch, what branches grow\nOut of this stony rubbish? Son of man,\nYou cannot say, or guess, for you know only\nA heap of broken images."",""markdown"":""What are the roots that clutch, what branches grow\nOut of this stony rubbish? Son of man,\nYou cannot say, or guess, for you know only\nA heap of broken images.""},""collaborators"":[]}","2026-07-28 00:21:35.974531","2530541","milieu-hb3kp8jyrb0","Milieu","What are the roots that clutch, what branches grow
Out of this stony rubbish? Son of man,
You cannot say, or guess, for you know only
A heap of broken images.","558","390"
"398","{""id"":2557695,""can"":{""add_to"":false,""update"":false,""destroy"":false,""manage_collaborators"":false},""slug"":""little-friends"",""type"":""Channel"",""owner"":{""id"":295735,""name"":""gabrielle white"",""slug"":""gabrielle-white"",""type"":""User"",""avatar"":""https://static.avatars.are.na/295735/large_5ef054e850466e91b448ca2a531d708d.gif?1704529411"",""initials"":""gw""},""state"":""available"",""title"":""❥◕⩊◕🌸 little friends "",""_links"":{""self"":{""href"":""https://api.are.na/v3/channels/little-friends""},""owner"":{""href"":""https://api.are.na/v3/users/gabrielle-white""},""contents"":{""href"":""https://api.are.na/v3/channels/little-friends/contents""},""followers"":{""href"":""https://api.are.na/v3/channels/little-friends/followers""},""connections"":{""href"":""https://api.are.na/v3/channels/little-friends/connections""}},""counts"":{""blocks"":33,""channels"":16,""contents"":49,""collaborators"":0},""metadata"":null,""created_at"":""2023-12-19T00:27:10Z"",""updated_at"":""2026-02-13T07:24:26Z"",""visibility"":""closed"",""description"":null,""collaborators"":[]}","2026-07-28 00:22:44.155851","2557695","little-friends","❥◕⩊◕🌸 little friends ",,"33","391"
"399","{""id"":2474172,""can"":{""add_to"":false,""update"":false,""destroy"":false,""manage_collaborators"":false},""slug"":""mystique-a28czpvueby"",""type"":""Channel"",""owner"":{""id"":280556,""name"":""jessinternet  ₊˚.⋆☾⋆⁺₊⋆˙"",""slug"":""jessinternet"",""type"":""User"",""avatar"":""https://static.avatars.are.na/280556/large_0a750cf2389f65adfa9b835ea430a57b.jpg?1698977929"",""initials"":""j₊""},""state"":""available"",""title"":""mystique"",""_links"":{""self"":{""href"":""https://api.are.na/v3/channels/mystique-a28czpvueby""},""owner"":{""href"":""https://api.are.na/v3/users/jessinternet""},""contents"":{""href"":""https://api.are.na/v3/channels/mystique-a28czpvueby/contents""},""followers"":{""href"":""https://api.are.na/v3/channels/mystique-a28czpvueby/followers""},""connections"":{""href"":""https://api.are.na/v3/channels/mystique-a28czpvueby/connections""}},""counts"":{""blocks"":39,""channels"":0,""contents"":39,""collaborators"":0},""metadata"":null,""created_at"":""2023-11-03T02:46:45Z"",""updated_at"":""2025-07-18T21:51:10Z"",""visibility"":""closed"",""description"":null,""collaborators"":[]}","2026-07-28 00:23:06.044485","2474172","mystique-a28czpvueby","mystique",,"39","392"
"400","{""id"":2468698,""can"":{""add_to"":false,""update"":false,""destroy"":false,""manage_collaborators"":false},""slug"":""fungi-zz3neez_uci"",""type"":""Channel"",""owner"":{""id"":263043,""name"":""Roxi Basa"",""slug"":""roxi-basa"",""type"":""User"",""avatar"":null,""initials"":""RB""},""state"":""available"",""title"":""FUNGI"",""_links"":{""self"":{""href"":""https://api.are.na/v3/channels/fungi-zz3neez_uci""},""owner"":{""href"":""https://api.are.na/v3/users/roxi-basa""},""contents"":{""href"":""https://api.are.na/v3/channels/fungi-zz3neez_uci/contents""},""followers"":{""href"":""https://api.are.na/v3/channels/fungi-zz3neez_uci/followers""},""connections"":{""href"":""https://api.are.na/v3/channels/fungi-zz3neez_uci/connections""}},""counts"":{""blocks"":185,""channels"":0,""contents"":185,""collaborators"":0},""metadata"":null,""created_at"":""2023-10-31T17:11:43Z"",""updated_at"":""2026-07-23T22:24:45Z"",""visibility"":""closed"",""description"":null,""collaborators"":[]}","2026-07-28 00:23:24.952306","2468698","fungi-zz3neez_uci","FUNGI",,"185","358"
"401","{""id"":749935,""can"":{""add_to"":false,""update"":false,""destroy"":false,""manage_collaborators"":false},""slug"":""photos-xbqzrl6fnma"",""type"":""Channel"",""owner"":{""id"":19454,""name"":""Gray Broderick"",""slug"":""gray-broderick"",""type"":""User"",""avatar"":null,""initials"":""GB""},""state"":""available"",""title"":""Photos"",""_links"":{""self"":{""href"":""https://api.are.na/v3/channels/photos-xbqzrl6fnma""},""owner"":{""href"":""https://api.are.na/v3/users/gray-broderick""},""contents"":{""href"":""https://api.are.na/v3/channels/photos-xbqzrl6fnma/contents""},""followers"":{""href"":""https://api.are.na/v3/channels/photos-xbqzrl6fnma/followers""},""connections"":{""href"":""https://api.are.na/v3/channels/photos-xbqzrl6fnma/connections""}},""counts"":{""blocks"":1680,""channels"":5,""contents"":1685,""collaborators"":0},""metadata"":null,""created_at"":""2020-07-16T19:36:27Z"",""updated_at"":""2026-07-07T04:07:55Z"",""visibility"":""closed"",""description"":null,""collaborators"":[]}","2026-07-28 00:23:55.339255","749935","photos-xbqzrl6fnma","Photos",,"1680","394"
"402","{""id"":2364332,""can"":{""add_to"":false,""update"":false,""destroy"":false,""manage_collaborators"":false},""slug"":""pvksystccr4"",""type"":""Channel"",""owner"":{""id"":495186,""name"":""cyber 111"",""slug"":""cyber-111"",""type"":""User"",""avatar"":""https://static.avatars.are.na/495186/large_39f0efef274022081441e4aa1f98b5f5.jpg?1707059830"",""initials"":""c1""},""state"":""available"",""title"":""болото"",""_links"":{""self"":{""href"":""https://api.are.na/v3/channels/pvksystccr4""},""owner"":{""href"":""https://api.are.na/v3/users/cyber-111""},""contents"":{""href"":""https://api.are.na/v3/channels/pvksystccr4/contents""},""followers"":{""href"":""https://api.are.na/v3/channels/pvksystccr4/followers""},""connections"":{""href"":""https://api.are.na/v3/channels/pvksystccr4/connections""}},""counts"":{""blocks"":133,""channels"":0,""contents"":133,""collaborators"":0},""metadata"":null,""created_at"":""2023-09-09T15:23:04Z"",""updated_at"":""2025-12-20T00:04:55Z"",""visibility"":""closed"",""description"":null,""collaborators"":[]}","2026-07-28 00:26:38.981341","2364332","pvksystccr4","болото",,"133","395"
"403","{""id"":2163177,""can"":{""add_to"":false,""update"":false,""destroy"":false,""manage_collaborators"":false},""slug"":""creatures-l-nrcxwtfj0"",""type"":""Channel"",""owner"":{""id"":10891,""name"":""Petri"",""slug"":""petri"",""type"":""Group"",""avatar"":null,""initials"":""P""},""state"":""available"",""title"":""Creatures"",""_links"":{""self"":{""href"":""https://api.are.na/v3/channels/creatures-l-nrcxwtfj0""},""owner"":{""href"":""https://api.are.na/v3/groups/petri""},""contents"":{""href"":""https://api.are.na/v3/channels/creatures-l-nrcxwtfj0/contents""},""followers"":{""href"":""https://api.are.na/v3/channels/creatures-l-nrcxwtfj0/followers""},""connections"":{""href"":""https://api.are.na/v3/channels/creatures-l-nrcxwtfj0/connections""}},""counts"":{""blocks"":148,""channels"":0,""contents"":148,""collaborators"":0},""metadata"":null,""created_at"":""2023-05-03T16:08:25Z"",""updated_at"":""2025-11-04T10:46:58Z"",""visibility"":""closed"",""description"":null,""collaborators"":[]}","2026-07-28 00:27:10.991184","2163177","creatures-l-nrcxwtfj0","Creatures",,"148",
"404","{""id"":2267058,""can"":{""add_to"":false,""update"":false,""destroy"":false,""manage_collaborators"":false},""slug"":""nasti-treatment"",""type"":""Channel"",""owner"":{""id"":279128,""name"":""Marina García"",""slug"":""marina-garcia"",""type"":""User"",""avatar"":null,""initials"":""MG""},""state"":""available"",""title"":""NASTI TREATMENT"",""_links"":{""self"":{""href"":""https://api.are.na/v3/channels/nasti-treatment""},""owner"":{""href"":""https://api.are.na/v3/users/marina-garcia""},""contents"":{""href"":""https://api.are.na/v3/channels/nasti-treatment/contents""},""followers"":{""href"":""https://api.are.na/v3/channels/nasti-treatment/followers""},""connections"":{""href"":""https://api.are.na/v3/channels/nasti-treatment/connections""}},""counts"":{""blocks"":40,""channels"":3,""contents"":43,""collaborators"":0},""metadata"":null,""created_at"":""2023-07-10T17:03:34Z"",""updated_at"":""2025-03-04T20:12:27Z"",""visibility"":""closed"",""description"":null,""collaborators"":[]}","2026-07-28 00:27:42.825328","2267058","nasti-treatment","NASTI TREATMENT",,"40","396"
"405","{""id"":2241026,""can"":{""add_to"":false,""update"":false,""destroy"":false,""manage_collaborators"":false},""slug"":""projekt-schall-rauch"",""type"":""Channel"",""owner"":{""id"":386055,""name"":""Claus Wares"",""slug"":""claus-wares"",""type"":""User"",""avatar"":null,""initials"":""CW""},""state"":""available"",""title"":""Projekt – Schall & Rauch"",""_links"":{""self"":{""href"":""https://api.are.na/v3/channels/projekt-schall-rauch""},""owner"":{""href"":""https://api.are.na/v3/users/claus-wares""},""contents"":{""href"":""https://api.are.na/v3/channels/projekt-schall-rauch/contents""},""followers"":{""href"":""https://api.are.na/v3/channels/projekt-schall-rauch/followers""},""connections"":{""href"":""https://api.are.na/v3/channels/projekt-schall-rauch/connections""}},""counts"":{""blocks"":65,""channels"":0,""contents"":65,""collaborators"":0},""metadata"":null,""created_at"":""2023-06-22T07:16:07Z"",""updated_at"":""2026-03-27T20:02:03Z"",""visibility"":""closed"",""description"":{""html"":""<p>Moods for Rave Editions</p>"",""plain"":""Moods for Rave Editions"",""markdown"":""Moods for Rave Editions""},""collaborators"":[]}","2026-07-28 00:28:09.665523","2241026","projekt-schall-rauch","Projekt – Schall & Rauch","Moods for Rave Editions","65","397"
"406","{""id"":2226548,""can"":{""add_to"":false,""update"":false,""destroy"":false,""manage_collaborators"":false},""slug"":""just-a-bunch-of-fun-guys"",""type"":""Channel"",""owner"":{""id"":36993,""name"":""aimee kim"",""slug"":""aimee-kim"",""type"":""User"",""avatar"":null,""initials"":""ak""},""state"":""available"",""title"":""just a bunch of fun guys"",""_links"":{""self"":{""href"":""https://api.are.na/v3/channels/just-a-bunch-of-fun-guys""},""owner"":{""href"":""https://api.are.na/v3/users/aimee-kim""},""contents"":{""href"":""https://api.are.na/v3/channels/just-a-bunch-of-fun-guys/contents""},""followers"":{""href"":""https://api.are.na/v3/channels/just-a-bunch-of-fun-guys/followers""},""connections"":{""href"":""https://api.are.na/v3/channels/just-a-bunch-of-fun-guys/connections""}},""counts"":{""blocks"":37,""channels"":1,""contents"":38,""collaborators"":0},""metadata"":null,""created_at"":""2023-06-12T23:49:45Z"",""updated_at"":""2023-08-14T15:47:15Z"",""visibility"":""closed"",""description"":null,""collaborators"":[]}","2026-07-28 00:28:31.946156","2226548","just-a-bunch-of-fun-guys","just a bunch of fun guys",,"37","398"
"407","{""id"":2224691,""can"":{""add_to"":false,""update"":false,""destroy"":false,""manage_collaborators"":false},""slug"":""botanical-uiwihcvmgfy"",""type"":""Channel"",""owner"":{""id"":536016,""name"":""Thanh Nguyen"",""slug"":""thanh-nguyen-e0ea3mly8ra"",""type"":""User"",""avatar"":null,""initials"":""TN""},""state"":""available"",""title"":""botanical"",""_links"":{""self"":{""href"":""https://api.are.na/v3/channels/botanical-uiwihcvmgfy""},""owner"":{""href"":""https://api.are.na/v3/users/thanh-nguyen-e0ea3mly8ra""},""contents"":{""href"":""https://api.are.na/v3/channels/botanical-uiwihcvmgfy/contents""},""followers"":{""href"":""https://api.are.na/v3/channels/botanical-uiwihcvmgfy/followers""},""connections"":{""href"":""https://api.are.na/v3/channels/botanical-uiwihcvmgfy/connections""}},""counts"":{""blocks"":20,""channels"":0,""contents"":20,""collaborators"":0},""metadata"":null,""created_at"":""2023-06-11T23:22:23Z"",""updated_at"":""2024-05-12T22:40:19Z"",""visibility"":""closed"",""description"":null,""collaborators"":[]}","2026-07-28 00:28:54.589454","2224691","botanical-uiwihcvmgfy","botanical",,"20","399"
"408","{""id"":2101700,""can"":{""add_to"":false,""update"":false,""destroy"":false,""manage_collaborators"":false},""slug"":""hey-1qsfjvb004m"",""type"":""Channel"",""owner"":{""id"":194228,""name"":""Hanna Reichler"",""slug"":""hanna-reichler"",""type"":""User"",""avatar"":null,""initials"":""HR""},""state"":""available"",""title"":""hey"",""_links"":{""self"":{""href"":""https://api.are.na/v3/channels/hey-1qsfjvb004m""},""owner"":{""href"":""https://api.are.na/v3/users/hanna-reichler""},""contents"":{""href"":""https://api.are.na/v3/channels/hey-1qsfjvb004m/contents""},""followers"":{""href"":""https://api.are.na/v3/channels/hey-1qsfjvb004m/followers""},""connections"":{""href"":""https://api.are.na/v3/channels/hey-1qsfjvb004m/connections""}},""counts"":{""blocks"":115,""channels"":5,""contents"":120,""collaborators"":0},""metadata"":null,""created_at"":""2023-03-30T21:15:12Z"",""updated_at"":""2026-03-18T15:14:56Z"",""visibility"":""closed"",""description"":null,""collaborators"":[]}","2026-07-28 00:29:21.159841","2101700","hey-1qsfjvb004m","hey",,"115","400"
"409","{""id"":2157529,""can"":{""add_to"":false,""update"":false,""destroy"":false,""manage_collaborators"":false},""slug"":""world-eco-main"",""type"":""Channel"",""owner"":{""id"":10891,""name"":""Petri"",""slug"":""petri"",""type"":""Group"",""avatar"":null,""initials"":""P""},""state"":""available"",""title"":""World Eco (main)"",""_links"":{""self"":{""href"":""https://api.are.na/v3/channels/world-eco-main""},""owner"":{""href"":""https://api.are.na/v3/groups/petri""},""contents"":{""href"":""https://api.are.na/v3/channels/world-eco-main/contents""},""followers"":{""href"":""https://api.are.na/v3/channels/world-eco-main/followers""},""connections"":{""href"":""https://api.are.na/v3/channels/world-eco-main/connections""}},""counts"":{""blocks"":559,""channels"":1,""contents"":560,""collaborators"":0},""metadata"":null,""created_at"":""2023-04-30T14:53:29Z"",""updated_at"":""2026-06-30T00:23:07Z"",""visibility"":""closed"",""description"":null,""collaborators"":[]}","2026-07-28 00:29:54.197344","2157529","world-eco-main","World Eco (main)",,"559",
"410","{""id"":2174970,""can"":{""add_to"":false,""update"":false,""destroy"":false,""manage_collaborators"":false},""slug"":""world-perspective"",""type"":""Channel"",""owner"":{""id"":524947,""name"":""௵ Saint."",""slug"":""saint-xo7aucwgwci"",""type"":""User"",""avatar"":""https://static.avatars.are.na/524947/large_39b8d0a9fc0b4d371f29677b37ac41e8.jpeg?1781586908"",""initials"":""௵S""},""state"":""available"",""title"":""WORLD PERSPECTIVE."",""_links"":{""self"":{""href"":""https://api.are.na/v3/channels/world-perspective""},""owner"":{""href"":""https://api.are.na/v3/users/saint-xo7aucwgwci""},""contents"":{""href"":""https://api.are.na/v3/channels/world-perspective/contents""},""followers"":{""href"":""https://api.are.na/v3/channels/world-perspective/followers""},""connections"":{""href"":""https://api.are.na/v3/channels/world-perspective/connections""}},""counts"":{""blocks"":59,""channels"":0,""contents"":59,""collaborators"":0},""metadata"":null,""created_at"":""2023-05-10T19:42:19Z"",""updated_at"":""2024-04-12T05:01:36Z"",""visibility"":""closed"",""description"":{""html"":""<p>🫐🫐🫐</p>"",""plain"":""🫐🫐🫐"",""markdown"":""🫐🫐🫐""},""collaborators"":[]}","2026-07-28 00:31:06.235538","2174970","world-perspective","WORLD PERSPECTIVE.","🫐🫐🫐","59","401"
"411","{""id"":2151352,""can"":{""add_to"":false,""update"":false,""destroy"":false,""manage_collaborators"":false},""slug"":""ad-micro"",""type"":""Channel"",""owner"":{""id"":185398,""name"":""XKM Studio"",""slug"":""xkm-studio"",""type"":""User"",""avatar"":""https://static.avatars.are.na/185398/large_043f697d6e53fec6aa30560824889ae4.jpg?1740063769"",""initials"":""XS""},""state"":""available"",""title"":""AD | Micro"",""_links"":{""self"":{""href"":""https://api.are.na/v3/channels/ad-micro""},""owner"":{""href"":""https://api.are.na/v3/users/xkm-studio""},""contents"":{""href"":""https://api.are.na/v3/channels/ad-micro/contents""},""followers"":{""href"":""https://api.are.na/v3/channels/ad-micro/followers""},""connections"":{""href"":""https://api.are.na/v3/channels/ad-micro/connections""}},""counts"":{""blocks"":167,""channels"":0,""contents"":167,""collaborators"":0},""metadata"":null,""created_at"":""2023-04-26T14:23:19Z"",""updated_at"":""2026-07-27T17:07:22Z"",""visibility"":""closed"",""description"":null,""collaborators"":[]}","2026-07-28 00:31:31.278237","2151352","ad-micro","AD | Micro",,"167","402"
"412","{""id"":2053388,""can"":{""add_to"":false,""update"":false,""destroy"":false,""manage_collaborators"":false},""slug"":""nature-is-sick"",""type"":""Channel"",""owner"":{""id"":382404,""name"":""Alex Rainer"",""slug"":""alex-rainer"",""type"":""User"",""avatar"":""https://static.avatars.are.na/382404/large_d139fbc0f37ae86c94d22369fcea9801.png?1760257754"",""initials"":""AR""},""state"":""available"",""title"":""☼ NATURE / Is sick"",""_links"":{""self"":{""href"":""https://api.are.na/v3/channels/nature-is-sick""},""owner"":{""href"":""https://api.are.na/v3/users/alex-rainer""},""contents"":{""href"":""https://api.are.na/v3/channels/nature-is-sick/contents""},""followers"":{""href"":""https://api.are.na/v3/channels/nature-is-sick/followers""},""connections"":{""href"":""https://api.are.na/v3/channels/nature-is-sick/connections""}},""counts"":{""blocks"":244,""channels"":7,""contents"":251,""collaborators"":0},""metadata"":null,""created_at"":""2023-03-07T09:56:02Z"",""updated_at"":""2026-07-20T18:15:37Z"",""visibility"":""closed"",""description"":null,""collaborators"":[]}","2026-07-28 00:32:04.151829","2053388","nature-is-sick","☼ NATURE / Is sick",,"244","403"
"413","{""id"":2119819,""can"":{""add_to"":false,""update"":false,""destroy"":false,""manage_collaborators"":false},""slug"":""abnormal-computing"",""type"":""Channel"",""owner"":{""id"":25764,""name"":""Torrin Blades"",""slug"":""torrin-blades"",""type"":""User"",""avatar"":""https://static.avatars.are.na/25764/large_c3ca3205cae6dad3d4034232d88f9598.jpg?1681356230"",""initials"":""TB""},""state"":""available"",""title"":""+ Abnormal Computing"",""_links"":{""self"":{""href"":""https://api.are.na/v3/channels/abnormal-computing""},""owner"":{""href"":""https://api.are.na/v3/users/torrin-blades""},""contents"":{""href"":""https://api.are.na/v3/channels/abnormal-computing/contents""},""followers"":{""href"":""https://api.are.na/v3/channels/abnormal-computing/followers""},""connections"":{""href"":""https://api.are.na/v3/channels/abnormal-computing/connections""}},""counts"":{""blocks"":449,""channels"":8,""contents"":457,""collaborators"":1},""metadata"":null,""created_at"":""2023-04-10T01:32:26Z"",""updated_at"":""2026-07-08T00:06:45Z"",""visibility"":""closed"",""description"":{""html"":""<p>Imagining alternate forms of computation</p>"",""plain"":""Imagining alternate forms of computation"",""markdown"":""Imagining alternate forms of computation""},""collaborators"":[{""id"":60401,""name"":""Erica Whyte"",""slug"":""erica-whyte"",""type"":""User"",""_links"":{""self"":{""href"":""https://api.are.na/v3/users/erica-whyte""}},""avatar"":""https://static.avatars.are.na/60401/large_593f48cc15228cbeef92b1b9cad84d84.jpg?1573081692"",""initials"":""EW""}]}","2026-07-28 00:32:42.037215","2119819","abnormal-computing","+ Abnormal Computing","Imagining alternate forms of computation","449","404"
"414","{""id"":2118890,""can"":{""add_to"":false,""update"":false,""destroy"":false,""manage_collaborators"":false},""slug"":""bio-tech-gubkzrvqwnu"",""type"":""Channel"",""owner"":{""id"":261593,""name"":""Shiki DONG"",""slug"":""shiki-dong"",""type"":""User"",""avatar"":null,""initials"":""SD""},""state"":""available"",""title"":""Bio Tech"",""_links"":{""self"":{""href"":""https://api.are.na/v3/channels/bio-tech-gubkzrvqwnu""},""owner"":{""href"":""https://api.are.na/v3/users/shiki-dong""},""contents"":{""href"":""https://api.are.na/v3/channels/bio-tech-gubkzrvqwnu/contents""},""followers"":{""href"":""https://api.are.na/v3/channels/bio-tech-gubkzrvqwnu/followers""},""connections"":{""href"":""https://api.are.na/v3/channels/bio-tech-gubkzrvqwnu/connections""}},""counts"":{""blocks"":84,""channels"":0,""contents"":84,""collaborators"":0},""metadata"":null,""created_at"":""2023-04-09T10:28:32Z"",""updated_at"":""2026-07-27T03:08:09Z"",""visibility"":""public"",""description"":null,""collaborators"":[]}","2026-07-28 00:33:40.660197","2118890","bio-tech-gubkzrvqwnu","Bio Tech",,"84","405"
"415","{""id"":2110110,""can"":{""add_to"":false,""update"":false,""destroy"":false,""manage_collaborators"":false},""slug"":""tensione"",""type"":""Channel"",""owner"":{""id"":371470,""name"":""Flavia Doda"",""slug"":""flavia-doda"",""type"":""User"",""avatar"":""https://static.avatars.are.na/371470/large_2dd802cc5fb32400bcb93aa540acdd0a.jpg?1652955526"",""initials"":""FD""},""state"":""available"",""title"":""\""Tensione\"""",""_links"":{""self"":{""href"":""https://api.are.na/v3/channels/tensione""},""owner"":{""href"":""https://api.are.na/v3/users/flavia-doda""},""contents"":{""href"":""https://api.are.na/v3/channels/tensione/contents""},""followers"":{""href"":""https://api.are.na/v3/channels/tensione/followers""},""connections"":{""href"":""https://api.are.na/v3/channels/tensione/connections""}},""counts"":{""blocks"":35,""channels"":1,""contents"":36,""collaborators"":0},""metadata"":null,""created_at"":""2023-04-04T13:43:58Z"",""updated_at"":""2023-05-04T16:47:25Z"",""visibility"":""closed"",""description"":null,""collaborators"":[]}","2026-07-28 00:34:07.44015","2110110","tensione","""Tensione""",,"35","406"
"416","{""id"":2096635,""can"":{""add_to"":false,""update"":false,""destroy"":false,""manage_collaborators"":false},""slug"":""olo-vtcjdi1uo6a"",""type"":""Channel"",""owner"":{""id"":243037,""name"":""Phil Garip"",""slug"":""phil-garip"",""type"":""User"",""avatar"":null,""initials"":""PG""},""state"":""available"",""title"":""olo"",""_links"":{""self"":{""href"":""https://api.are.na/v3/channels/olo-vtcjdi1uo6a""},""owner"":{""href"":""https://api.are.na/v3/users/phil-garip""},""contents"":{""href"":""https://api.are.na/v3/channels/olo-vtcjdi1uo6a/contents""},""followers"":{""href"":""https://api.are.na/v3/channels/olo-vtcjdi1uo6a/followers""},""connections"":{""href"":""https://api.are.na/v3/channels/olo-vtcjdi1uo6a/connections""}},""counts"":{""blocks"":260,""channels"":16,""contents"":276,""collaborators"":0},""metadata"":null,""created_at"":""2023-03-28T15:22:16Z"",""updated_at"":""2026-02-15T22:50:34Z"",""visibility"":""closed"",""description"":null,""collaborators"":[]}","2026-07-28 00:34:35.417525","2096635","olo-vtcjdi1uo6a","olo",,"260","407"
"417","{""id"":595864,""can"":{""add_to"":false,""update"":false,""destroy"":false,""manage_collaborators"":false},""slug"":""to-look-at-onyp4oke0d4"",""type"":""Channel"",""owner"":{""id"":65965,""name"":""Bohdan Roshchenko"",""slug"":""bohdan-roshchenko"",""type"":""User"",""avatar"":""https://static.avatars.are.na/65965/large_42a7dec4a796220e3b0ab96a501cae18.jpg?1693911558"",""initials"":""BR""},""state"":""available"",""title"":""to look at"",""_links"":{""self"":{""href"":""https://api.are.na/v3/channels/to-look-at-onyp4oke0d4""},""owner"":{""href"":""https://api.are.na/v3/users/bohdan-roshchenko""},""contents"":{""href"":""https://api.are.na/v3/channels/to-look-at-onyp4oke0d4/contents""},""followers"":{""href"":""https://api.are.na/v3/channels/to-look-at-onyp4oke0d4/followers""},""connections"":{""href"":""https://api.are.na/v3/channels/to-look-at-onyp4oke0d4/connections""}},""counts"":{""blocks"":224,""channels"":10,""contents"":234,""collaborators"":0},""metadata"":null,""created_at"":""2020-02-19T12:08:38Z"",""updated_at"":""2026-07-14T12:09:38Z"",""visibility"":""closed"",""description"":null,""collaborators"":[]}","2026-07-28 00:35:22.105731","595864","to-look-at-onyp4oke0d4","to look at",,"224","408"
"418","{""id"":2030329,""can"":{""add_to"":false,""update"":false,""destroy"":false,""manage_collaborators"":false},""slug"":""cosiks"",""type"":""Channel"",""owner"":{""id"":465650,""name"":""Eva A."",""slug"":""eva-a-qmwqbqkg7bg"",""type"":""User"",""avatar"":null,""initials"":""EA""},""state"":""available"",""title"":""cosiks"",""_links"":{""self"":{""href"":""https://api.are.na/v3/channels/cosiks""},""owner"":{""href"":""https://api.are.na/v3/users/eva-a-qmwqbqkg7bg""},""contents"":{""href"":""https://api.are.na/v3/channels/cosiks/contents""},""followers"":{""href"":""https://api.are.na/v3/channels/cosiks/followers""},""connections"":{""href"":""https://api.are.na/v3/channels/cosiks/connections""}},""counts"":{""blocks"":120,""channels"":0,""contents"":120,""collaborators"":0},""metadata"":null,""created_at"":""2023-02-23T16:51:50Z"",""updated_at"":""2024-01-22T10:07:07Z"",""visibility"":""public"",""description"":null,""collaborators"":[]}","2026-07-28 00:36:00.308265","2030329","cosiks","cosiks",,"120","409"
"419","{""id"":543262,""can"":{""add_to"":false,""update"":false,""destroy"":false,""manage_collaborators"":false},""slug"":""env-natural_futures"",""type"":""Channel"",""owner"":{""id"":141368,""name"":""Ravi Maher"",""slug"":""ravi-maher"",""type"":""User"",""avatar"":""https://static.avatars.are.na/141368/large_60a14ff9eacd3aa1e5a177f7b4fdc9af.jpg?1660841657"",""initials"":""RM""},""state"":""available"",""title"":""ENV/Natural_Futures"",""_links"":{""self"":{""href"":""https://api.are.na/v3/channels/env-natural_futures""},""owner"":{""href"":""https://api.are.na/v3/users/ravi-maher""},""contents"":{""href"":""https://api.are.na/v3/channels/env-natural_futures/contents""},""followers"":{""href"":""https://api.are.na/v3/channels/env-natural_futures/followers""},""connections"":{""href"":""https://api.are.na/v3/channels/env-natural_futures/connections""}},""counts"":{""blocks"":384,""channels"":0,""contents"":384,""collaborators"":0},""metadata"":null,""created_at"":""2019-12-15T15:56:54Z"",""updated_at"":""2026-07-09T13:50:04Z"",""visibility"":""closed"",""description"":{""html"":""<p>Technology and natural landscapes</p>"",""plain"":""Technology and natural landscapes"",""markdown"":""Technology and natural landscapes""},""collaborators"":[]}","2026-07-28 00:36:32.315086","543262","env-natural_futures","ENV/Natural_Futures","Technology and natural landscapes","384","410"
"420","{""id"":1976094,""can"":{""add_to"":false,""update"":false,""destroy"":false,""manage_collaborators"":false},""slug"":""forest-feeling"",""type"":""Channel"",""owner"":{""id"":106496,""name"":""Tim Zarki"",""slug"":""tim-zarki"",""type"":""User"",""avatar"":""https://static.avatars.are.na/106496/large_ff2fb0024c47357a4c51a43b8d4c79ec.png?1588987151"",""initials"":""TZ""},""state"":""available"",""title"":""Forest Feeling"",""_links"":{""self"":{""href"":""https://api.are.na/v3/channels/forest-feeling""},""owner"":{""href"":""https://api.are.na/v3/users/tim-zarki""},""contents"":{""href"":""https://api.are.na/v3/channels/forest-feeling/contents""},""followers"":{""href"":""https://api.are.na/v3/channels/forest-feeling/followers""},""connections"":{""href"":""https://api.are.na/v3/channels/forest-feeling/connections""}},""counts"":{""blocks"":295,""channels"":0,""contents"":295,""collaborators"":0},""metadata"":null,""created_at"":""2023-01-26T00:03:11Z"",""updated_at"":""2026-07-18T20:31:02Z"",""visibility"":""closed"",""description"":null,""collaborators"":[]}","2026-07-28 00:37:19.527172","1976094","forest-feeling","Forest Feeling",,"295","411"
"421","{""id"":1803831,""can"":{""add_to"":false,""update"":false,""destroy"":false,""manage_collaborators"":false},""slug"":""plants-s7gnen7ybsq"",""type"":""Channel"",""owner"":{""id"":340878,""name"":""Felix Chilvers"",""slug"":""felix-chilvers"",""type"":""User"",""avatar"":""https://static.avatars.are.na/340878/large_4114914532475e24d6455426d071f777.gif?1667231794"",""initials"":""FC""},""state"":""available"",""title"":""Plants"",""_links"":{""self"":{""href"":""https://api.are.na/v3/channels/plants-s7gnen7ybsq""},""owner"":{""href"":""https://api.are.na/v3/users/felix-chilvers""},""contents"":{""href"":""https://api.are.na/v3/channels/plants-s7gnen7ybsq/contents""},""followers"":{""href"":""https://api.are.na/v3/channels/plants-s7gnen7ybsq/followers""},""connections"":{""href"":""https://api.are.na/v3/channels/plants-s7gnen7ybsq/connections""}},""counts"":{""blocks"":55,""channels"":2,""contents"":57,""collaborators"":0},""metadata"":null,""created_at"":""2022-10-13T15:37:52Z"",""updated_at"":""2026-07-24T19:08:33Z"",""visibility"":""closed"",""description"":null,""collaborators"":[]}","2026-07-28 00:38:06.872128","1803831","plants-s7gnen7ybsq","Plants",,"55","412"
"422","{""id"":1935415,""can"":{""add_to"":false,""update"":false,""destroy"":false,""manage_collaborators"":false},""slug"":""nature-uivcfcms1kq"",""type"":""Channel"",""owner"":{""id"":263043,""name"":""Roxi Basa"",""slug"":""roxi-basa"",""type"":""User"",""avatar"":null,""initials"":""RB""},""state"":""available"",""title"":""NATURE"",""_links"":{""self"":{""href"":""https://api.are.na/v3/channels/nature-uivcfcms1kq""},""owner"":{""href"":""https://api.are.na/v3/users/roxi-basa""},""contents"":{""href"":""https://api.are.na/v3/channels/nature-uivcfcms1kq/contents""},""followers"":{""href"":""https://api.are.na/v3/channels/nature-uivcfcms1kq/followers""},""connections"":{""href"":""https://api.are.na/v3/channels/nature-uivcfcms1kq/connections""}},""counts"":{""blocks"":378,""channels"":8,""contents"":386,""collaborators"":0},""metadata"":null,""created_at"":""2023-01-05T15:16:46Z"",""updated_at"":""2026-02-08T07:25:21Z"",""visibility"":""closed"",""description"":null,""collaborators"":[]}","2026-07-28 00:38:34.402151","1935415","nature-uivcfcms1kq","NATURE",,"378","358"
"423","{""id"":242691,""can"":{""add_to"":false,""update"":false,""destroy"":false,""manage_collaborators"":false},""slug"":""photo-hosrf8wvsg"",""type"":""Channel"",""owner"":{""id"":63637,""name"":""Anna Kuts"",""slug"":""anna-kuts"",""type"":""User"",""avatar"":""https://static.avatars.are.na/63637/large_870b9b04ec0060dd09b26625f68596b8.jpg?1662246880"",""initials"":""AK""},""state"":""available"",""title"":""Photo"",""_links"":{""self"":{""href"":""https://api.are.na/v3/channels/photo-hosrf8wvsg""},""owner"":{""href"":""https://api.are.na/v3/users/anna-kuts""},""contents"":{""href"":""https://api.are.na/v3/channels/photo-hosrf8wvsg/contents""},""followers"":{""href"":""https://api.are.na/v3/channels/photo-hosrf8wvsg/followers""},""connections"":{""href"":""https://api.are.na/v3/channels/photo-hosrf8wvsg/connections""}},""counts"":{""blocks"":1351,""channels"":3,""contents"":1354,""collaborators"":0},""metadata"":null,""created_at"":""2018-09-12T19:12:02Z"",""updated_at"":""2026-06-24T23:01:56Z"",""visibility"":""closed"",""description"":null,""collaborators"":[]}","2026-07-28 00:39:22.992882","242691","photo-hosrf8wvsg","Photo",,"1351","414"
"424","{""id"":1911742,""can"":{""add_to"":false,""update"":false,""destroy"":false,""manage_collaborators"":false},""slug"":""01-replica"",""type"":""Channel"",""owner"":{""id"":420828,""name"":""zara plesuski"",""slug"":""zara-plesuski"",""type"":""User"",""avatar"":null,""initials"":""zp""},""state"":""available"",""title"":""01. replica 𓆣 .ೃ࿔*:･"",""_links"":{""self"":{""href"":""https://api.are.na/v3/channels/01-replica""},""owner"":{""href"":""https://api.are.na/v3/users/zara-plesuski""},""contents"":{""href"":""https://api.are.na/v3/channels/01-replica/contents""},""followers"":{""href"":""https://api.are.na/v3/channels/01-replica/followers""},""connections"":{""href"":""https://api.are.na/v3/channels/01-replica/connections""}},""counts"":{""blocks"":105,""channels"":14,""contents"":119,""collaborators"":0},""metadata"":null,""created_at"":""2022-12-17T03:36:42Z"",""updated_at"":""2026-06-25T22:17:26Z"",""visibility"":""closed"",""description"":null,""collaborators"":[]}","2026-07-28 00:41:29.777603","1911742","01-replica","01. replica 𓆣 .ೃ࿔*:･",,"105","415"
"425","{""id"":1684351,""can"":{""add_to"":false,""update"":false,""destroy"":false,""manage_collaborators"":false},""slug"":""chunky-k5ebmvnjv28"",""type"":""Channel"",""owner"":{""id"":279591,""name"":""ふederico★ \""Roho\"" Yniguez"",""slug"":""ederico-roho-yniguez"",""type"":""User"",""avatar"":""https://static.avatars.are.na/279591/large_fe935219e8fc7d95f23856e67839ccfd.png?1778305131"",""initials"":""ふ\""Y""},""state"":""available"",""title"":""chunky"",""_links"":{""self"":{""href"":""https://api.are.na/v3/channels/chunky-k5ebmvnjv28""},""owner"":{""href"":""https://api.are.na/v3/users/ederico-roho-yniguez""},""contents"":{""href"":""https://api.are.na/v3/channels/chunky-k5ebmvnjv28/contents""},""followers"":{""href"":""https://api.are.na/v3/channels/chunky-k5ebmvnjv28/followers""},""connections"":{""href"":""https://api.are.na/v3/channels/chunky-k5ebmvnjv28/connections""}},""counts"":{""blocks"":96,""channels"":4,""contents"":100,""collaborators"":0},""metadata"":null,""created_at"":""2022-08-03T06:43:31Z"",""updated_at"":""2026-07-26T23:23:18Z"",""visibility"":""closed"",""description"":{""html"":""<p>Direction and inspiration board for Chunks (2022-2024)</p>"",""plain"":""Direction and inspiration board for Chunks (2022-2024)"",""markdown"":""Direction and inspiration board for Chunks (2022-2024)""},""collaborators"":[]}","2026-07-28 00:42:00.152121","1684351","chunky-k5ebmvnjv28","chunky","Direction and inspiration board for Chunks (2022-2024)","96","416"
"426","{""id"":1133412,""can"":{""add_to"":false,""update"":false,""destroy"":false,""manage_collaborators"":false},""slug"":""tercera-dimension"",""type"":""Channel"",""owner"":{""id"":192741,""name"":""Estela A Ortiz"",""slug"":""estela-a-ortiz"",""type"":""User"",""avatar"":""https://static.avatars.are.na/192741/large_1f9301228dfa52e0d6d6a8f0edcc7e49.jpg?1599058317"",""initials"":""EAO""},""state"":""available"",""title"":""tercera dimensión"",""_links"":{""self"":{""href"":""https://api.are.na/v3/channels/tercera-dimension""},""owner"":{""href"":""https://api.are.na/v3/users/estela-a-ortiz""},""contents"":{""href"":""https://api.are.na/v3/channels/tercera-dimension/contents""},""followers"":{""href"":""https://api.are.na/v3/channels/tercera-dimension/followers""},""connections"":{""href"":""https://api.are.na/v3/channels/tercera-dimension/connections""}},""counts"":{""blocks"":63,""channels"":3,""contents"":66,""collaborators"":0},""metadata"":null,""created_at"":""2021-07-06T12:48:29Z"",""updated_at"":""2025-04-12T18:13:10Z"",""visibility"":""closed"",""description"":null,""collaborators"":[]}","2026-07-28 00:42:27.267358","1133412","tercera-dimension","tercera dimensión",,"63","417"
"427","{""id"":4704898,""can"":{""add_to"":false,""update"":false,""destroy"":false,""manage_collaborators"":false},""slug"":""websites-ftjqiqrjzru"",""type"":""Channel"",""owner"":{""id"":1019960,""name"":""michael cahana"",""slug"":""michael-cahana"",""type"":""User"",""avatar"":null,""initials"":""mc""},""state"":""available"",""title"":""websites"",""_links"":{""self"":{""href"":""https://api.are.na/v3/channels/websites-ftjqiqrjzru""},""owner"":{""href"":""https://api.are.na/v3/users/michael-cahana""},""contents"":{""href"":""https://api.are.na/v3/channels/websites-ftjqiqrjzru/contents""},""followers"":{""href"":""https://api.are.na/v3/channels/websites-ftjqiqrjzru/followers""},""connections"":{""href"":""https://api.are.na/v3/channels/websites-ftjqiqrjzru/connections""}},""counts"":{""blocks"":25,""channels"":2,""contents"":27,""collaborators"":0},""metadata"":null,""created_at"":""2026-01-16T03:29:34Z"",""updated_at"":""2026-07-22T17:13:50Z"",""visibility"":""closed"",""description"":null,""collaborators"":[]}","2026-07-28 00:42:52.623441","4704898","websites-ftjqiqrjzru","websites",,"25","418"
"428","{""id"":897370,""can"":{""add_to"":false,""update"":false,""destroy"":false,""manage_collaborators"":false},""slug"":""world-wide-web-70kytconjni"",""type"":""Channel"",""owner"":{""id"":210613,""name"":""Collette  $"",""slug"":""collette"",""type"":""User"",""avatar"":""https://static.avatars.are.na/210613/large_887a95b9d6616280834e23764bdaee6e.png?1638460946"",""initials"":""C$""},""state"":""available"",""title"":""World Wide Web"",""_links"":{""self"":{""href"":""https://api.are.na/v3/channels/world-wide-web-70kytconjni""},""owner"":{""href"":""https://api.are.na/v3/users/collette""},""contents"":{""href"":""https://api.are.na/v3/channels/world-wide-web-70kytconjni/contents""},""followers"":{""href"":""https://api.are.na/v3/channels/world-wide-web-70kytconjni/followers""},""connections"":{""href"":""https://api.are.na/v3/channels/world-wide-web-70kytconjni/connections""}},""counts"":{""blocks"":389,""channels"":19,""contents"":408,""collaborators"":0},""metadata"":null,""created_at"":""2020-12-05T14:13:01Z"",""updated_at"":""2026-06-27T13:26:17Z"",""visibility"":""closed"",""description"":null,""collaborators"":[]}","2026-07-28 00:43:10.569117","897370","world-wide-web-70kytconjni","World Wide Web",,"389","419"
"429","{""id"":52143,""can"":{""add_to"":false,""update"":false,""destroy"":false,""manage_collaborators"":false},""slug"":""websites-t_15eis-zko"",""type"":""Channel"",""owner"":{""id"":10515,""name"":""Paul R. Novak"",""slug"":""paul-r-novak"",""type"":""User"",""avatar"":""https://static.avatars.are.na/10515/large_20657cde5c361e8a9f9f737b64946196.jpg?1663618705"",""initials"":""PRN""},""state"":""available"",""title"":""Websites"",""_links"":{""self"":{""href"":""https://api.are.na/v3/channels/websites-t_15eis-zko""},""owner"":{""href"":""https://api.are.na/v3/users/paul-r-novak""},""contents"":{""href"":""https://api.are.na/v3/channels/websites-t_15eis-zko/contents""},""followers"":{""href"":""https://api.are.na/v3/channels/websites-t_15eis-zko/followers""},""connections"":{""href"":""https://api.are.na/v3/channels/websites-t_15eis-zko/connections""}},""counts"":{""blocks"":705,""channels"":3,""contents"":708,""collaborators"":0},""metadata"":null,""created_at"":""2016-08-19T02:32:27Z"",""updated_at"":""2026-07-21T20:39:53Z"",""visibility"":""closed"",""description"":{""html"":""<p>Nice websites that aren&#39;t portfolio sites.</p>"",""plain"":""Nice websites that aren't portfolio sites."",""markdown"":""Nice websites that aren't portfolio sites.""},""collaborators"":[]}","2026-07-28 00:44:00.114871","52143","websites-t_15eis-zko","Websites","Nice websites that aren't portfolio sites.","705","420"
"431","{""id"":187133,""can"":{""add_to"":false,""update"":false,""destroy"":false,""manage_collaborators"":false},""slug"":""sites-2qate3erque"",""type"":""Channel"",""owner"":{""id"":52295,""name"":""Simone Robert"",""slug"":""simone-robert"",""type"":""User"",""avatar"":null,""initials"":""SR""},""state"":""available"",""title"":""⏣ Sites"",""_links"":{""self"":{""href"":""https://api.are.na/v3/channels/sites-2qate3erque""},""owner"":{""href"":""https://api.are.na/v3/users/simone-robert""},""contents"":{""href"":""https://api.are.na/v3/channels/sites-2qate3erque/contents""},""followers"":{""href"":""https://api.are.na/v3/channels/sites-2qate3erque/followers""},""connections"":{""href"":""https://api.are.na/v3/channels/sites-2qate3erque/connections""}},""counts"":{""blocks"":416,""channels"":14,""contents"":430,""collaborators"":0},""metadata"":null,""created_at"":""2018-04-30T10:24:58Z"",""updated_at"":""2026-06-09T22:01:47Z"",""visibility"":""closed"",""description"":null,""collaborators"":[]}","2026-07-28 00:46:16.899979","187133","sites-2qate3erque","⏣ Sites",,"416","422"
"432","{""id"":513178,""can"":{""add_to"":false,""update"":false,""destroy"":false,""manage_collaborators"":false},""slug"":""_web-interfaces"",""type"":""Channel"",""owner"":{""id"":134426,""name"":""Evgeniy Shtykhov"",""slug"":""evgeniy-shtykhov"",""type"":""User"",""avatar"":null,""initials"":""ES""},""state"":""available"",""title"":""_web+interfaces"",""_links"":{""self"":{""href"":""https://api.are.na/v3/channels/_web-interfaces""},""owner"":{""href"":""https://api.are.na/v3/users/evgeniy-shtykhov""},""contents"":{""href"":""https://api.are.na/v3/channels/_web-interfaces/contents""},""followers"":{""href"":""https://api.are.na/v3/channels/_web-interfaces/followers""},""connections"":{""href"":""https://api.are.na/v3/channels/_web-interfaces/connections""}},""counts"":{""blocks"":22,""channels"":2,""contents"":24,""collaborators"":0},""metadata"":null,""created_at"":""2019-11-04T21:06:13Z"",""updated_at"":""2023-05-16T08:42:56Z"",""visibility"":""closed"",""description"":null,""collaborators"":[]}","2026-07-28 00:47:06.69341","513178","_web-interfaces","_web+interfaces",,"22","423"
"433","{""id"":500801,""can"":{""add_to"":false,""update"":false,""destroy"":false,""manage_collaborators"":false},""slug"":""my-work-hhhwbgg0kfi"",""type"":""Channel"",""owner"":{""id"":1555,""name"":""Gemma Copeland"",""slug"":""gemma-copeland"",""type"":""User"",""avatar"":""https://static.avatars.are.na/1555/large_6319e8b08d4036ec2d2c7b131844b353.jpg?1692046862"",""initials"":""GC""},""state"":""available"",""title"":""My Work"",""_links"":{""self"":{""href"":""https://api.are.na/v3/channels/my-work-hhhwbgg0kfi""},""owner"":{""href"":""https://api.are.na/v3/users/gemma-copeland""},""contents"":{""href"":""https://api.are.na/v3/channels/my-work-hhhwbgg0kfi/contents""},""followers"":{""href"":""https://api.are.na/v3/channels/my-work-hhhwbgg0kfi/followers""},""connections"":{""href"":""https://api.are.na/v3/channels/my-work-hhhwbgg0kfi/connections""}},""counts"":{""blocks"":172,""channels"":0,""contents"":172,""collaborators"":0},""metadata"":null,""created_at"":""2019-10-20T12:19:20Z"",""updated_at"":""2026-04-30T18:20:07Z"",""visibility"":""closed"",""description"":{""html"":""<p>Some of the projects I&#39;ve worked on at <a href=\""https://commonknowledge.coop/\"" target=\""_blank\"" rel=\""nofollow noopener\"">Common Knowledge</a>, <a href=\""http://evening-class.org\"" target=\""_blank\"" rel=\""nofollow noopener\"">Evening Class</a>, <a href=\""http://futurecorp.london\"" target=\""_blank\"" rel=\""nofollow noopener\"">Future Corp</a>, <a href=\""http://vandejong.com\"" target=\""_blank\"" rel=\""nofollow noopener\"">Vandejong</a> and <a href=\""http://lust.nl\"" target=\""_blank\"" rel=\""nofollow noopener\"">LUST</a></p>"",""plain"":""Some of the projects I've worked on at Common Knowledge (https://commonknowledge.coop/), Evening Class (http://evening-class.org), Future Corp (http://futurecorp.london), Vandejong (http://vandejong.com) and LUST (http://lust.nl)"",""markdown"":""Some of the projects I've worked on at [Common Knowledge](https://commonknowledge.coop/), [Evening Class](http://evening-class.org), [Future Corp](http://futurecorp.london), [Vandejong](http://vandejong.com) and [LUST](http://lust.nl)""},""collaborators"":[]}","2026-07-28 00:47:26.937915","500801","my-work-hhhwbgg0kfi","My Work","Some of the projects I've worked on at Common Knowledge (https://commonknowledge.coop/), Evening Class (http://evening-class.org), Future Corp (http://futurecorp.london), Vandejong (http://vandejong.com) and LUST (http://lust.nl)","172","424"
"434","{""id"":3613582,""can"":{""add_to"":false,""update"":false,""destroy"":false,""manage_collaborators"":false},""slug"":""collection-1-xckl-4ckdkm"",""type"":""Channel"",""owner"":{""id"":687716,""name"":""Em L"",""slug"":""em-l-fgd8nnshhuq"",""type"":""User"",""avatar"":""https://static.avatars.are.na/687716/large_6b392e70e26488bfe8c6dea5339304d0.jpg?1741439618"",""initials"":""EL""},""state"":""available"",""title"":""Collection #1"",""_links"":{""self"":{""href"":""https://api.are.na/v3/channels/collection-1-xckl-4ckdkm""},""owner"":{""href"":""https://api.are.na/v3/users/em-l-fgd8nnshhuq""},""contents"":{""href"":""https://api.are.na/v3/channels/collection-1-xckl-4ckdkm/contents""},""followers"":{""href"":""https://api.are.na/v3/channels/collection-1-xckl-4ckdkm/followers""},""connections"":{""href"":""https://api.are.na/v3/channels/collection-1-xckl-4ckdkm/connections""}},""counts"":{""blocks"":50,""channels"":6,""contents"":56,""collaborators"":0},""metadata"":null,""created_at"":""2025-03-03T02:24:19Z"",""updated_at"":""2026-02-03T01:30:32Z"",""visibility"":""closed"",""description"":{""html"":""<p>Not sure where these go yet</p>"",""plain"":""Not sure where these go yet"",""markdown"":""Not sure where these go yet""},""collaborators"":[]}","2026-07-28 00:47:54.759231","3613582","collection-1-xckl-4ckdkm","Collection #1","Not sure where these go yet","50","425"
"435","{""id"":3327790,""can"":{""add_to"":false,""update"":false,""destroy"":false,""manage_collaborators"":false},""slug"":""climate-hfub3l_gv5e"",""type"":""Channel"",""owner"":{""id"":814685,""name"":""Surbhi Chawla"",""slug"":""surbhi-chawla-4yn6iijgtsm"",""type"":""User"",""avatar"":null,""initials"":""SC""},""state"":""available"",""title"":""Climate"",""_links"":{""self"":{""href"":""https://api.are.na/v3/channels/climate-hfub3l_gv5e""},""owner"":{""href"":""https://api.are.na/v3/users/surbhi-chawla-4yn6iijgtsm""},""contents"":{""href"":""https://api.are.na/v3/channels/climate-hfub3l_gv5e/contents""},""followers"":{""href"":""https://api.are.na/v3/channels/climate-hfub3l_gv5e/followers""},""connections"":{""href"":""https://api.are.na/v3/channels/climate-hfub3l_gv5e/connections""}},""counts"":{""blocks"":25,""channels"":1,""contents"":26,""collaborators"":0},""metadata"":null,""created_at"":""2024-11-15T20:17:22Z"",""updated_at"":""2025-06-26T15:09:38Z"",""visibility"":""closed"",""description"":null,""collaborators"":[]}","2026-07-28 00:48:15.865163","3327790","climate-hfub3l_gv5e","Climate",,"25","426"
"436","{""id"":3251419,""can"":{""add_to"":false,""update"":false,""destroy"":false,""manage_collaborators"":false},""slug"":""read-yzl1fyzdkym"",""type"":""Channel"",""owner"":{""id"":788622,""name"":""ray ahlin"",""slug"":""ray-ahlin-u2joy6_dzje"",""type"":""User"",""avatar"":null,""initials"":""ra""},""state"":""available"",""title"":""read"",""_links"":{""self"":{""href"":""https://api.are.na/v3/channels/read-yzl1fyzdkym""},""owner"":{""href"":""https://api.are.na/v3/users/ray-ahlin-u2joy6_dzje""},""contents"":{""href"":""https://api.are.na/v3/channels/read-yzl1fyzdkym/contents""},""followers"":{""href"":""https://api.are.na/v3/channels/read-yzl1fyzdkym/followers""},""connections"":{""href"":""https://api.are.na/v3/channels/read-yzl1fyzdkym/connections""}},""counts"":{""blocks"":24,""channels"":0,""contents"":24,""collaborators"":0},""metadata"":null,""created_at"":""2024-10-18T22:21:47Z"",""updated_at"":""2024-11-07T11:45:40Z"",""visibility"":""closed"",""description"":null,""collaborators"":[]}","2026-07-28 00:48:32.534017","3251419","read-yzl1fyzdkym","read",,"24","427"
"437","{""id"":1691564,""can"":{""add_to"":false,""update"":false,""destroy"":false,""manage_collaborators"":false},""slug"":""earth-bmatr_n91uk"",""type"":""Channel"",""owner"":{""id"":401304,""name"":""Heaven Cult"",""slug"":""heaven-cult"",""type"":""User"",""avatar"":null,""initials"":""HC""},""state"":""available"",""title"":""earth"",""_links"":{""self"":{""href"":""https://api.are.na/v3/channels/earth-bmatr_n91uk""},""owner"":{""href"":""https://api.are.na/v3/users/heaven-cult""},""contents"":{""href"":""https://api.are.na/v3/channels/earth-bmatr_n91uk/contents""},""followers"":{""href"":""https://api.are.na/v3/channels/earth-bmatr_n91uk/followers""},""connections"":{""href"":""https://api.are.na/v3/channels/earth-bmatr_n91uk/connections""}},""counts"":{""blocks"":162,""channels"":20,""contents"":182,""collaborators"":0},""metadata"":null,""created_at"":""2022-08-08T19:06:51Z"",""updated_at"":""2026-07-04T04:03:49Z"",""visibility"":""closed"",""description"":null,""collaborators"":[]}","2026-07-28 00:48:51.373811","1691564","earth-bmatr_n91uk","earth",,"162","428"
"438","{""id"":2352292,""can"":{""add_to"":false,""update"":false,""destroy"":false,""manage_collaborators"":false},""slug"":""kopriva"",""type"":""Channel"",""owner"":{""id"":401304,""name"":""Heaven Cult"",""slug"":""heaven-cult"",""type"":""User"",""avatar"":null,""initials"":""HC""},""state"":""available"",""title"":""KOPRiVA"",""_links"":{""self"":{""href"":""https://api.are.na/v3/channels/kopriva""},""owner"":{""href"":""https://api.are.na/v3/users/heaven-cult""},""contents"":{""href"":""https://api.are.na/v3/channels/kopriva/contents""},""followers"":{""href"":""https://api.are.na/v3/channels/kopriva/followers""},""connections"":{""href"":""https://api.are.na/v3/channels/kopriva/connections""}},""counts"":{""blocks"":21,""channels"":2,""contents"":23,""collaborators"":0},""metadata"":null,""created_at"":""2023-09-03T01:00:58Z"",""updated_at"":""2024-02-14T13:59:21Z"",""visibility"":""closed"",""description"":null,""collaborators"":[]}","2026-07-28 00:49:22.640015","2352292","kopriva","KOPRiVA",,"21","428"
"439","{""id"":1361672,""can"":{""add_to"":false,""update"":false,""destroy"":false,""manage_collaborators"":false},""slug"":""good-lookin-websites"",""type"":""Channel"",""owner"":{""id"":211296,""name"":""k g-t"",""slug"":""k-g-t"",""type"":""User"",""avatar"":null,""initials"":""kg""},""state"":""available"",""title"":""good lookin websites"",""_links"":{""self"":{""href"":""https://api.are.na/v3/channels/good-lookin-websites""},""owner"":{""href"":""https://api.are.na/v3/users/k-g-t""},""contents"":{""href"":""https://api.are.na/v3/channels/good-lookin-websites/contents""},""followers"":{""href"":""https://api.are.na/v3/channels/good-lookin-websites/followers""},""connections"":{""href"":""https://api.are.na/v3/channels/good-lookin-websites/connections""}},""counts"":{""blocks"":151,""channels"":2,""contents"":153,""collaborators"":0},""metadata"":null,""created_at"":""2022-01-02T03:27:20Z"",""updated_at"":""2026-07-27T08:51:48Z"",""visibility"":""closed"",""description"":null,""collaborators"":[]}","2026-07-28 00:49:41.08511","1361672","good-lookin-websites","good lookin websites",,"151","430"
"440","{""id"":2410393,""can"":{""add_to"":false,""update"":false,""destroy"":false,""manage_collaborators"":false},""slug"":""digital-diasporic-directory"",""type"":""Channel"",""owner"":{""id"":319599,""name"":""Hugo Gonzalez"",""slug"":""hugo-gonzalez"",""type"":""User"",""avatar"":""https://static.avatars.are.na/319599/large_f58724fec43bfd6195635cdceaaeca66.gif?1680237289"",""initials"":""HG""},""state"":""available"",""title"":""Digital Diasporic Directory"",""_links"":{""self"":{""href"":""https://api.are.na/v3/channels/digital-diasporic-directory""},""owner"":{""href"":""https://api.are.na/v3/users/hugo-gonzalez""},""contents"":{""href"":""https://api.are.na/v3/channels/digital-diasporic-directory/contents""},""followers"":{""href"":""https://api.are.na/v3/channels/digital-diasporic-directory/followers""},""connections"":{""href"":""https://api.are.na/v3/channels/digital-diasporic-directory/connections""}},""counts"":{""blocks"":75,""channels"":11,""contents"":86,""collaborators"":0},""metadata"":null,""created_at"":""2023-10-03T16:01:41Z"",""updated_at"":""2026-03-04T01:00:21Z"",""visibility"":""closed"",""description"":{""html"":""<p>Helping me brainstorm for this interactive community based archive</p>"",""plain"":""Helping me brainstorm for this interactive community based archive"",""markdown"":""Helping me brainstorm for this interactive community based archive""},""collaborators"":[]}","2026-07-28 00:50:07.979392","2410393","digital-diasporic-directory","Digital Diasporic Directory","Helping me brainstorm for this interactive community based archive","75","431"
"441","{""id"":2392331,""can"":{""add_to"":false,""update"":false,""destroy"":false,""manage_collaborators"":false},""slug"":""practices-trpctve7oks"",""type"":""Channel"",""owner"":{""id"":1555,""name"":""Gemma Copeland"",""slug"":""gemma-copeland"",""type"":""User"",""avatar"":""https://static.avatars.are.na/1555/large_6319e8b08d4036ec2d2c7b131844b353.jpg?1692046862"",""initials"":""GC""},""state"":""available"",""title"":""Practices"",""_links"":{""self"":{""href"":""https://api.are.na/v3/channels/practices-trpctve7oks""},""owner"":{""href"":""https://api.are.na/v3/users/gemma-copeland""},""contents"":{""href"":""https://api.are.na/v3/channels/practices-trpctve7oks/contents""},""followers"":{""href"":""https://api.are.na/v3/channels/practices-trpctve7oks/followers""},""connections"":{""href"":""https://api.are.na/v3/channels/practices-trpctve7oks/connections""}},""counts"":{""blocks"":24,""channels"":0,""contents"":24,""collaborators"":0},""metadata"":null,""created_at"":""2023-09-24T15:15:12Z"",""updated_at"":""2025-07-20T17:20:08Z"",""visibility"":""closed"",""description"":{""html"":""<p>Design (-adjacent) practices that are modelling new ways of working.</p>"",""plain"":""Design (-adjacent) practices that are modelling new ways of working."",""markdown"":""Design (-adjacent) practices that are modelling new ways of working.""},""collaborators"":[]}","2026-07-28 00:50:30.123199","2392331","practices-trpctve7oks","Practices","Design (-adjacent) practices that are modelling new ways of working.","24","424"
"442","{""id"":1381694,""can"":{""add_to"":false,""update"":false,""destroy"":false,""manage_collaborators"":false},""slug"":""digital-uy0in5knfqw"",""type"":""Channel"",""owner"":{""id"":297615,""name"":""Jorge Garcia Redondo"",""slug"":""jorge-garcia-redondo"",""type"":""User"",""avatar"":""https://static.avatars.are.na/297615/large_37fa31f33732d7e9d9208bc8ede7d7aa.jpg?1679905853"",""initials"":""JGR""},""state"":""available"",""title"":""Digital"",""_links"":{""self"":{""href"":""https://api.are.na/v3/channels/digital-uy0in5knfqw""},""owner"":{""href"":""https://api.are.na/v3/users/jorge-garcia-redondo""},""contents"":{""href"":""https://api.are.na/v3/channels/digital-uy0in5knfqw/contents""},""followers"":{""href"":""https://api.are.na/v3/channels/digital-uy0in5knfqw/followers""},""connections"":{""href"":""https://api.are.na/v3/channels/digital-uy0in5knfqw/connections""}},""counts"":{""blocks"":71,""channels"":2,""contents"":73,""collaborators"":0},""metadata"":null,""created_at"":""2022-01-14T15:45:37Z"",""updated_at"":""2026-04-13T11:08:30Z"",""visibility"":""closed"",""description"":null,""collaborators"":[]}","2026-07-28 00:50:46.793911","1381694","digital-uy0in5knfqw","Digital",,"71","433"
"443","{""id"":204537,""can"":{""add_to"":false,""update"":false,""destroy"":false,""manage_collaborators"":false},""slug"":""interesting-1528692535"",""type"":""Channel"",""owner"":{""id"":17452,""name"":""Hope Lumsden-Barry"",""slug"":""hope-lumsden-barry"",""type"":""User"",""avatar"":null,""initials"":""HL""},""state"":""available"",""title"":""interesting!"",""_links"":{""self"":{""href"":""https://api.are.na/v3/channels/interesting-1528692535""},""owner"":{""href"":""https://api.are.na/v3/users/hope-lumsden-barry""},""contents"":{""href"":""https://api.are.na/v3/channels/interesting-1528692535/contents""},""followers"":{""href"":""https://api.are.na/v3/channels/interesting-1528692535/followers""},""connections"":{""href"":""https://api.are.na/v3/channels/interesting-1528692535/connections""}},""counts"":{""blocks"":202,""channels"":7,""contents"":209,""collaborators"":0},""metadata"":null,""created_at"":""2018-06-11T04:48:55Z"",""updated_at"":""2026-07-20T02:18:00Z"",""visibility"":""closed"",""description"":null,""collaborators"":[]}","2026-07-28 00:51:13.135517","204537","interesting-1528692535","interesting!",,"202","434"
"444","{""id"":399854,""can"":{""add_to"":false,""update"":false,""destroy"":false,""manage_collaborators"":false},""slug"":""webz-w0cw8rryeba"",""type"":""Channel"",""owner"":{""id"":108727,""name"":""anastasia k"",""slug"":""anastasia-k-z868ly8ewbe"",""type"":""User"",""avatar"":""https://static.avatars.are.na/108727/large_57ec8c6057157f5c5bf978fdb3260556.png?1729146884"",""initials"":""ak""},""state"":""available"",""title"":""webz"",""_links"":{""self"":{""href"":""https://api.are.na/v3/channels/webz-w0cw8rryeba""},""owner"":{""href"":""https://api.are.na/v3/users/anastasia-k-z868ly8ewbe""},""contents"":{""href"":""https://api.are.na/v3/channels/webz-w0cw8rryeba/contents""},""followers"":{""href"":""https://api.are.na/v3/channels/webz-w0cw8rryeba/followers""},""connections"":{""href"":""https://api.are.na/v3/channels/webz-w0cw8rryeba/connections""}},""counts"":{""blocks"":1198,""channels"":48,""contents"":1246,""collaborators"":0},""metadata"":null,""created_at"":""2019-05-10T21:02:02Z"",""updated_at"":""2026-07-10T06:22:37Z"",""visibility"":""closed"",""description"":null,""collaborators"":[]}","2026-07-28 00:51:48.054221","399854","webz-w0cw8rryeba","webz",,"1198","435"
"445","{""id"":883344,""can"":{""add_to"":false,""update"":false,""destroy"":false,""manage_collaborators"":false},""slug"":""websites-c8_54ukoa7m"",""type"":""Channel"",""owner"":{""id"":123906,""name"":""Van Newman"",""slug"":""van-newman"",""type"":""User"",""avatar"":""https://static.avatars.are.na/123906/large_bc6bd8acff9dea1f2238470eb37b9e95.jpg?1732205829"",""initials"":""VN""},""state"":""available"",""title"":""websites"",""_links"":{""self"":{""href"":""https://api.are.na/v3/channels/websites-c8_54ukoa7m""},""owner"":{""href"":""https://api.are.na/v3/users/van-newman""},""contents"":{""href"":""https://api.are.na/v3/channels/websites-c8_54ukoa7m/contents""},""followers"":{""href"":""https://api.are.na/v3/channels/websites-c8_54ukoa7m/followers""},""connections"":{""href"":""https://api.are.na/v3/channels/websites-c8_54ukoa7m/connections""}},""counts"":{""blocks"":43,""channels"":0,""contents"":43,""collaborators"":0},""metadata"":null,""created_at"":""2020-11-22T13:27:15Z"",""updated_at"":""2025-05-21T22:49:09Z"",""visibility"":""closed"",""description"":null,""collaborators"":[]}","2026-07-28 00:54:10.579607","883344","websites-c8_54ukoa7m","websites",,"43","436"
"446","{""id"":1659403,""can"":{""add_to"":false,""update"":false,""destroy"":false,""manage_collaborators"":false},""slug"":""fremtenkt"",""type"":""Channel"",""owner"":{""id"":336990,""name"":""Sveinung Sundfør Sivertsen"",""slug"":""sveinung-sundfor-sivertsen"",""type"":""User"",""avatar"":null,""initials"":""SSS""},""state"":""available"",""title"":""Fremtenkt"",""_links"":{""self"":{""href"":""https://api.are.na/v3/channels/fremtenkt""},""owner"":{""href"":""https://api.are.na/v3/users/sveinung-sundfor-sivertsen""},""contents"":{""href"":""https://api.are.na/v3/channels/fremtenkt/contents""},""followers"":{""href"":""https://api.are.na/v3/channels/fremtenkt/followers""},""connections"":{""href"":""https://api.are.na/v3/channels/fremtenkt/connections""}},""counts"":{""blocks"":459,""channels"":7,""contents"":466,""collaborators"":0},""metadata"":null,""created_at"":""2022-07-17T19:47:42Z"",""updated_at"":""2026-07-04T20:28:51Z"",""visibility"":""closed"",""description"":{""html"":""<p>Diverse med relevans for Fremtenkt (fremtenkt.no)</p>"",""plain"":""Diverse med relevans for Fremtenkt (fremtenkt.no)"",""markdown"":""Diverse med relevans for Fremtenkt (fremtenkt.no)""},""collaborators"":[]}","2026-07-28 00:54:30.152203","1659403","fremtenkt","Fremtenkt","Diverse med relevans for Fremtenkt (fremtenkt.no)","459","437"
"447","{""id"":2445455,""can"":{""add_to"":false,""update"":false,""destroy"":false,""manage_collaborators"":false},""slug"":""vision-board-snvaphwfwcw"",""type"":""Channel"",""owner"":{""id"":377397,""name"":""Tania Peraio"",""slug"":""tania-peraio"",""type"":""User"",""avatar"":""https://static.avatars.are.na/377397/large_cb1a367e81cdd1e5e346ca7bcdc2d76a.png?1708165714"",""initials"":""TP""},""state"":""available"",""title"":""Vision board"",""_links"":{""self"":{""href"":""https://api.are.na/v3/channels/vision-board-snvaphwfwcw""},""owner"":{""href"":""https://api.are.na/v3/users/tania-peraio""},""contents"":{""href"":""https://api.are.na/v3/channels/vision-board-snvaphwfwcw/contents""},""followers"":{""href"":""https://api.are.na/v3/channels/vision-board-snvaphwfwcw/followers""},""connections"":{""href"":""https://api.are.na/v3/channels/vision-board-snvaphwfwcw/connections""}},""counts"":{""blocks"":107,""channels"":2,""contents"":109,""collaborators"":0},""metadata"":null,""created_at"":""2023-10-19T14:58:17Z"",""updated_at"":""2025-12-16T18:53:14Z"",""visibility"":""closed"",""description"":null,""collaborators"":[]}","2026-07-28 00:55:21.499149","2445455","vision-board-snvaphwfwcw","Vision board",,"107","438"
"448","{""id"":2420478,""can"":{""add_to"":false,""update"":false,""destroy"":false,""manage_collaborators"":false},""slug"":""envi-oyfyge53xr0"",""type"":""Channel"",""owner"":{""id"":184286,""name"":""fiyel aquino"",""slug"":""fiyel-aquino"",""type"":""User"",""avatar"":""https://static.avatars.are.na/184286/large_b7e54b550f232c8dc6e0488c7c6006c5.png?1657440491"",""initials"":""fa""},""state"":""available"",""title"":""envi"",""_links"":{""self"":{""href"":""https://api.are.na/v3/channels/envi-oyfyge53xr0""},""owner"":{""href"":""https://api.are.na/v3/users/fiyel-aquino""},""contents"":{""href"":""https://api.are.na/v3/channels/envi-oyfyge53xr0/contents""},""followers"":{""href"":""https://api.are.na/v3/channels/envi-oyfyge53xr0/followers""},""connections"":{""href"":""https://api.are.na/v3/channels/envi-oyfyge53xr0/connections""}},""counts"":{""blocks"":25,""channels"":18,""contents"":43,""collaborators"":0},""metadata"":null,""created_at"":""2023-10-09T09:39:49Z"",""updated_at"":""2026-02-20T05:01:51Z"",""visibility"":""closed"",""description"":null,""collaborators"":[]}","2026-07-28 00:55:52.077761","2420478","envi-oyfyge53xr0","envi",,"25","439"
"449","{""id"":838770,""can"":{""add_to"":false,""update"":false,""destroy"":false,""manage_collaborators"":false},""slug"":""more-than-human-design-g6yaxqz2cf4"",""type"":""Channel"",""owner"":{""id"":176829,""name"":""chakra ꩜"",""slug"":""chakra"",""type"":""User"",""avatar"":""https://static.avatars.are.na/176829/large_7c461b3fe4a5cb118ab006b0c8d2e250.jpg?1615793551"",""initials"":""c꩜""},""state"":""available"",""title"":""✿ more-than-human design"",""_links"":{""self"":{""href"":""https://api.are.na/v3/channels/more-than-human-design-g6yaxqz2cf4""},""owner"":{""href"":""https://api.are.na/v3/users/chakra""},""contents"":{""href"":""https://api.are.na/v3/channels/more-than-human-design-g6yaxqz2cf4/contents""},""followers"":{""href"":""https://api.are.na/v3/channels/more-than-human-design-g6yaxqz2cf4/followers""},""connections"":{""href"":""https://api.are.na/v3/channels/more-than-human-design-g6yaxqz2cf4/connections""}},""counts"":{""blocks"":220,""channels"":3,""contents"":223,""collaborators"":0},""metadata"":null,""created_at"":""2020-10-11T21:06:56Z"",""updated_at"":""2026-07-27T20:54:06Z"",""visibility"":""public"",""description"":{""html"":""<p>designing for a circular, human &amp; more-than-human/life-centered future: designing responsibly for the individual, community, and planetary</p>"",""plain"":""designing for a circular, human & more-than-human/life-centered future: designing responsibly for the individual, community, and planetary"",""markdown"":""designing for a circular, human & more-than-human/life-centered future: designing responsibly for the individual, community, and planetary""},""collaborators"":[]}","2026-07-28 00:56:11.250545","838770","more-than-human-design-g6yaxqz2cf4","✿ more-than-human design","designing for a circular, human & more-than-human/life-centered future: designing responsibly for the individual, community, and planetary","220","440"
"451","{""id"":5319184,""can"":{""add_to"":false,""update"":false,""destroy"":false,""manage_collaborators"":false},""slug"":""www-sqs-xw3tfzs"",""type"":""Channel"",""owner"":{""id"":536588,""name"":""Leander Lorenzo"",""slug"":""leander-lorenzo"",""type"":""User"",""avatar"":null,""initials"":""LL""},""state"":""available"",""title"":""www"",""_links"":{""self"":{""href"":""https://api.are.na/v3/channels/www-sqs-xw3tfzs""},""owner"":{""href"":""https://api.are.na/v3/users/leander-lorenzo""},""contents"":{""href"":""https://api.are.na/v3/channels/www-sqs-xw3tfzs/contents""},""followers"":{""href"":""https://api.are.na/v3/channels/www-sqs-xw3tfzs/followers""},""connections"":{""href"":""https://api.are.na/v3/channels/www-sqs-xw3tfzs/connections""}},""counts"":{""blocks"":833,""channels"":18,""contents"":851,""collaborators"":0},""metadata"":null,""created_at"":""2026-06-16T09:24:57Z"",""updated_at"":""2026-07-27T20:24:42Z"",""visibility"":""closed"",""description"":null,""collaborators"":[]}","2026-07-28 00:57:06.357981","5319184","www-sqs-xw3tfzs","www",,"833","442"
"452","{""id"":2519151,""can"":{""add_to"":false,""update"":false,""destroy"":false,""manage_collaborators"":false},""slug"":""identity-crisis-0_hocpd0ho8"",""type"":""Channel"",""owner"":{""id"":456019,""name"":""Miska M"",""slug"":""miska-m"",""type"":""User"",""avatar"":null,""initials"":""MM""},""state"":""available"",""title"":""Identity crisis"",""_links"":{""self"":{""href"":""https://api.are.na/v3/channels/identity-crisis-0_hocpd0ho8""},""owner"":{""href"":""https://api.are.na/v3/users/miska-m""},""contents"":{""href"":""https://api.are.na/v3/channels/identity-crisis-0_hocpd0ho8/contents""},""followers"":{""href"":""https://api.are.na/v3/channels/identity-crisis-0_hocpd0ho8/followers""},""connections"":{""href"":""https://api.are.na/v3/channels/identity-crisis-0_hocpd0ho8/connections""}},""counts"":{""blocks"":438,""channels"":3,""contents"":441,""collaborators"":0},""metadata"":null,""created_at"":""2023-11-27T11:00:23Z"",""updated_at"":""2026-06-30T10:18:20Z"",""visibility"":""closed"",""description"":{""html"":""<p>category unknown</p>"",""plain"":""category unknown"",""markdown"":""category unknown""},""collaborators"":[]}","2026-07-28 00:58:32.154245","2519151","identity-crisis-0_hocpd0ho8","Identity crisis","category unknown","438","443"
"453","{""id"":2668168,""can"":{""add_to"":false,""update"":false,""destroy"":false,""manage_collaborators"":false},""slug"":""web-jtqt98bn-4g"",""type"":""Channel"",""owner"":{""id"":590233,""name"":""Alejandro Seva "",""slug"":""alejandro-seva"",""type"":""User"",""avatar"":null,""initials"":""AS""},""state"":""available"",""title"":""web"",""_links"":{""self"":{""href"":""https://api.are.na/v3/channels/web-jtqt98bn-4g""},""owner"":{""href"":""https://api.are.na/v3/users/alejandro-seva""},""contents"":{""href"":""https://api.are.na/v3/channels/web-jtqt98bn-4g/contents""},""followers"":{""href"":""https://api.are.na/v3/channels/web-jtqt98bn-4g/followers""},""connections"":{""href"":""https://api.are.na/v3/channels/web-jtqt98bn-4g/connections""}},""counts"":{""blocks"":94,""channels"":22,""contents"":116,""collaborators"":0},""metadata"":null,""created_at"":""2024-02-10T18:18:21Z"",""updated_at"":""2026-07-27T10:59:29Z"",""visibility"":""closed"",""description"":null,""collaborators"":[]}","2026-07-28 00:59:26.159297","2668168","web-jtqt98bn-4g","web",,"94","444"
"454","{""id"":3473385,""can"":{""add_to"":false,""update"":false,""destroy"":false,""manage_collaborators"":false},""slug"":""to-investigate-xy0xp-vh3iq"",""type"":""Channel"",""owner"":{""id"":857855,""name"":""clay dragons"",""slug"":""clay-dragons"",""type"":""User"",""avatar"":null,""initials"":""cd""},""state"":""available"",""title"":""to investigate"",""_links"":{""self"":{""href"":""https://api.are.na/v3/channels/to-investigate-xy0xp-vh3iq""},""owner"":{""href"":""https://api.are.na/v3/users/clay-dragons""},""contents"":{""href"":""https://api.are.na/v3/channels/to-investigate-xy0xp-vh3iq/contents""},""followers"":{""href"":""https://api.are.na/v3/channels/to-investigate-xy0xp-vh3iq/followers""},""connections"":{""href"":""https://api.are.na/v3/channels/to-investigate-xy0xp-vh3iq/connections""}},""counts"":{""blocks"":23,""channels"":0,""contents"":23,""collaborators"":0},""metadata"":null,""created_at"":""2025-01-16T03:07:24Z"",""updated_at"":""2025-05-09T14:47:55Z"",""visibility"":""closed"",""description"":null,""collaborators"":[]}","2026-07-28 00:59:50.354568","3473385","to-investigate-xy0xp-vh3iq","to investigate",,"23","445"
"455","{""id"":1928456,""can"":{""add_to"":false,""update"":false,""destroy"":false,""manage_collaborators"":false},""slug"":""nice-dsgn"",""type"":""Channel"",""owner"":{""id"":253907,""name"":""Daniel Ferro"",""slug"":""daniel-ferro"",""type"":""User"",""avatar"":null,""initials"":""DF""},""state"":""available"",""title"":""NICE DSGN"",""_links"":{""self"":{""href"":""https://api.are.na/v3/channels/nice-dsgn""},""owner"":{""href"":""https://api.are.na/v3/users/daniel-ferro""},""contents"":{""href"":""https://api.are.na/v3/channels/nice-dsgn/contents""},""followers"":{""href"":""https://api.are.na/v3/channels/nice-dsgn/followers""},""connections"":{""href"":""https://api.are.na/v3/channels/nice-dsgn/connections""}},""counts"":{""blocks"":96,""channels"":12,""contents"":108,""collaborators"":0},""metadata"":null,""created_at"":""2022-12-31T18:15:39Z"",""updated_at"":""2026-03-24T10:04:32Z"",""visibility"":""closed"",""description"":null,""collaborators"":[]}","2026-07-28 01:00:18.772717","1928456","nice-dsgn","NICE DSGN",,"96","446"
"457","{""id"":1580475,""can"":{""add_to"":false,""update"":false,""destroy"":false,""manage_collaborators"":false},""slug"":""eiiabcw-ynk"",""type"":""Channel"",""owner"":{""id"":206862,""name"":""1m o"",""slug"":""1m-o"",""type"":""User"",""avatar"":""https://static.avatars.are.na/206862/large_27f9cfe71ea861183a95c7f34514d85d.png?1645004444"",""initials"":""1o""},""state"":""available"",""title"":""目标是存活💸🥷"",""_links"":{""self"":{""href"":""https://api.are.na/v3/channels/eiiabcw-ynk""},""owner"":{""href"":""https://api.are.na/v3/users/1m-o""},""contents"":{""href"":""https://api.are.na/v3/channels/eiiabcw-ynk/contents""},""followers"":{""href"":""https://api.are.na/v3/channels/eiiabcw-ynk/followers""},""connections"":{""href"":""https://api.are.na/v3/channels/eiiabcw-ynk/connections""}},""counts"":{""blocks"":795,""channels"":16,""contents"":811,""collaborators"":0},""metadata"":null,""created_at"":""2022-05-19T07:12:05Z"",""updated_at"":""2026-07-13T20:50:16Z"",""visibility"":""closed"",""description"":null,""collaborators"":[]}","2026-07-28 01:01:27.540113","1580475","eiiabcw-ynk","目标是存活💸🥷",,"795","448"
"458","{""id"":2833330,""can"":{""add_to"":false,""update"":false,""destroy"":false,""manage_collaborators"":false},""slug"":""ref-www-fflhbtomyii"",""type"":""Channel"",""owner"":{""id"":221580,""name"":""Alana Santiago"",""slug"":""alana-santiago"",""type"":""User"",""avatar"":null,""initials"":""AS""},""state"":""available"",""title"":""REF – WWW"",""_links"":{""self"":{""href"":""https://api.are.na/v3/channels/ref-www-fflhbtomyii""},""owner"":{""href"":""https://api.are.na/v3/users/alana-santiago""},""contents"":{""href"":""https://api.are.na/v3/channels/ref-www-fflhbtomyii/contents""},""followers"":{""href"":""https://api.are.na/v3/channels/ref-www-fflhbtomyii/followers""},""connections"":{""href"":""https://api.are.na/v3/channels/ref-www-fflhbtomyii/connections""}},""counts"":{""blocks"":27,""channels"":2,""contents"":29,""collaborators"":0},""metadata"":null,""created_at"":""2024-04-25T16:47:53Z"",""updated_at"":""2026-03-19T18:23:50Z"",""visibility"":""closed"",""description"":null,""collaborators"":[]}","2026-07-28 01:02:57.162696","2833330","ref-www-fflhbtomyii","REF – WWW",,"27","449"
"459","{""id"":1046699,""can"":{""add_to"":false,""update"":false,""destroy"":false,""manage_collaborators"":false},""slug"":""sexy-product-design"",""type"":""Channel"",""owner"":{""id"":106284,""name"":""Ekaterina Dolgikh"",""slug"":""ekaterina-dolgikh"",""type"":""User"",""avatar"":""https://static.avatars.are.na/106284/large_efeeacf3ec270ce6aff8add6a09644f4.jpg?1608397720"",""initials"":""ED""},""state"":""available"",""title"":""sexy product design"",""_links"":{""self"":{""href"":""https://api.are.na/v3/channels/sexy-product-design""},""owner"":{""href"":""https://api.are.na/v3/users/ekaterina-dolgikh""},""contents"":{""href"":""https://api.are.na/v3/channels/sexy-product-design/contents""},""followers"":{""href"":""https://api.are.na/v3/channels/sexy-product-design/followers""},""connections"":{""href"":""https://api.are.na/v3/channels/sexy-product-design/connections""}},""counts"":{""blocks"":654,""channels"":20,""contents"":674,""collaborators"":0},""metadata"":null,""created_at"":""2021-04-09T09:43:26Z"",""updated_at"":""2026-07-17T17:09:08Z"",""visibility"":""closed"",""description"":null,""collaborators"":[]}","2026-07-28 01:03:17.34207","1046699","sexy-product-design","sexy product design",,"654","450"
"460","{""id"":824548,""can"":{""add_to"":false,""update"":false,""destroy"":false,""manage_collaborators"":false},""slug"":""digital-a-website"",""type"":""Channel"",""owner"":{""id"":116577,""name"":""Melina Sweet"",""slug"":""melina-sweet"",""type"":""User"",""avatar"":""https://static.avatars.are.na/116577/large_b2105e009b5f2e7d6bcba9b65d8d36a2.png?1711416540"",""initials"":""MS""},""state"":""available"",""title"":""digital, a website"",""_links"":{""self"":{""href"":""https://api.are.na/v3/channels/digital-a-website""},""owner"":{""href"":""https://api.are.na/v3/users/melina-sweet""},""contents"":{""href"":""https://api.are.na/v3/channels/digital-a-website/contents""},""followers"":{""href"":""https://api.are.na/v3/channels/digital-a-website/followers""},""connections"":{""href"":""https://api.are.na/v3/channels/digital-a-website/connections""}},""counts"":{""blocks"":119,""channels"":8,""contents"":127,""collaborators"":0},""metadata"":null,""created_at"":""2020-09-29T05:34:30Z"",""updated_at"":""2026-06-16T23:56:42Z"",""visibility"":""closed"",""description"":null,""collaborators"":[]}","2026-07-28 01:04:30.827353","824548","digital-a-website","digital, a website",,"119","451"
"462","{""id"":354389,""can"":{""add_to"":false,""update"":false,""destroy"":false,""manage_collaborators"":false},""slug"":""digital-html"",""type"":""Channel"",""owner"":{""id"":77678,""name"":""Yejee Pae"",""slug"":""yejee-pae"",""type"":""User"",""avatar"":""https://static.avatars.are.na/77678/large_3a19862a76325f4c7b465be5e6ea0f86.jpg?1600893613"",""initials"":""YP""},""state"":""available"",""title"":""digital.html"",""_links"":{""self"":{""href"":""https://api.are.na/v3/channels/digital-html""},""owner"":{""href"":""https://api.are.na/v3/users/yejee-pae""},""contents"":{""href"":""https://api.are.na/v3/channels/digital-html/contents""},""followers"":{""href"":""https://api.are.na/v3/channels/digital-html/followers""},""connections"":{""href"":""https://api.are.na/v3/channels/digital-html/connections""}},""counts"":{""blocks"":89,""channels"":18,""contents"":107,""collaborators"":0},""metadata"":null,""created_at"":""2019-03-11T20:12:37Z"",""updated_at"":""2026-06-30T14:25:49Z"",""visibility"":""public"",""description"":{""html"":""<p>all things digital</p>"",""plain"":""all things digital"",""markdown"":""all things digital""},""collaborators"":[]}","2026-07-28 01:05:34.258268","354389","digital-html","digital.html","all things digital","89","453"
"463","{""id"":2901415,""can"":{""add_to"":false,""update"":false,""destroy"":false,""manage_collaborators"":false},""slug"":""web-sh9ng8cpqow"",""type"":""Channel"",""owner"":{""id"":249916,""name"":""Jon Schafer"",""slug"":""jon-schafer"",""type"":""User"",""avatar"":""https://static.avatars.are.na/249916/large_e7e19b900ea715c3e7e53f71a8711aea.png?1719958774"",""initials"":""JS""},""state"":""available"",""title"":""web"",""_links"":{""self"":{""href"":""https://api.are.na/v3/channels/web-sh9ng8cpqow""},""owner"":{""href"":""https://api.are.na/v3/users/jon-schafer""},""contents"":{""href"":""https://api.are.na/v3/channels/web-sh9ng8cpqow/contents""},""followers"":{""href"":""https://api.are.na/v3/channels/web-sh9ng8cpqow/followers""},""connections"":{""href"":""https://api.are.na/v3/channels/web-sh9ng8cpqow/connections""}},""counts"":{""blocks"":136,""channels"":26,""contents"":162,""collaborators"":0},""metadata"":null,""created_at"":""2024-05-31T19:44:56Z"",""updated_at"":""2026-06-23T12:55:22Z"",""visibility"":""closed"",""description"":null,""collaborators"":[]}","2026-07-28 01:05:58.920078","2901415","web-sh9ng8cpqow","web",,"136","454"
"464","{""id"":4457475,""can"":{""add_to"":false,""update"":false,""destroy"":false,""manage_collaborators"":false},""slug"":""site-dnvwh1qd1iu"",""type"":""Channel"",""owner"":{""id"":497635,""name"":""Ash Ma"",""slug"":""ash-ma"",""type"":""User"",""avatar"":""https://static.avatars.are.na/497635/large_986f35a0c992c5d2e51309c9bed7f411.png?1679288173"",""initials"":""AM""},""state"":""available"",""title"":""site"",""_links"":{""self"":{""href"":""https://api.are.na/v3/channels/site-dnvwh1qd1iu""},""owner"":{""href"":""https://api.are.na/v3/users/ash-ma""},""contents"":{""href"":""https://api.are.na/v3/channels/site-dnvwh1qd1iu/contents""},""followers"":{""href"":""https://api.are.na/v3/channels/site-dnvwh1qd1iu/followers""},""connections"":{""href"":""https://api.are.na/v3/channels/site-dnvwh1qd1iu/connections""}},""counts"":{""blocks"":39,""channels"":0,""contents"":39,""collaborators"":0},""metadata"":null,""created_at"":""2025-11-13T20:55:20Z"",""updated_at"":""2026-07-14T16:40:12Z"",""visibility"":""closed"",""description"":null,""collaborators"":[]}","2026-07-28 01:06:26.904414","4457475","site-dnvwh1qd1iu","site",,"39","455"
"465","{""id"":4118148,""can"":{""add_to"":false,""update"":false,""destroy"":false,""manage_collaborators"":false},""slug"":""deck-deck-deck-df2ewtt7cx4"",""type"":""Channel"",""owner"":{""id"":1032649,""name"":""caju ༄ juju"",""slug"":""caju-juju"",""type"":""User"",""avatar"":""https://static.avatars.are.na/1032649/large_d5112b5927f556a20e1da64a45716d60.jpg?1754584606"",""initials"":""c༄j""},""state"":""available"",""title"":""Deck deck deck"",""_links"":{""self"":{""href"":""https://api.are.na/v3/channels/deck-deck-deck-df2ewtt7cx4""},""owner"":{""href"":""https://api.are.na/v3/users/caju-juju""},""contents"":{""href"":""https://api.are.na/v3/channels/deck-deck-deck-df2ewtt7cx4/contents""},""followers"":{""href"":""https://api.are.na/v3/channels/deck-deck-deck-df2ewtt7cx4/followers""},""connections"":{""href"":""https://api.are.na/v3/channels/deck-deck-deck-df2ewtt7cx4/connections""}},""counts"":{""blocks"":20,""channels"":2,""contents"":22,""collaborators"":0},""metadata"":null,""created_at"":""2025-08-25T22:37:52Z"",""updated_at"":""2026-06-16T11:36:50Z"",""visibility"":""public"",""description"":null,""collaborators"":[]}","2026-07-28 01:06:44.877614","4118148","deck-deck-deck-df2ewtt7cx4","Deck deck deck",,"20","456"
"466","{""id"":472774,""can"":{""add_to"":false,""update"":false,""destroy"":false,""manage_collaborators"":false},""slug"":""web-z5-u4c5shxw"",""type"":""Channel"",""owner"":{""id"":114989,""name"":""Tom Haswell"",""slug"":""tom-haswell"",""type"":""User"",""avatar"":null,""initials"":""TH""},""state"":""available"",""title"":""Web"",""_links"":{""self"":{""href"":""https://api.are.na/v3/channels/web-z5-u4c5shxw""},""owner"":{""href"":""https://api.are.na/v3/users/tom-haswell""},""contents"":{""href"":""https://api.are.na/v3/channels/web-z5-u4c5shxw/contents""},""followers"":{""href"":""https://api.are.na/v3/channels/web-z5-u4c5shxw/followers""},""connections"":{""href"":""https://api.are.na/v3/channels/web-z5-u4c5shxw/connections""}},""counts"":{""blocks"":55,""channels"":11,""contents"":66,""collaborators"":0},""metadata"":null,""created_at"":""2019-09-16T08:59:09Z"",""updated_at"":""2026-06-30T07:23:52Z"",""visibility"":""closed"",""description"":null,""collaborators"":[]}","2026-07-28 01:07:09.517419","472774","web-z5-u4c5shxw","Web",,"55","457"
"467","{""id"":3578857,""can"":{""add_to"":false,""update"":false,""destroy"":false,""manage_collaborators"":false},""slug"":""crescendo-4kpamwkie3g"",""type"":""Channel"",""owner"":{""id"":889850,""name"":""okdoke _s"",""slug"":""okdoke-_s"",""type"":""User"",""avatar"":null,""initials"":""o_""},""state"":""available"",""title"":""Crescendo"",""_links"":{""self"":{""href"":""https://api.are.na/v3/channels/crescendo-4kpamwkie3g""},""owner"":{""href"":""https://api.are.na/v3/users/okdoke-_s""},""contents"":{""href"":""https://api.are.na/v3/channels/crescendo-4kpamwkie3g/contents""},""followers"":{""href"":""https://api.are.na/v3/channels/crescendo-4kpamwkie3g/followers""},""connections"":{""href"":""https://api.are.na/v3/channels/crescendo-4kpamwkie3g/connections""}},""counts"":{""blocks"":179,""channels"":1,""contents"":180,""collaborators"":0},""metadata"":null,""created_at"":""2025-02-19T03:38:56Z"",""updated_at"":""2026-07-20T15:27:53Z"",""visibility"":""closed"",""description"":null,""collaborators"":[]}","2026-07-28 01:07:31.564796","3578857","crescendo-4kpamwkie3g","Crescendo",,"179","458"
"468","{""id"":1263059,""can"":{""add_to"":false,""update"":false,""destroy"":false,""manage_collaborators"":false},""slug"":""non-cornball-ui-ux"",""type"":""Channel"",""owner"":{""id"":277452,""name"":""Ashton Henning"",""slug"":""ashton-henning"",""type"":""User"",""avatar"":""https://static.avatars.are.na/277452/large_3d659aabf501bd6d989b1f95bdf9dad2.jpg?1634657715"",""initials"":""AH""},""state"":""available"",""title"":""Non-Cornball UI/UX"",""_links"":{""self"":{""href"":""https://api.are.na/v3/channels/non-cornball-ui-ux""},""owner"":{""href"":""https://api.are.na/v3/users/ashton-henning""},""contents"":{""href"":""https://api.are.na/v3/channels/non-cornball-ui-ux/contents""},""followers"":{""href"":""https://api.are.na/v3/channels/non-cornball-ui-ux/followers""},""connections"":{""href"":""https://api.are.na/v3/channels/non-cornball-ui-ux/connections""}},""counts"":{""blocks"":350,""channels"":3,""contents"":353,""collaborators"":0},""metadata"":null,""created_at"":""2021-10-19T15:41:12Z"",""updated_at"":""2026-07-27T06:38:02Z"",""visibility"":""closed"",""description"":{""html"":""<p>UI/UX but for people who fuck</p>"",""plain"":""UI/UX but for people who fuck"",""markdown"":""UI/UX but for people who fuck""},""collaborators"":[]}","2026-07-28 01:08:07.609078","1263059","non-cornball-ui-ux","Non-Cornball UI/UX","UI/UX but for people who fuck","350","459"
"469","{""id"":3833465,""can"":{""add_to"":false,""update"":false,""destroy"":false,""manage_collaborators"":false},""slug"":""ui-motion-m98yj1g19ba"",""type"":""Channel"",""owner"":{""id"":689578,""name"":""kang hanna"",""slug"":""kang-hanna"",""type"":""User"",""avatar"":null,""initials"":""kh""},""state"":""available"",""title"":""UI Motion"",""_links"":{""self"":{""href"":""https://api.are.na/v3/channels/ui-motion-m98yj1g19ba""},""owner"":{""href"":""https://api.are.na/v3/users/kang-hanna""},""contents"":{""href"":""https://api.are.na/v3/channels/ui-motion-m98yj1g19ba/contents""},""followers"":{""href"":""https://api.are.na/v3/channels/ui-motion-m98yj1g19ba/followers""},""connections"":{""href"":""https://api.are.na/v3/channels/ui-motion-m98yj1g19ba/connections""}},""counts"":{""blocks"":477,""channels"":2,""contents"":479,""collaborators"":0},""metadata"":null,""created_at"":""2025-05-19T20:24:32Z"",""updated_at"":""2026-07-27T05:29:54Z"",""visibility"":""closed"",""description"":null,""collaborators"":[]}","2026-07-28 01:09:02.843324","3833465","ui-motion-m98yj1g19ba","UI Motion",,"477","460"
"470","{""id"":4508345,""can"":{""add_to"":false,""update"":false,""destroy"":false,""manage_collaborators"":false},""slug"":""ooo-o1c4cmldyv4"",""type"":""Channel"",""owner"":{""id"":115136,""name"":""Peggy Shirin M"",""slug"":""peggy-shirin-m"",""type"":""User"",""avatar"":""https://static.avatars.are.na/115136/large_5eb549eca096f60f6706542f0577821d.jpg?1767821946"",""initials"":""PSM""},""state"":""available"",""title"":""ooo"",""_links"":{""self"":{""href"":""https://api.are.na/v3/channels/ooo-o1c4cmldyv4""},""owner"":{""href"":""https://api.are.na/v3/users/peggy-shirin-m""},""contents"":{""href"":""https://api.are.na/v3/channels/ooo-o1c4cmldyv4/contents""},""followers"":{""href"":""https://api.are.na/v3/channels/ooo-o1c4cmldyv4/followers""},""connections"":{""href"":""https://api.are.na/v3/channels/ooo-o1c4cmldyv4/connections""}},""counts"":{""blocks"":86,""channels"":1,""contents"":87,""collaborators"":0},""metadata"":null,""created_at"":""2025-11-26T19:48:39Z"",""updated_at"":""2026-07-16T22:03:18Z"",""visibility"":""closed"",""description"":null,""collaborators"":[]}","2026-07-28 01:10:11.621288","4508345","ooo-o1c4cmldyv4","ooo",,"86","461"
"471","{""id"":3634354,""can"":{""add_to"":false,""update"":false,""destroy"":false,""manage_collaborators"":false},""slug"":""web-motion-dump"",""type"":""Channel"",""owner"":{""id"":726365,""name"":""meg gray"",""slug"":""meg-gray"",""type"":""User"",""avatar"":null,""initials"":""mg""},""state"":""available"",""title"":""web // motion dump"",""_links"":{""self"":{""href"":""https://api.are.na/v3/channels/web-motion-dump""},""owner"":{""href"":""https://api.are.na/v3/users/meg-gray""},""contents"":{""href"":""https://api.are.na/v3/channels/web-motion-dump/contents""},""followers"":{""href"":""https://api.are.na/v3/channels/web-motion-dump/followers""},""connections"":{""href"":""https://api.are.na/v3/channels/web-motion-dump/connections""}},""counts"":{""blocks"":133,""channels"":8,""contents"":141,""collaborators"":0},""metadata"":null,""created_at"":""2025-03-10T14:20:40Z"",""updated_at"":""2026-07-23T01:53:18Z"",""visibility"":""closed"",""description"":{""html"":""<p>interactive bits and animations through user experience (dumping ground)</p>"",""plain"":""interactive bits and animations through user experience (dumping ground)"",""markdown"":""interactive bits and animations through user experience (dumping ground)""},""collaborators"":[]}","2026-07-28 01:10:36.473758","3634354","web-motion-dump","web // motion dump","interactive bits and animations through user experience (dumping ground)","133","462"
"472","{""id"":2539006,""can"":{""add_to"":false,""update"":false,""destroy"":false,""manage_collaborators"":false},""slug"":""ui-inspiration-iulcllqu1v8"",""type"":""Channel"",""owner"":{""id"":609559,""name"":""Thomas Provost"",""slug"":""thomas-provost"",""type"":""User"",""avatar"":""https://static.avatars.are.na/609559/large_b85e93f851a45048ff282b9812f7ff12.jpg?1708958303"",""initials"":""TP""},""state"":""available"",""title"":""UI Inspiration"",""_links"":{""self"":{""href"":""https://api.are.na/v3/channels/ui-inspiration-iulcllqu1v8""},""owner"":{""href"":""https://api.are.na/v3/users/thomas-provost""},""contents"":{""href"":""https://api.are.na/v3/channels/ui-inspiration-iulcllqu1v8/contents""},""followers"":{""href"":""https://api.are.na/v3/channels/ui-inspiration-iulcllqu1v8/followers""},""connections"":{""href"":""https://api.are.na/v3/channels/ui-inspiration-iulcllqu1v8/connections""}},""counts"":{""blocks"":201,""channels"":14,""contents"":215,""collaborators"":0},""metadata"":null,""created_at"":""2023-12-07T14:43:57Z"",""updated_at"":""2026-07-27T06:16:56Z"",""visibility"":""closed"",""description"":null,""collaborators"":[]}","2026-07-28 01:11:08.717038","2539006","ui-inspiration-iulcllqu1v8","UI Inspiration",,"201","463"
"473","{""id"":2968849,""can"":{""add_to"":false,""update"":false,""destroy"":false,""manage_collaborators"":false},""slug"":""not-still"",""type"":""Channel"",""owner"":{""id"":692161,""name"":""j7s x0"",""slug"":""j7s-x0"",""type"":""User"",""avatar"":""https://static.avatars.are.na/692161/large_b04a8d3079d080a4e72768722639e260.png?1784638158"",""initials"":""jx""},""state"":""available"",""title"":""Not Still"",""_links"":{""self"":{""href"":""https://api.are.na/v3/channels/not-still""},""owner"":{""href"":""https://api.are.na/v3/users/j7s-x0""},""contents"":{""href"":""https://api.are.na/v3/channels/not-still/contents""},""followers"":{""href"":""https://api.are.na/v3/channels/not-still/followers""},""connections"":{""href"":""https://api.are.na/v3/channels/not-still/connections""}},""counts"":{""blocks"":1105,""channels"":5,""contents"":1110,""collaborators"":0},""metadata"":null,""created_at"":""2024-06-27T16:52:59Z"",""updated_at"":""2026-07-26T12:43:10Z"",""visibility"":""closed"",""description"":null,""collaborators"":[]}","2026-07-28 01:11:42.718339","2968849","not-still","Not Still",,"1105","464"
"474","{""id"":2387015,""can"":{""add_to"":false,""update"":false,""destroy"":false,""manage_collaborators"":false},""slug"":""graphic-4tvqkhe7xiw"",""type"":""Channel"",""owner"":{""id"":492484,""name"":""Maisie MacDonald"",""slug"":""maisie-macdonald-c1kk4b5akuq"",""type"":""User"",""avatar"":null,""initials"":""MM""},""state"":""available"",""title"":""graphic"",""_links"":{""self"":{""href"":""https://api.are.na/v3/channels/graphic-4tvqkhe7xiw""},""owner"":{""href"":""https://api.are.na/v3/users/maisie-macdonald-c1kk4b5akuq""},""contents"":{""href"":""https://api.are.na/v3/channels/graphic-4tvqkhe7xiw/contents""},""followers"":{""href"":""https://api.are.na/v3/channels/graphic-4tvqkhe7xiw/followers""},""connections"":{""href"":""https://api.are.na/v3/channels/graphic-4tvqkhe7xiw/connections""}},""counts"":{""blocks"":890,""channels"":50,""contents"":940,""collaborators"":0},""metadata"":null,""created_at"":""2023-09-21T05:18:45Z"",""updated_at"":""2026-07-27T23:12:18Z"",""visibility"":""closed"",""description"":null,""collaborators"":[]}","2026-07-28 01:13:35.689977","2387015","graphic-4tvqkhe7xiw","graphic",,"890","465"
"475","{""id"":133758,""can"":{""add_to"":false,""update"":false,""destroy"":false,""manage_collaborators"":false},""slug"":""c00l-sites-1516846498"",""type"":""Channel"",""owner"":{""id"":30308,""name"":""Bethany Moy"",""slug"":""bethany-moy"",""type"":""User"",""avatar"":null,""initials"":""BM""},""state"":""available"",""title"":""C00l Sites 😎"",""_links"":{""self"":{""href"":""https://api.are.na/v3/channels/c00l-sites-1516846498""},""owner"":{""href"":""https://api.are.na/v3/users/bethany-moy""},""contents"":{""href"":""https://api.are.na/v3/channels/c00l-sites-1516846498/contents""},""followers"":{""href"":""https://api.are.na/v3/channels/c00l-sites-1516846498/followers""},""connections"":{""href"":""https://api.are.na/v3/channels/c00l-sites-1516846498/connections""}},""counts"":{""blocks"":204,""channels"":0,""contents"":204,""collaborators"":0},""metadata"":null,""created_at"":""2018-01-25T02:14:58Z"",""updated_at"":""2025-12-30T04:41:20Z"",""visibility"":""closed"",""description"":null,""collaborators"":[]}","2026-07-28 01:15:08.607579","133758","c00l-sites-1516846498","C00l Sites 😎",,"204","466"
"476","{""id"":321146,""can"":{""add_to"":false,""update"":false,""destroy"":false,""manage_collaborators"":false},""slug"":""obbes-site"",""type"":""Channel"",""owner"":{""id"":11378,""name"":""E N ツ"",""slug"":""e-n"",""type"":""User"",""avatar"":""https://static.avatars.are.na/11378/large_2aa7a535493a1eb27beac0f718c68a62.png?1709825318"",""initials"":""ENツ""},""state"":""available"",""title"":""#OBBES.site"",""_links"":{""self"":{""href"":""https://api.are.na/v3/channels/obbes-site""},""owner"":{""href"":""https://api.are.na/v3/users/e-n""},""contents"":{""href"":""https://api.are.na/v3/channels/obbes-site/contents""},""followers"":{""href"":""https://api.are.na/v3/channels/obbes-site/followers""},""connections"":{""href"":""https://api.are.na/v3/channels/obbes-site/connections""}},""counts"":{""blocks"":142,""channels"":14,""contents"":156,""collaborators"":0},""metadata"":null,""created_at"":""2019-01-28T16:14:56Z"",""updated_at"":""2026-07-09T14:32:54Z"",""visibility"":""closed"",""description"":{""html"":""<p>original inspo for hobbes website v1, now general site inspo</p>"",""plain"":""original inspo for hobbes website v1, now general site inspo"",""markdown"":""original inspo for hobbes website v1, now general site inspo""},""collaborators"":[]}","2026-07-28 01:15:39.736886","321146","obbes-site","#OBBES.site","original inspo for hobbes website v1, now general site inspo","142","467"
"480","{""id"":744828,""can"":{""add_to"":false,""update"":false,""destroy"":false,""manage_collaborators"":false},""slug"":""web-zlofbwwq7x4"",""type"":""Channel"",""owner"":{""id"":26099,""name"":""Daniela Cuenca"",""slug"":""daniela-cuenca"",""type"":""User"",""avatar"":""https://static.avatars.are.na/26099/large_510c21ad36db5e765d9282ddbc183dfa.png?1617324518"",""initials"":""DC""},""state"":""available"",""title"":""Web"",""_links"":{""self"":{""href"":""https://api.are.na/v3/channels/web-zlofbwwq7x4""},""owner"":{""href"":""https://api.are.na/v3/users/daniela-cuenca""},""contents"":{""href"":""https://api.are.na/v3/channels/web-zlofbwwq7x4/contents""},""followers"":{""href"":""https://api.are.na/v3/channels/web-zlofbwwq7x4/followers""},""connections"":{""href"":""https://api.are.na/v3/channels/web-zlofbwwq7x4/connections""}},""counts"":{""blocks"":300,""channels"":0,""contents"":300,""collaborators"":0},""metadata"":null,""created_at"":""2020-07-11T07:14:16Z"",""updated_at"":""2026-06-16T00:15:00Z"",""visibility"":""closed"",""description"":null,""collaborators"":[]}","2026-07-28 01:17:00.935178","744828","web-zlofbwwq7x4","Web",,"300","471"
"483","{""id"":692215,""can"":{""add_to"":false,""update"":false,""destroy"":false,""manage_collaborators"":false},""slug"":""digital-024"",""type"":""Channel"",""owner"":{""id"":123528,""name"":""Studio  024™"",""slug"":""studio-024"",""type"":""User"",""avatar"":""https://static.avatars.are.na/123528/large_bed37e59489f4302d67bb63c35f22c47.png?1681323931"",""initials"":""S0""},""state"":""available"",""title"":""DIGITAL 024"",""_links"":{""self"":{""href"":""https://api.are.na/v3/channels/digital-024""},""owner"":{""href"":""https://api.are.na/v3/users/studio-024""},""contents"":{""href"":""https://api.are.na/v3/channels/digital-024/contents""},""followers"":{""href"":""https://api.are.na/v3/channels/digital-024/followers""},""connections"":{""href"":""https://api.are.na/v3/channels/digital-024/connections""}},""counts"":{""blocks"":856,""channels"":16,""contents"":872,""collaborators"":1},""metadata"":null,""created_at"":""2020-05-14T22:15:21Z"",""updated_at"":""2026-04-07T05:04:17Z"",""visibility"":""closed"",""description"":null,""collaborators"":[{""id"":152352,""name"":""Ash Moore"",""slug"":""ash-moore"",""type"":""User"",""_links"":{""self"":{""href"":""https://api.are.na/v3/users/ash-moore""}},""avatar"":""https://static.avatars.are.na/152352/large_e761422d4bc820321c719cc9e4df899e.png?1598576774"",""initials"":""AM""}]}","2026-07-28 01:18:17.330194","692215","digital-024","DIGITAL 024",,"856","474"
"484","{""id"":2193531,""can"":{""add_to"":false,""update"":false,""destroy"":false,""manage_collaborators"":false},""slug"":""design-all-n1ewm7hbku4"",""type"":""Channel"",""owner"":{""id"":522572,""name"":""sngsu shin"",""slug"":""sngsu-shin"",""type"":""User"",""avatar"":""https://static.avatars.are.na/522572/large_ed6058a4610ade517d501d37c8035bb1.jpg?1686290058"",""initials"":""ss""},""state"":""available"",""title"":""design all"",""_links"":{""self"":{""href"":""https://api.are.na/v3/channels/design-all-n1ewm7hbku4""},""owner"":{""href"":""https://api.are.na/v3/users/sngsu-shin""},""contents"":{""href"":""https://api.are.na/v3/channels/design-all-n1ewm7hbku4/contents""},""followers"":{""href"":""https://api.are.na/v3/channels/design-all-n1ewm7hbku4/followers""},""connections"":{""href"":""https://api.are.na/v3/channels/design-all-n1ewm7hbku4/connections""}},""counts"":{""blocks"":81,""channels"":1,""contents"":82,""collaborators"":0},""metadata"":null,""created_at"":""2023-05-23T02:21:33Z"",""updated_at"":""2024-09-27T08:39:27Z"",""visibility"":""closed"",""description"":null,""collaborators"":[]}","2026-07-28 01:19:56.943033","2193531","design-all-n1ewm7hbku4","design all",,"81","475"
"485","{""id"":1620083,""can"":{""add_to"":false,""update"":false,""destroy"":false,""manage_collaborators"":false},""slug"":""color-lfvwjfu58zy"",""type"":""Channel"",""owner"":{""id"":303877,""name"":""Stella Bartholet"",""slug"":""stella-bartholet"",""type"":""User"",""avatar"":null,""initials"":""SB""},""state"":""available"",""title"":""color"",""_links"":{""self"":{""href"":""https://api.are.na/v3/channels/color-lfvwjfu58zy""},""owner"":{""href"":""https://api.are.na/v3/users/stella-bartholet""},""contents"":{""href"":""https://api.are.na/v3/channels/color-lfvwjfu58zy/contents""},""followers"":{""href"":""https://api.are.na/v3/channels/color-lfvwjfu58zy/followers""},""connections"":{""href"":""https://api.are.na/v3/channels/color-lfvwjfu58zy/connections""}},""counts"":{""blocks"":110,""channels"":0,""contents"":110,""collaborators"":0},""metadata"":null,""created_at"":""2022-06-18T02:33:40Z"",""updated_at"":""2026-04-23T03:34:02Z"",""visibility"":""closed"",""description"":null,""collaborators"":[]}","2026-07-28 01:20:29.928194","1620083","color-lfvwjfu58zy","color",,"110","476"
"487","{""id"":748785,""can"":{""add_to"":false,""update"":false,""destroy"":false,""manage_collaborators"":false},""slug"":""editorial-information-page-layout"",""type"":""Channel"",""owner"":{""id"":152055,""name"":""Brn Prs"",""slug"":""brn-prs"",""type"":""User"",""avatar"":null,""initials"":""BP""},""state"":""available"",""title"":""Editorial / Information / Page Layout"",""_links"":{""self"":{""href"":""https://api.are.na/v3/channels/editorial-information-page-layout""},""owner"":{""href"":""https://api.are.na/v3/users/brn-prs""},""contents"":{""href"":""https://api.are.na/v3/channels/editorial-information-page-layout/contents""},""followers"":{""href"":""https://api.are.na/v3/channels/editorial-information-page-layout/followers""},""connections"":{""href"":""https://api.are.na/v3/channels/editorial-information-page-layout/connections""}},""counts"":{""blocks"":33,""channels"":9,""contents"":42,""collaborators"":0},""metadata"":null,""created_at"":""2020-07-15T17:02:59Z"",""updated_at"":""2026-06-15T11:55:22Z"",""visibility"":""closed"",""description"":null,""collaborators"":[]}","2026-07-28 01:21:24.504523","748785","editorial-information-page-layout","Editorial / Information / Page Layout",,"33","478"
"488","{""id"":4505873,""can"":{""add_to"":false,""update"":false,""destroy"":false,""manage_collaborators"":false},""slug"":""six-zero-gqr5gzvzev4"",""type"":""Channel"",""owner"":{""id"":73489,""name"":""Marina Yu"",""slug"":""marina-yu"",""type"":""User"",""avatar"":null,""initials"":""MY""},""state"":""available"",""title"":""60"",""_links"":{""self"":{""href"":""https://api.are.na/v3/channels/six-zero-gqr5gzvzev4""},""owner"":{""href"":""https://api.are.na/v3/users/marina-yu""},""contents"":{""href"":""https://api.are.na/v3/channels/six-zero-gqr5gzvzev4/contents""},""followers"":{""href"":""https://api.are.na/v3/channels/six-zero-gqr5gzvzev4/followers""},""connections"":{""href"":""https://api.are.na/v3/channels/six-zero-gqr5gzvzev4/connections""}},""counts"":{""blocks"":119,""channels"":1,""contents"":120,""collaborators"":0},""metadata"":null,""created_at"":""2025-11-26T02:54:47Z"",""updated_at"":""2026-01-15T01:29:13Z"",""visibility"":""closed"",""description"":null,""collaborators"":[]}","2026-07-28 01:21:52.795661","4505873","six-zero-gqr5gzvzev4","60",,"119","479"
"490","{""id"":1104669,""can"":{""add_to"":false,""update"":false,""destroy"":false,""manage_collaborators"":false},""slug"":""ux-amxjd9rac-o"",""type"":""Channel"",""owner"":{""id"":72731,""name"":""Misha Bohdanov"",""slug"":""misha-bohdanov"",""type"":""User"",""avatar"":""https://static.avatars.are.na/72731/large_1ecf164eac17a97b23922b7e3dd16949.jpeg?1784721701"",""initials"":""MB""},""state"":""available"",""title"":""UX"",""_links"":{""self"":{""href"":""https://api.are.na/v3/channels/ux-amxjd9rac-o""},""owner"":{""href"":""https://api.are.na/v3/users/misha-bohdanov""},""contents"":{""href"":""https://api.are.na/v3/channels/ux-amxjd9rac-o/contents""},""followers"":{""href"":""https://api.are.na/v3/channels/ux-amxjd9rac-o/followers""},""connections"":{""href"":""https://api.are.na/v3/channels/ux-amxjd9rac-o/connections""}},""counts"":{""blocks"":348,""channels"":5,""contents"":353,""collaborators"":0},""metadata"":null,""created_at"":""2021-06-03T07:34:26Z"",""updated_at"":""2026-07-27T13:41:05Z"",""visibility"":""public"",""description"":null,""collaborators"":[]}","2026-07-28 01:22:44.94622","1104669","ux-amxjd9rac-o","UX",,"348","481"
"492","{""id"":1533688,""can"":{""add_to"":false,""update"":false,""destroy"":false,""manage_collaborators"":false},""slug"":""oma-1"",""type"":""Channel"",""owner"":{""id"":122887,""name"":""Nata Avram"",""slug"":""nata-avram"",""type"":""User"",""avatar"":null,""initials"":""NA""},""state"":""available"",""title"":""oma 1"",""_links"":{""self"":{""href"":""https://api.are.na/v3/channels/oma-1""},""owner"":{""href"":""https://api.are.na/v3/users/nata-avram""},""contents"":{""href"":""https://api.are.na/v3/channels/oma-1/contents""},""followers"":{""href"":""https://api.are.na/v3/channels/oma-1/followers""},""connections"":{""href"":""https://api.are.na/v3/channels/oma-1/connections""}},""counts"":{""blocks"":63,""channels"":0,""contents"":63,""collaborators"":0},""metadata"":null,""created_at"":""2022-04-18T13:17:49Z"",""updated_at"":""2025-06-20T08:44:39Z"",""visibility"":""closed"",""description"":null,""collaborators"":[]}","2026-07-28 01:25:17.039793","1533688","oma-1","oma 1",,"63","483"
"493","{""id"":1128392,""can"":{""add_to"":false,""update"":false,""destroy"":false,""manage_collaborators"":false},""slug"":""webs-iu8zrwo5eyu"",""type"":""Channel"",""owner"":{""id"":261861,""name"":""Sasha Chalaya"",""slug"":""sasha-chalaya"",""type"":""User"",""avatar"":""https://static.avatars.are.na/261861/large_67a0684014324a1d5b1c8b5bc8163098.jpeg?1784554613"",""initials"":""SC""},""state"":""available"",""title"":""webs"",""_links"":{""self"":{""href"":""https://api.are.na/v3/channels/webs-iu8zrwo5eyu""},""owner"":{""href"":""https://api.are.na/v3/users/sasha-chalaya""},""contents"":{""href"":""https://api.are.na/v3/channels/webs-iu8zrwo5eyu/contents""},""followers"":{""href"":""https://api.are.na/v3/channels/webs-iu8zrwo5eyu/followers""},""connections"":{""href"":""https://api.are.na/v3/channels/webs-iu8zrwo5eyu/connections""}},""counts"":{""blocks"":397,""channels"":15,""contents"":412,""collaborators"":0},""metadata"":null,""created_at"":""2021-06-30T13:44:00Z"",""updated_at"":""2026-05-22T08:20:30Z"",""visibility"":""closed"",""description"":null,""collaborators"":[]}","2026-07-28 01:25:44.545165","1128392","webs-iu8zrwo5eyu","webs",,"397","484"
"494","{""id"":805153,""can"":{""add_to"":false,""update"":false,""destroy"":false,""manage_collaborators"":false},""slug"":""img-zvnv1_ar9sy"",""type"":""Channel"",""owner"":{""id"":103627,""name"":""Jonas Majidi"",""slug"":""jonas-majidi"",""type"":""User"",""avatar"":null,""initials"":""JM""},""state"":""available"",""title"":""IMG"",""_links"":{""self"":{""href"":""https://api.are.na/v3/channels/img-zvnv1_ar9sy""},""owner"":{""href"":""https://api.are.na/v3/users/jonas-majidi""},""contents"":{""href"":""https://api.are.na/v3/channels/img-zvnv1_ar9sy/contents""},""followers"":{""href"":""https://api.are.na/v3/channels/img-zvnv1_ar9sy/followers""},""connections"":{""href"":""https://api.are.na/v3/channels/img-zvnv1_ar9sy/connections""}},""counts"":{""blocks"":1366,""channels"":2,""contents"":1368,""collaborators"":0},""metadata"":null,""created_at"":""2020-09-12T20:57:22Z"",""updated_at"":""2026-07-17T12:27:25Z"",""visibility"":""closed"",""description"":null,""collaborators"":[]}","2026-07-28 01:27:51.054401","805153","img-zvnv1_ar9sy","IMG",,"1366","485"
"495","{""id"":856742,""can"":{""add_to"":false,""update"":false,""destroy"":false,""manage_collaborators"":false},""slug"":""mod-21"",""type"":""Channel"",""owner"":{""id"":77225,""name"":""Shelby Seay"",""slug"":""shelby-seay"",""type"":""User"",""avatar"":null,""initials"":""SS""},""state"":""available"",""title"":""MoD 21*"",""_links"":{""self"":{""href"":""https://api.are.na/v3/channels/mod-21""},""owner"":{""href"":""https://api.are.na/v3/users/shelby-seay""},""contents"":{""href"":""https://api.are.na/v3/channels/mod-21/contents""},""followers"":{""href"":""https://api.are.na/v3/channels/mod-21/followers""},""connections"":{""href"":""https://api.are.na/v3/channels/mod-21/connections""}},""counts"":{""blocks"":81,""channels"":0,""contents"":81,""collaborators"":1},""metadata"":null,""created_at"":""2020-10-28T16:25:18Z"",""updated_at"":""2021-05-18T20:47:57Z"",""visibility"":""closed"",""description"":null,""collaborators"":[{""id"":109705,""name"":""Elizabeth D."",""slug"":""elizabeth-d"",""type"":""User"",""_links"":{""self"":{""href"":""https://api.are.na/v3/users/elizabeth-d""}},""avatar"":null,""initials"":""ED""}]}","2026-07-28 01:30:16.269302","856742","mod-21","MoD 21*",,"81","486"
"496","{""id"":570761,""can"":{""add_to"":false,""update"":false,""destroy"":false,""manage_collaborators"":false},""slug"":""web-bois-interactive-girls"",""type"":""Channel"",""owner"":{""id"":131178,""name"":""Amelia Rista"",""slug"":""amelia-rista"",""type"":""User"",""avatar"":""https://static.avatars.are.na/131178/large_dfa2daa15d951d0e6b86f79a3b46b563.jpg?1600980816"",""initials"":""AR""},""state"":""available"",""title"":""web bois, interactive girls"",""_links"":{""self"":{""href"":""https://api.are.na/v3/channels/web-bois-interactive-girls""},""owner"":{""href"":""https://api.are.na/v3/users/amelia-rista""},""contents"":{""href"":""https://api.are.na/v3/channels/web-bois-interactive-girls/contents""},""followers"":{""href"":""https://api.are.na/v3/channels/web-bois-interactive-girls/followers""},""connections"":{""href"":""https://api.are.na/v3/channels/web-bois-interactive-girls/connections""}},""counts"":{""blocks"":380,""channels"":16,""contents"":396,""collaborators"":0},""metadata"":null,""created_at"":""2020-01-23T19:25:07Z"",""updated_at"":""2026-07-13T18:42:13Z"",""visibility"":""closed"",""description"":null,""collaborators"":[]}","2026-07-28 01:30:40.967398","570761","web-bois-interactive-girls","web bois, interactive girls",,"380","487"
"497","{""id"":828027,""can"":{""add_to"":false,""update"":false,""destroy"":false,""manage_collaborators"":false},""slug"":""ux-ui-resources-inspo"",""type"":""Channel"",""owner"":{""id"":200077,""name"":""K S"",""slug"":""k-s-1v9rgs4cdsu"",""type"":""User"",""avatar"":null,""initials"":""KS""},""state"":""available"",""title"":""UX/UI Resources + Inspo"",""_links"":{""self"":{""href"":""https://api.are.na/v3/channels/ux-ui-resources-inspo""},""owner"":{""href"":""https://api.are.na/v3/users/k-s-1v9rgs4cdsu""},""contents"":{""href"":""https://api.are.na/v3/channels/ux-ui-resources-inspo/contents""},""followers"":{""href"":""https://api.are.na/v3/channels/ux-ui-resources-inspo/followers""},""connections"":{""href"":""https://api.are.na/v3/channels/ux-ui-resources-inspo/connections""}},""counts"":{""blocks"":34,""channels"":14,""contents"":48,""collaborators"":0},""metadata"":null,""created_at"":""2020-10-01T19:24:40Z"",""updated_at"":""2025-01-14T01:38:06Z"",""visibility"":""public"",""description"":{""html"":""<p>and such</p>"",""plain"":""and such"",""markdown"":""and such""},""collaborators"":[]}","2026-07-28 01:31:35.650117","828027","ux-ui-resources-inspo","UX/UI Resources + Inspo","and such","34","488"
"499","{""id"":697086,""can"":{""add_to"":false,""update"":false,""destroy"":false,""manage_collaborators"":false},""slug"":""web-ui-rftugak4aqs"",""type"":""Channel"",""owner"":{""id"":56996,""name"":""Zachery Eng"",""slug"":""zachery-eng"",""type"":""User"",""avatar"":""https://static.avatars.are.na/56996/large_b7ec5271a8586c40070ceb8738a63674.jpg?1590258232"",""initials"":""ZE""},""state"":""available"",""title"":""Web / UI"",""_links"":{""self"":{""href"":""https://api.are.na/v3/channels/web-ui-rftugak4aqs""},""owner"":{""href"":""https://api.are.na/v3/users/zachery-eng""},""contents"":{""href"":""https://api.are.na/v3/channels/web-ui-rftugak4aqs/contents""},""followers"":{""href"":""https://api.are.na/v3/channels/web-ui-rftugak4aqs/followers""},""connections"":{""href"":""https://api.are.na/v3/channels/web-ui-rftugak4aqs/connections""}},""counts"":{""blocks"":419,""channels"":41,""contents"":460,""collaborators"":0},""metadata"":null,""created_at"":""2020-05-19T18:18:19Z"",""updated_at"":""2026-07-27T17:46:55Z"",""visibility"":""closed"",""description"":null,""collaborators"":[]}","2026-07-28 01:32:20.350628","697086","web-ui-rftugak4aqs","Web / UI",,"419","118"
"500","{""id"":250422,""can"":{""add_to"":false,""update"":false,""destroy"":false,""manage_collaborators"":false},""slug"":""design-production-printed-material"",""type"":""Channel"",""owner"":{""id"":56996,""name"":""Zachery Eng"",""slug"":""zachery-eng"",""type"":""User"",""avatar"":""https://static.avatars.are.na/56996/large_b7ec5271a8586c40070ceb8738a63674.jpg?1590258232"",""initials"":""ZE""},""state"":""available"",""title"":""Design / Production / Printed Material"",""_links"":{""self"":{""href"":""https://api.are.na/v3/channels/design-production-printed-material""},""owner"":{""href"":""https://api.are.na/v3/users/zachery-eng""},""contents"":{""href"":""https://api.are.na/v3/channels/design-production-printed-material/contents""},""followers"":{""href"":""https://api.are.na/v3/channels/design-production-printed-material/followers""},""connections"":{""href"":""https://api.are.na/v3/channels/design-production-printed-material/connections""}},""counts"":{""blocks"":289,""channels"":8,""contents"":297,""collaborators"":0},""metadata"":null,""created_at"":""2018-09-25T19:01:07Z"",""updated_at"":""2026-06-30T05:08:52Z"",""visibility"":""closed"",""description"":null,""collaborators"":[]}","2026-07-28 01:33:17.7105","250422","design-production-printed-material","Design / Production / Printed Material",,"289","118"
"501","{""id"":410922,""can"":{""add_to"":false,""update"":false,""destroy"":false,""manage_collaborators"":false},""slug"":""ui-ux-8u48hz_9tlo"",""type"":""Channel"",""owner"":{""id"":33234,""name"":""This Meme"",""slug"":""this-meme"",""type"":""User"",""avatar"":""https://static.avatars.are.na/33234/large_996b3eab4d0e031f755e72732fe17ad4.png?1561288368"",""initials"":""TM""},""state"":""available"",""title"":""UI UX"",""_links"":{""self"":{""href"":""https://api.are.na/v3/channels/ui-ux-8u48hz_9tlo""},""owner"":{""href"":""https://api.are.na/v3/users/this-meme""},""contents"":{""href"":""https://api.are.na/v3/channels/ui-ux-8u48hz_9tlo/contents""},""followers"":{""href"":""https://api.are.na/v3/channels/ui-ux-8u48hz_9tlo/followers""},""connections"":{""href"":""https://api.are.na/v3/channels/ui-ux-8u48hz_9tlo/connections""}},""counts"":{""blocks"":886,""channels"":26,""contents"":912,""collaborators"":0},""metadata"":null,""created_at"":""2019-06-01T16:58:19Z"",""updated_at"":""2026-07-27T15:14:06Z"",""visibility"":""closed"",""description"":null,""collaborators"":[]}","2026-07-28 01:34:07.58184","410922","ui-ux-8u48hz_9tlo","UI UX",,"886","492"
"503","{""id"":3481468,""can"":{""add_to"":false,""update"":false,""destroy"":false,""manage_collaborators"":false},""slug"":""webby-prcv_ygzwvq"",""type"":""Channel"",""owner"":{""id"":803755,""name"":""Caden J"",""slug"":""caden-j"",""type"":""User"",""avatar"":null,""initials"":""CJ""},""state"":""available"",""title"":""webby"",""_links"":{""self"":{""href"":""https://api.are.na/v3/channels/webby-prcv_ygzwvq""},""owner"":{""href"":""https://api.are.na/v3/users/caden-j""},""contents"":{""href"":""https://api.are.na/v3/channels/webby-prcv_ygzwvq/contents""},""followers"":{""href"":""https://api.are.na/v3/channels/webby-prcv_ygzwvq/followers""},""connections"":{""href"":""https://api.are.na/v3/channels/webby-prcv_ygzwvq/connections""}},""counts"":{""blocks"":24,""channels"":0,""contents"":24,""collaborators"":0},""metadata"":null,""created_at"":""2025-01-18T23:39:57Z"",""updated_at"":""2025-01-23T14:13:56Z"",""visibility"":""closed"",""description"":null,""collaborators"":[]}","2026-07-28 01:35:58.233778","3481468","webby-prcv_ygzwvq","webby",,"24","494"
"505","{""id"":3578322,""can"":{""add_to"":false,""update"":false,""destroy"":false,""manage_collaborators"":false},""slug"":""healthcare-ecomm"",""type"":""Channel"",""owner"":{""id"":325555,""name"":""nicolle ૮ • ﻌ - ა\u2069"",""slug"":""nicolle"",""type"":""User"",""avatar"":""https://static.avatars.are.na/325555/large_c83329a1ce402ba46edfe2488dad352f.png?1753463923"",""initials"":""n૮•ﻌ""},""state"":""available"",""title"":""healthcare ecomm"",""_links"":{""self"":{""href"":""https://api.are.na/v3/channels/healthcare-ecomm""},""owner"":{""href"":""https://api.are.na/v3/users/nicolle""},""contents"":{""href"":""https://api.are.na/v3/channels/healthcare-ecomm/contents""},""followers"":{""href"":""https://api.are.na/v3/channels/healthcare-ecomm/followers""},""connections"":{""href"":""https://api.are.na/v3/channels/healthcare-ecomm/connections""}},""counts"":{""blocks"":29,""channels"":0,""contents"":29,""collaborators"":0},""metadata"":null,""created_at"":""2025-02-18T22:42:04Z"",""updated_at"":""2026-05-27T16:59:20Z"",""visibility"":""closed"",""description"":null,""collaborators"":[]}","2026-07-28 01:36:37.426736","3578322","healthcare-ecomm","healthcare ecomm",,"29","496"
"506","{""id"":2594936,""can"":{""add_to"":false,""update"":false,""destroy"":false,""manage_collaborators"":false},""slug"":""ecommerce-kc2r-2m2xo0"",""type"":""Channel"",""owner"":{""id"":588576,""name"":""Carly Cantlon"",""slug"":""carly-cantlon"",""type"":""User"",""avatar"":null,""initials"":""CC""},""state"":""available"",""title"":""ecommerce"",""_links"":{""self"":{""href"":""https://api.are.na/v3/channels/ecommerce-kc2r-2m2xo0""},""owner"":{""href"":""https://api.are.na/v3/users/carly-cantlon""},""contents"":{""href"":""https://api.are.na/v3/channels/ecommerce-kc2r-2m2xo0/contents""},""followers"":{""href"":""https://api.are.na/v3/channels/ecommerce-kc2r-2m2xo0/followers""},""connections"":{""href"":""https://api.are.na/v3/channels/ecommerce-kc2r-2m2xo0/connections""}},""counts"":{""blocks"":43,""channels"":3,""contents"":46,""collaborators"":0},""metadata"":null,""created_at"":""2024-01-11T13:12:21Z"",""updated_at"":""2026-06-23T16:56:48Z"",""visibility"":""closed"",""description"":null,""collaborators"":[]}","2026-07-28 01:36:53.993277","2594936","ecommerce-kc2r-2m2xo0","ecommerce",,"43","497"
"508","{""id"":700097,""can"":{""add_to"":false,""update"":false,""destroy"":false,""manage_collaborators"":false},""slug"":""fun-icoewhpxd2g"",""type"":""Channel"",""owner"":{""id"":4458,""name"":""w e b"",""slug"":""w-e-b"",""type"":""Group"",""avatar"":null,""initials"":""WEB""},""state"":""available"",""title"":""fun"",""_links"":{""self"":{""href"":""https://api.are.na/v3/channels/fun-icoewhpxd2g""},""owner"":{""href"":""https://api.are.na/v3/groups/w-e-b""},""contents"":{""href"":""https://api.are.na/v3/channels/fun-icoewhpxd2g/contents""},""followers"":{""href"":""https://api.are.na/v3/channels/fun-icoewhpxd2g/followers""},""connections"":{""href"":""https://api.are.na/v3/channels/fun-icoewhpxd2g/connections""}},""counts"":{""blocks"":53,""channels"":0,""contents"":53,""collaborators"":0},""metadata"":null,""created_at"":""2020-05-22T15:18:31Z"",""updated_at"":""2025-12-03T14:17:17Z"",""visibility"":""closed"",""description"":null,""collaborators"":[]}","2026-07-28 01:37:33.52893","700097","fun-icoewhpxd2g","fun",,"53",
"510","{""id"":2922530,""can"":{""add_to"":false,""update"":false,""destroy"":false,""manage_collaborators"":false},""slug"":""web-0xkui3kme0m"",""type"":""Channel"",""owner"":{""id"":303877,""name"":""Stella Bartholet"",""slug"":""stella-bartholet"",""type"":""User"",""avatar"":null,""initials"":""SB""},""state"":""available"",""title"":""web"",""_links"":{""self"":{""href"":""https://api.are.na/v3/channels/web-0xkui3kme0m""},""owner"":{""href"":""https://api.are.na/v3/users/stella-bartholet""},""contents"":{""href"":""https://api.are.na/v3/channels/web-0xkui3kme0m/contents""},""followers"":{""href"":""https://api.are.na/v3/channels/web-0xkui3kme0m/followers""},""connections"":{""href"":""https://api.are.na/v3/channels/web-0xkui3kme0m/connections""}},""counts"":{""blocks"":57,""channels"":0,""contents"":57,""collaborators"":0},""metadata"":null,""created_at"":""2024-06-08T19:10:05Z"",""updated_at"":""2025-08-02T12:23:37Z"",""visibility"":""closed"",""description"":null,""collaborators"":[]}","2026-07-28 01:38:15.173153","2922530","web-0xkui3kme0m","web",,"57","476"
"511","{""id"":695085,""can"":{""add_to"":false,""update"":false,""destroy"":false,""manage_collaborators"":false},""slug"":""portfolio-3q_6cl1-064"",""type"":""Channel"",""owner"":{""id"":4458,""name"":""w e b"",""slug"":""w-e-b"",""type"":""Group"",""avatar"":null,""initials"":""WEB""},""state"":""available"",""title"":""portfolio"",""_links"":{""self"":{""href"":""https://api.are.na/v3/channels/portfolio-3q_6cl1-064""},""owner"":{""href"":""https://api.are.na/v3/groups/w-e-b""},""contents"":{""href"":""https://api.are.na/v3/channels/portfolio-3q_6cl1-064/contents""},""followers"":{""href"":""https://api.are.na/v3/channels/portfolio-3q_6cl1-064/followers""},""connections"":{""href"":""https://api.are.na/v3/channels/portfolio-3q_6cl1-064/connections""}},""counts"":{""blocks"":377,""channels"":1,""contents"":378,""collaborators"":0},""metadata"":null,""created_at"":""2020-05-18T05:19:41Z"",""updated_at"":""2026-07-27T15:37:24Z"",""visibility"":""closed"",""description"":null,""collaborators"":[]}","2026-07-28 01:38:35.986615","695085","portfolio-3q_6cl1-064","portfolio",,"377",
"514","{""id"":5179956,""can"":{""add_to"":false,""update"":false,""destroy"":false,""manage_collaborators"":false},""slug"":""fs-launch"",""type"":""Channel"",""owner"":{""id"":537764,""name"":""FERDMAN STUDIO"",""slug"":""ferdman-studio"",""type"":""User"",""avatar"":""https://static.avatars.are.na/537764/large_5a4901906a9c1a9302fb62a98faa7f1d.jpeg?1779379579"",""initials"":""FS""},""state"":""available"",""title"":""FS::LAUNCH"",""_links"":{""self"":{""href"":""https://api.are.na/v3/channels/fs-launch""},""owner"":{""href"":""https://api.are.na/v3/users/ferdman-studio""},""contents"":{""href"":""https://api.are.na/v3/channels/fs-launch/contents""},""followers"":{""href"":""https://api.are.na/v3/channels/fs-launch/followers""},""connections"":{""href"":""https://api.are.na/v3/channels/fs-launch/connections""}},""counts"":{""blocks"":198,""channels"":0,""contents"":198,""collaborators"":0},""metadata"":null,""created_at"":""2026-05-15T02:21:45Z"",""updated_at"":""2026-07-27T15:49:34Z"",""visibility"":""closed"",""description"":{""html"":""<p>LAUNCH VIDEO ETHOS</p>"",""plain"":""LAUNCH VIDEO ETHOS"",""markdown"":""LAUNCH VIDEO ETHOS""},""collaborators"":[]}","2026-07-28 01:39:59.635241","5179956","fs-launch","FS::LAUNCH","LAUNCH VIDEO ETHOS","198","503"
"515","{""id"":5314407,""can"":{""add_to"":false,""update"":false,""destroy"":false,""manage_collaborators"":false},""slug"":""fs-going_not_staying"",""type"":""Channel"",""owner"":{""id"":537764,""name"":""FERDMAN STUDIO"",""slug"":""ferdman-studio"",""type"":""User"",""avatar"":""https://static.avatars.are.na/537764/large_5a4901906a9c1a9302fb62a98faa7f1d.jpeg?1779379579"",""initials"":""FS""},""state"":""available"",""title"":""FS::GOING_NOT_STAYING"",""_links"":{""self"":{""href"":""https://api.are.na/v3/channels/fs-going_not_staying""},""owner"":{""href"":""https://api.are.na/v3/users/ferdman-studio""},""contents"":{""href"":""https://api.are.na/v3/channels/fs-going_not_staying/contents""},""followers"":{""href"":""https://api.are.na/v3/channels/fs-going_not_staying/followers""},""connections"":{""href"":""https://api.are.na/v3/channels/fs-going_not_staying/connections""}},""counts"":{""blocks"":81,""channels"":0,""contents"":81,""collaborators"":0},""metadata"":null,""created_at"":""2026-06-15T14:11:37Z"",""updated_at"":""2026-07-20T18:58:59Z"",""visibility"":""closed"",""description"":{""html"":""<p>Motion</p>"",""plain"":""Motion"",""markdown"":""Motion""},""collaborators"":[]}","2026-07-28 01:40:36.504867","5314407","fs-going_not_staying","FS::GOING_NOT_STAYING","Motion","81","503"
"516","{""id"":1271468,""can"":{""add_to"":false,""update"":false,""destroy"":false,""manage_collaborators"":false},""slug"":""systems-3a828cghsvo"",""type"":""Channel"",""owner"":{""id"":50962,""name"":""Robert Vagin"",""slug"":""robert-vagin"",""type"":""User"",""avatar"":""https://static.avatars.are.na/50962/large_5d7a606aab30c1e89be9dfcab11a5145.png?1761590278"",""initials"":""RV""},""state"":""available"",""title"":""systems"",""_links"":{""self"":{""href"":""https://api.are.na/v3/channels/systems-3a828cghsvo""},""owner"":{""href"":""https://api.are.na/v3/users/robert-vagin""},""contents"":{""href"":""https://api.are.na/v3/channels/systems-3a828cghsvo/contents""},""followers"":{""href"":""https://api.are.na/v3/channels/systems-3a828cghsvo/followers""},""connections"":{""href"":""https://api.are.na/v3/channels/systems-3a828cghsvo/connections""}},""counts"":{""blocks"":240,""channels"":37,""contents"":277,""collaborators"":0},""metadata"":null,""created_at"":""2021-10-25T10:28:47Z"",""updated_at"":""2026-07-24T13:35:24Z"",""visibility"":""closed"",""description"":{""html"":""<p>visual systems and organizational logic. how form structures information at scale. grids, notation, signals.</p>"",""plain"":""visual systems and organizational logic. how form structures information at scale. grids, notation, signals."",""markdown"":""visual systems and organizational logic. how form structures information at scale. grids, notation, signals.""},""collaborators"":[]}","2026-07-28 01:41:03.956031","1271468","systems-3a828cghsvo","systems","visual systems and organizational logic. how form structures information at scale. grids, notation, signals.","240","505"
"518","{""id"":281431,""can"":{""add_to"":false,""update"":false,""destroy"":false,""manage_collaborators"":false},""slug"":""trying-to-make-things-move"",""type"":""Channel"",""owner"":{""id"":17452,""name"":""Hope Lumsden-Barry"",""slug"":""hope-lumsden-barry"",""type"":""User"",""avatar"":null,""initials"":""HL""},""state"":""available"",""title"":""Trying to make things move"",""_links"":{""self"":{""href"":""https://api.are.na/v3/channels/trying-to-make-things-move""},""owner"":{""href"":""https://api.are.na/v3/users/hope-lumsden-barry""},""contents"":{""href"":""https://api.are.na/v3/channels/trying-to-make-things-move/contents""},""followers"":{""href"":""https://api.are.na/v3/channels/trying-to-make-things-move/followers""},""connections"":{""href"":""https://api.are.na/v3/channels/trying-to-make-things-move/connections""}},""counts"":{""blocks"":226,""channels"":3,""contents"":229,""collaborators"":0},""metadata"":null,""created_at"":""2018-11-21T04:35:25Z"",""updated_at"":""2026-07-28T00:09:44Z"",""visibility"":""closed"",""description"":null,""collaborators"":[]}","2026-07-28 01:42:33.511349","281431","trying-to-make-things-move","Trying to make things move",,"226","434"
"519","{""id"":387266,""can"":{""add_to"":false,""update"":false,""destroy"":false,""manage_collaborators"":false},""slug"":""sci-fi-ybxwdpufydo"",""type"":""Channel"",""owner"":{""id"":105383,""name"":""Kylie Wagner"",""slug"":""kylie-wagner"",""type"":""User"",""avatar"":""https://static.avatars.are.na/105383/large_b41a6eca7dd94ff09a52d9d85fe1ac3a.jpg?1751650197"",""initials"":""KW""},""state"":""available"",""title"":""Sci-fi"",""_links"":{""self"":{""href"":""https://api.are.na/v3/channels/sci-fi-ybxwdpufydo""},""owner"":{""href"":""https://api.are.na/v3/users/kylie-wagner""},""contents"":{""href"":""https://api.are.na/v3/channels/sci-fi-ybxwdpufydo/contents""},""followers"":{""href"":""https://api.are.na/v3/channels/sci-fi-ybxwdpufydo/followers""},""connections"":{""href"":""https://api.are.na/v3/channels/sci-fi-ybxwdpufydo/connections""}},""counts"":{""blocks"":126,""channels"":2,""contents"":128,""collaborators"":0},""metadata"":null,""created_at"":""2019-04-16T21:51:16Z"",""updated_at"":""2026-06-30T14:20:56Z"",""visibility"":""closed"",""description"":null,""collaborators"":[]}","2026-07-28 01:43:15.891147","387266","sci-fi-ybxwdpufydo","Sci-fi",,"126","508"
"520","{""id"":2242335,""can"":{""add_to"":false,""update"":false,""destroy"":false,""manage_collaborators"":false},""slug"":""3d-object-product"",""type"":""Channel"",""owner"":{""id"":152880,""name"":""kristian _____s"",""slug"":""kristian-_____s"",""type"":""User"",""avatar"":null,""initials"":""k_""},""state"":""available"",""title"":""3D Object/Product"",""_links"":{""self"":{""href"":""https://api.are.na/v3/channels/3d-object-product""},""owner"":{""href"":""https://api.are.na/v3/users/kristian-_____s""},""contents"":{""href"":""https://api.are.na/v3/channels/3d-object-product/contents""},""followers"":{""href"":""https://api.are.na/v3/channels/3d-object-product/followers""},""connections"":{""href"":""https://api.are.na/v3/channels/3d-object-product/connections""}},""counts"":{""blocks"":267,""channels"":14,""contents"":281,""collaborators"":0},""metadata"":null,""created_at"":""2023-06-22T23:18:45Z"",""updated_at"":""2026-07-10T00:57:32Z"",""visibility"":""closed"",""description"":null,""collaborators"":[]}","2026-07-28 01:43:44.005023","2242335","3d-object-product","3D Object/Product",,"267","509"
"521","{""id"":4746008,""can"":{""add_to"":false,""update"":false,""destroy"":false,""manage_collaborators"":false},""slug"":""motion-yo-dml5knuq"",""type"":""Channel"",""owner"":{""id"":1544427,""name"":""Tudinh Duong"",""slug"":""tudinh-duong"",""type"":""User"",""avatar"":""https://static.avatars.are.na/1544427/large_679972d255900b6997b1614f8eca272c.jpeg?1783879529"",""initials"":""TD""},""state"":""available"",""title"":""Motion"",""_links"":{""self"":{""href"":""https://api.are.na/v3/channels/motion-yo-dml5knuq""},""owner"":{""href"":""https://api.are.na/v3/users/tudinh-duong""},""contents"":{""href"":""https://api.are.na/v3/channels/motion-yo-dml5knuq/contents""},""followers"":{""href"":""https://api.are.na/v3/channels/motion-yo-dml5knuq/followers""},""connections"":{""href"":""https://api.are.na/v3/channels/motion-yo-dml5knuq/connections""}},""counts"":{""blocks"":402,""channels"":0,""contents"":402,""collaborators"":0},""metadata"":null,""created_at"":""2026-01-25T23:00:52Z"",""updated_at"":""2026-07-27T23:11:12Z"",""visibility"":""closed"",""description"":{""html"":""<p>Only things that actually move: GIFs, video, animation, motion graphics, kinetic type. Static images do not belong here — not even photographs of motion (blur, strobe, film stills).</p>"",""plain"":""Only things that actually move: GIFs, video, animation, motion graphics, kinetic type. Static images do not belong here — not even photographs of motion (blur, strobe, film stills)."",""markdown"":""Only things that actually move: GIFs, video, animation, motion graphics, kinetic type. Static images do not belong here — not even photographs of motion (blur, strobe, film stills).""},""collaborators"":[]}","2026-07-28 01:44:26.252197","4746008","motion-yo-dml5knuq","Motion","Only things that actually move: GIFs, video, animation, motion graphics, kinetic type. Static images do not belong here — not even photographs of motion (blur, strobe, film stills).","402","510"
"522","{""id"":3451129,""can"":{""add_to"":false,""update"":false,""destroy"":false,""manage_collaborators"":false},""slug"":""inspiration-pwqoo-rz3vk"",""type"":""Channel"",""owner"":{""id"":713253,""name"":""Nir Tober"",""slug"":""nir-tober"",""type"":""User"",""avatar"":""https://static.avatars.are.na/713253/large_93be3ab8948fd8402060b7010aba33d5.png?1738323922"",""initials"":""NT""},""state"":""available"",""title"":""Inspiration"",""_links"":{""self"":{""href"":""https://api.are.na/v3/channels/inspiration-pwqoo-rz3vk""},""owner"":{""href"":""https://api.are.na/v3/users/nir-tober""},""contents"":{""href"":""https://api.are.na/v3/channels/inspiration-pwqoo-rz3vk/contents""},""followers"":{""href"":""https://api.are.na/v3/channels/inspiration-pwqoo-rz3vk/followers""},""connections"":{""href"":""https://api.are.na/v3/channels/inspiration-pwqoo-rz3vk/connections""}},""counts"":{""blocks"":69,""channels"":60,""contents"":129,""collaborators"":0},""metadata"":null,""created_at"":""2025-01-08T08:26:39Z"",""updated_at"":""2026-06-08T06:03:39Z"",""visibility"":""closed"",""description"":{""html"":""<p>General inspiration, mostly design</p>"",""plain"":""General inspiration, mostly design"",""markdown"":""General inspiration, mostly design""},""collaborators"":[]}","2026-07-28 01:45:24.679052","3451129","inspiration-pwqoo-rz3vk","Inspiration","General inspiration, mostly design","69","511"
"523","{""id"":2070511,""can"":{""add_to"":false,""update"":false,""destroy"":false,""manage_collaborators"":false},""slug"":""graphic-backboard"",""type"":""Channel"",""owner"":{""id"":496099,""name"":""Tjen  Colman"",""slug"":""tjen-colman"",""type"":""User"",""avatar"":""https://static.avatars.are.na/496099/large_cbc8b9cc2ca93e61bea3267ef4d564af.png?1678699139"",""initials"":""TC""},""state"":""available"",""title"":""GRAPHIC BACKBOARD"",""_links"":{""self"":{""href"":""https://api.are.na/v3/channels/graphic-backboard""},""owner"":{""href"":""https://api.are.na/v3/users/tjen-colman""},""contents"":{""href"":""https://api.are.na/v3/channels/graphic-backboard/contents""},""followers"":{""href"":""https://api.are.na/v3/channels/graphic-backboard/followers""},""connections"":{""href"":""https://api.are.na/v3/channels/graphic-backboard/connections""}},""counts"":{""blocks"":1828,""channels"":41,""contents"":1869,""collaborators"":0},""metadata"":null,""created_at"":""2023-03-15T14:42:18Z"",""updated_at"":""2026-07-13T08:10:01Z"",""visibility"":""closed"",""description"":{""html"":""<p>General graphic inspiration<br>\n@tjen.colman</p>"",""plain"":""General graphic inspiration\n@tjen.colman"",""markdown"":""General graphic inspiration\n@tjen.colman""},""collaborators"":[]}","2026-07-28 01:45:48.313378","2070511","graphic-backboard","GRAPHIC BACKBOARD","General graphic inspiration
@tjen.colman","1828","512"
"524","{""id"":3835157,""can"":{""add_to"":false,""update"":false,""destroy"":false,""manage_collaborators"":false},""slug"":""scanning-xpkn6hjn0as"",""type"":""Channel"",""owner"":{""id"":166412,""name"":""Christiano Fassoli"",""slug"":""christiano-fassoli"",""type"":""User"",""avatar"":""https://static.avatars.are.na/166412/large_ecdfc7a7e86630f709ab75b78273d4c0.png?1764688637"",""initials"":""CF""},""state"":""available"",""title"":""Scanning"",""_links"":{""self"":{""href"":""https://api.are.na/v3/channels/scanning-xpkn6hjn0as""},""owner"":{""href"":""https://api.are.na/v3/users/christiano-fassoli""},""contents"":{""href"":""https://api.are.na/v3/channels/scanning-xpkn6hjn0as/contents""},""followers"":{""href"":""https://api.are.na/v3/channels/scanning-xpkn6hjn0as/followers""},""connections"":{""href"":""https://api.are.na/v3/channels/scanning-xpkn6hjn0as/connections""}},""counts"":{""blocks"":20,""channels"":0,""contents"":20,""collaborators"":0},""metadata"":null,""created_at"":""2025-05-20T10:22:30Z"",""updated_at"":""2026-03-11T16:01:23Z"",""visibility"":""closed"",""description"":null,""collaborators"":[]}","2026-07-28 01:49:19.848722","3835157","scanning-xpkn6hjn0as","Scanning",,"20","513"
"525","{""id"":4819288,""can"":{""add_to"":false,""update"":false,""destroy"":false,""manage_collaborators"":false},""slug"":""lowdata-max_data"",""type"":""Channel"",""owner"":{""id"":1306958,""name"":""Jake Tan"",""slug"":""jake-tan"",""type"":""User"",""avatar"":""https://static.avatars.are.na/1306958/large_c4ecefa76f4578a7c21b24beb8364d6b.jpg?1769715508"",""initials"":""JT""},""state"":""available"",""title"":""lowdata/MAX_DATA"",""_links"":{""self"":{""href"":""https://api.are.na/v3/channels/lowdata-max_data""},""owner"":{""href"":""https://api.are.na/v3/users/jake-tan""},""contents"":{""href"":""https://api.are.na/v3/channels/lowdata-max_data/contents""},""followers"":{""href"":""https://api.are.na/v3/channels/lowdata-max_data/followers""},""connections"":{""href"":""https://api.are.na/v3/channels/lowdata-max_data/connections""}},""counts"":{""blocks"":162,""channels"":9,""contents"":171,""collaborators"":3},""metadata"":null,""created_at"":""2026-02-11T22:44:10Z"",""updated_at"":""2026-07-27T02:18:49Z"",""visibility"":""closed"",""description"":null,""collaborators"":[{""id"":222580,""name"":""Asaf Balaga"",""slug"":""asaf-balaga"",""type"":""User"",""_links"":{""self"":{""href"":""https://api.are.na/v3/users/asaf-balaga""}},""avatar"":null,""initials"":""AB""},{""id"":1306987,""name"":""Ahmed Hasan Baky"",""slug"":""ahmed-hasan-baky"",""type"":""User"",""_links"":{""self"":{""href"":""https://api.are.na/v3/users/ahmed-hasan-baky""}},""avatar"":null,""initials"":""AHB""},{""id"":1306058,""name"":""Caroline Hana"",""slug"":""caroline-hana"",""type"":""User"",""_links"":{""self"":{""href"":""https://api.are.na/v3/users/caroline-hana""}},""avatar"":null,""initials"":""CH""}]}","2026-07-28 01:49:45.625253","4819288","lowdata-max_data","lowdata/MAX_DATA",,"162","514"
"526","{""id"":2767448,""can"":{""add_to"":false,""update"":false,""destroy"":false,""manage_collaborators"":false},""slug"":""data-charles-clip"",""type"":""Channel"",""owner"":{""id"":442740,""name"":""Thibault Guillon"",""slug"":""thibault-guillon"",""type"":""User"",""avatar"":null,""initials"":""TG""},""state"":""available"",""title"":""DATA/CHARLES\\CLIP"",""_links"":{""self"":{""href"":""https://api.are.na/v3/channels/data-charles-clip""},""owner"":{""href"":""https://api.are.na/v3/users/thibault-guillon""},""contents"":{""href"":""https://api.are.na/v3/channels/data-charles-clip/contents""},""followers"":{""href"":""https://api.are.na/v3/channels/data-charles-clip/followers""},""connections"":{""href"":""https://api.are.na/v3/channels/data-charles-clip/connections""}},""counts"":{""blocks"":34,""channels"":0,""contents"":34,""collaborators"":0},""metadata"":null,""created_at"":""2024-03-27T10:45:13Z"",""updated_at"":""2026-03-02T11:12:18Z"",""visibility"":""closed"",""description"":null,""collaborators"":[]}","2026-07-28 01:50:18.412847","2767448","data-charles-clip","DATA/CHARLES\CLIP",,"34","515"
"527","{""id"":4722488,""can"":{""add_to"":false,""update"":false,""destroy"":false,""manage_collaborators"":false},""slug"":""permawebos"",""type"":""Channel"",""owner"":{""id"":187804,""name"":""jaja blinky"",""slug"":""jaja-blinky"",""type"":""User"",""avatar"":null,""initials"":""jb""},""state"":""available"",""title"":""permawebOS"",""_links"":{""self"":{""href"":""https://api.are.na/v3/channels/permawebos""},""owner"":{""href"":""https://api.are.na/v3/users/jaja-blinky""},""contents"":{""href"":""https://api.are.na/v3/channels/permawebos/contents""},""followers"":{""href"":""https://api.are.na/v3/channels/permawebos/followers""},""connections"":{""href"":""https://api.are.na/v3/channels/permawebos/connections""}},""counts"":{""blocks"":144,""channels"":3,""contents"":147,""collaborators"":0},""metadata"":null,""created_at"":""2026-01-19T23:02:27Z"",""updated_at"":""2026-05-13T17:30:30Z"",""visibility"":""closed"",""description"":{""html"":""<p>techno optimist neo minimal core</p>"",""plain"":""techno optimist neo minimal core"",""markdown"":""techno optimist neo minimal core""},""collaborators"":[]}","2026-07-28 01:50:41.121691","4722488","permawebos","permawebOS","techno optimist neo minimal core","144","516"
"528","{""id"":2843100,""can"":{""add_to"":false,""update"":false,""destroy"":false,""manage_collaborators"":false},""slug"":""technology-kqvvxaxsmyw"",""type"":""Channel"",""owner"":{""id"":673155,""name"":""Rafaele M"",""slug"":""rafaele-m"",""type"":""User"",""avatar"":""https://static.avatars.are.na/673155/large_fe8cb05dfd96625685a32520370b4408.png?1766951228"",""initials"":""RM""},""state"":""available"",""title"":""Technology"",""_links"":{""self"":{""href"":""https://api.are.na/v3/channels/technology-kqvvxaxsmyw""},""owner"":{""href"":""https://api.are.na/v3/users/rafaele-m""},""contents"":{""href"":""https://api.are.na/v3/channels/technology-kqvvxaxsmyw/contents""},""followers"":{""href"":""https://api.are.na/v3/channels/technology-kqvvxaxsmyw/followers""},""connections"":{""href"":""https://api.are.na/v3/channels/technology-kqvvxaxsmyw/connections""}},""counts"":{""blocks"":146,""channels"":0,""contents"":146,""collaborators"":0},""metadata"":null,""created_at"":""2024-05-01T03:26:51Z"",""updated_at"":""2026-04-21T18:50:17Z"",""visibility"":""closed"",""description"":null,""collaborators"":[]}","2026-07-28 01:51:12.812277","2843100","technology-kqvvxaxsmyw","Technology",,"146","517"
"529","{""id"":4492428,""can"":{""add_to"":false,""update"":false,""destroy"":false,""manage_collaborators"":false},""slug"":""marquis-barron"",""type"":""Channel"",""owner"":{""id"":159784,""name"":""Tirelle Barron"",""slug"":""tirelle-barron"",""type"":""User"",""avatar"":null,""initials"":""TB""},""state"":""available"",""title"":""MARQUIS BARRON"",""_links"":{""self"":{""href"":""https://api.are.na/v3/channels/marquis-barron""},""owner"":{""href"":""https://api.are.na/v3/users/tirelle-barron""},""contents"":{""href"":""https://api.are.na/v3/channels/marquis-barron/contents""},""followers"":{""href"":""https://api.are.na/v3/channels/marquis-barron/followers""},""connections"":{""href"":""https://api.are.na/v3/channels/marquis-barron/connections""}},""counts"":{""blocks"":90,""channels"":0,""contents"":90,""collaborators"":0},""metadata"":null,""created_at"":""2025-11-22T15:29:51Z"",""updated_at"":""2026-07-17T17:48:14Z"",""visibility"":""closed"",""description"":null,""collaborators"":[]}","2026-07-28 01:51:40.33254","4492428","marquis-barron","MARQUIS BARRON",,"90","518"
"530","{""id"":4468504,""can"":{""add_to"":false,""update"":false,""destroy"":false,""manage_collaborators"":false},""slug"":""ice-st"",""type"":""Channel"",""owner"":{""id"":263651,""name"":""Existential Pleasures"",""slug"":""existential-pleasures"",""type"":""User"",""avatar"":""https://static.avatars.are.na/263651/large_e69234696d685126cd24e11387fc737e.jpg?1625847434"",""initials"":""EP""},""state"":""available"",""title"":""Ice  ST"",""_links"":{""self"":{""href"":""https://api.are.na/v3/channels/ice-st""},""owner"":{""href"":""https://api.are.na/v3/users/existential-pleasures""},""contents"":{""href"":""https://api.are.na/v3/channels/ice-st/contents""},""followers"":{""href"":""https://api.are.na/v3/channels/ice-st/followers""},""connections"":{""href"":""https://api.are.na/v3/channels/ice-st/connections""}},""counts"":{""blocks"":122,""channels"":0,""contents"":122,""collaborators"":2},""metadata"":null,""created_at"":""2025-11-16T22:19:53Z"",""updated_at"":""2026-06-04T02:00:52Z"",""visibility"":""closed"",""description"":null,""collaborators"":[{""id"":888472,""name"":""Fres Fres"",""slug"":""fres-fres"",""type"":""User"",""_links"":{""self"":{""href"":""https://api.are.na/v3/users/fres-fres""}},""avatar"":null,""initials"":""FF""},{""id"":425127,""name"":""Joseph Wyness"",""slug"":""joseph-wyness"",""type"":""User"",""_links"":{""self"":{""href"":""https://api.are.na/v3/users/joseph-wyness""}},""avatar"":null,""initials"":""JW""}]}","2026-07-28 01:52:06.005032","4468504","ice-st","Ice  ST",,"122","519"
"531","{""id"":4424104,""can"":{""add_to"":false,""update"":false,""destroy"":false,""manage_collaborators"":false},""slug"":""objet-bmjhu3yqi28"",""type"":""Channel"",""owner"":{""id"":283715,""name"":""Colin Lawrence"",""slug"":""colin-lawrence"",""type"":""User"",""avatar"":null,""initials"":""CL""},""state"":""available"",""title"":""objet"",""_links"":{""self"":{""href"":""https://api.are.na/v3/channels/objet-bmjhu3yqi28""},""owner"":{""href"":""https://api.are.na/v3/users/colin-lawrence""},""contents"":{""href"":""https://api.are.na/v3/channels/objet-bmjhu3yqi28/contents""},""followers"":{""href"":""https://api.are.na/v3/channels/objet-bmjhu3yqi28/followers""},""connections"":{""href"":""https://api.are.na/v3/channels/objet-bmjhu3yqi28/connections""}},""counts"":{""blocks"":32,""channels"":0,""contents"":32,""collaborators"":0},""metadata"":null,""created_at"":""2025-11-05T23:15:33Z"",""updated_at"":""2026-04-15T20:41:37Z"",""visibility"":""closed"",""description"":null,""collaborators"":[]}","2026-07-28 01:52:34.108001","4424104","objet-bmjhu3yqi28","objet",,"32","520"
"532","{""id"":4409167,""can"":{""add_to"":false,""update"":false,""destroy"":false,""manage_collaborators"":false},""slug"":""sacred-matter"",""type"":""Channel"",""owner"":{""id"":215164,""name"":""SMSTOEARTH ."",""slug"":""smstoearth"",""type"":""User"",""avatar"":""https://static.avatars.are.na/215164/large_f3175155a2383aeb83514f900b32200a.png?1682437729"",""initials"":""S.""},""state"":""available"",""title"":""SACRED MATTER"",""_links"":{""self"":{""href"":""https://api.are.na/v3/channels/sacred-matter""},""owner"":{""href"":""https://api.are.na/v3/users/smstoearth""},""contents"":{""href"":""https://api.are.na/v3/channels/sacred-matter/contents""},""followers"":{""href"":""https://api.are.na/v3/channels/sacred-matter/followers""},""connections"":{""href"":""https://api.are.na/v3/channels/sacred-matter/connections""}},""counts"":{""blocks"":22,""channels"":0,""contents"":22,""collaborators"":0},""metadata"":null,""created_at"":""2025-11-02T19:57:37Z"",""updated_at"":""2025-11-11T17:39:28Z"",""visibility"":""closed"",""description"":null,""collaborators"":[]}","2026-07-28 01:52:55.046776","4409167","sacred-matter","SACRED MATTER",,"22","521"
"533","{""id"":2362161,""can"":{""add_to"":false,""update"":false,""destroy"":false,""manage_collaborators"":false},""slug"":""metamorph-mzqrd4la5o4"",""type"":""Channel"",""owner"":{""id"":568503,""name"":""Tristan Bobo"",""slug"":""tristan-bobo"",""type"":""User"",""avatar"":""https://static.avatars.are.na/568503/large_e1ce86678115139ac67c16d757f36891.jpeg?1777569790"",""initials"":""TB""},""state"":""available"",""title"":""Metamorph"",""_links"":{""self"":{""href"":""https://api.are.na/v3/channels/metamorph-mzqrd4la5o4""},""owner"":{""href"":""https://api.are.na/v3/users/tristan-bobo""},""contents"":{""href"":""https://api.are.na/v3/channels/metamorph-mzqrd4la5o4/contents""},""followers"":{""href"":""https://api.are.na/v3/channels/metamorph-mzqrd4la5o4/followers""},""connections"":{""href"":""https://api.are.na/v3/channels/metamorph-mzqrd4la5o4/connections""}},""counts"":{""blocks"":805,""channels"":0,""contents"":805,""collaborators"":0},""metadata"":null,""created_at"":""2023-09-08T04:36:01Z"",""updated_at"":""2026-07-27T03:18:04Z"",""visibility"":""closed"",""description"":{""html"":""<p>Bauhaus/metamodern grotesk experimental typography, parametric architecture, concept 3D renders, specialized UI, novel industrial manufacturing methods, biomimicry, recycled materials. Organic (early 2000’s era NURBS modeling) forms meeting current patterns of design and development, artistic and technical. An intersection of visual archetypes that to my eye fall under a consistent flavor of “utopian” sci-fi.</p>"",""plain"":""Bauhaus/metamodern grotesk experimental typography, parametric architecture, concept 3D renders, specialized UI, novel industrial manufacturing methods, biomimicry, recycled materials. Organic (early 2000’s era NURBS modeling) forms meeting current patterns of design and development, artistic and technical. An intersection of visual archetypes that to my eye fall under a consistent flavor of “utopian” sci-fi."",""markdown"":""Bauhaus/metamodern grotesk experimental typography, parametric architecture, concept 3D renders, specialized UI, novel industrial manufacturing methods, biomimicry, recycled materials. Organic (early 2000’s era NURBS modeling) forms meeting current patterns of design and development, artistic and technical. An intersection of visual archetypes that to my eye fall under a consistent flavor of “utopian” sci-fi.""},""collaborators"":[]}","2026-07-28 01:53:13.421022","2362161","metamorph-mzqrd4la5o4","Metamorph","Bauhaus/metamodern grotesk experimental typography, parametric architecture, concept 3D renders, specialized UI, novel industrial manufacturing methods, biomimicry, recycled materials. Organic (early 2000’s era NURBS modeling) forms meeting current patterns of design and development, artistic and technical. An intersection of visual archetypes that to my eye fall under a consistent flavor of “utopian” sci-fi.","805","522"
"534","{""id"":4367706,""can"":{""add_to"":false,""update"":false,""destroy"":false,""manage_collaborators"":false},""slug"":""conceptcollab"",""type"":""Channel"",""owner"":{""id"":141376,""name"":""Luis Gutierrez Rico"",""slug"":""luis-gutierrez-rico"",""type"":""User"",""avatar"":""https://static.avatars.are.na/141376/large_16dc5c77f9e5517abc7042fce204ce0e.jpg?1576431854"",""initials"":""LGR""},""state"":""available"",""title"":""ConceptCollab"",""_links"":{""self"":{""href"":""https://api.are.na/v3/channels/conceptcollab""},""owner"":{""href"":""https://api.are.na/v3/users/luis-gutierrez-rico""},""contents"":{""href"":""https://api.are.na/v3/channels/conceptcollab/contents""},""followers"":{""href"":""https://api.are.na/v3/channels/conceptcollab/followers""},""connections"":{""href"":""https://api.are.na/v3/channels/conceptcollab/connections""}},""counts"":{""blocks"":143,""channels"":8,""contents"":151,""collaborators"":0},""metadata"":null,""created_at"":""2025-10-24T09:13:07Z"",""updated_at"":""2026-07-14T14:56:23Z"",""visibility"":""closed"",""description"":null,""collaborators"":[]}","2026-07-28 01:54:34.414905","4367706","conceptcollab","ConceptCollab",,"143","523"
"535","{""id"":4165674,""can"":{""add_to"":false,""update"":false,""destroy"":false,""manage_collaborators"":false},""slug"":""3d_c"",""type"":""Channel"",""owner"":{""id"":881417,""name"":""vi .IO"",""slug"":""vi-io"",""type"":""User"",""avatar"":""https://static.avatars.are.na/881417/large_47c5ee6d1bf0ca9d728a8a0f6f81808d.jpg?1769105940"",""initials"":""v.""},""state"":""available"",""title"":""3D_C"",""_links"":{""self"":{""href"":""https://api.are.na/v3/channels/3d_c""},""owner"":{""href"":""https://api.are.na/v3/users/vi-io""},""contents"":{""href"":""https://api.are.na/v3/channels/3d_c/contents""},""followers"":{""href"":""https://api.are.na/v3/channels/3d_c/followers""},""connections"":{""href"":""https://api.are.na/v3/channels/3d_c/connections""}},""counts"":{""blocks"":61,""channels"":3,""contents"":64,""collaborators"":0},""metadata"":null,""created_at"":""2025-09-09T16:12:15Z"",""updated_at"":""2026-04-09T10:50:52Z"",""visibility"":""closed"",""description"":{""html"":""<p>dedicated to interesting compositions for 3D/CGI.</p>"",""plain"":""dedicated to interesting compositions for 3D/CGI."",""markdown"":""dedicated to interesting compositions for 3D/CGI.""},""collaborators"":[]}","2026-07-28 01:55:09.849933","4165674","3d_c","3D_C","dedicated to interesting compositions for 3D/CGI.","61","524"
"536","{""id"":3314426,""can"":{""add_to"":false,""update"":false,""destroy"":false,""manage_collaborators"":false},""slug"":""fuel-i2iu0tjcilc"",""type"":""Channel"",""owner"":{""id"":77515,""name"":""H. Stempczynski"",""slug"":""h-stempczynski"",""type"":""User"",""avatar"":""https://static.avatars.are.na/77515/large_cefe6c0b85b24250a47736017e8ce17c.jpeg?1782048552"",""initials"":""HS""},""state"":""available"",""title"":""ᵒʳˢᵉ+FUEL"",""_links"":{""self"":{""href"":""https://api.are.na/v3/channels/fuel-i2iu0tjcilc""},""owner"":{""href"":""https://api.are.na/v3/users/h-stempczynski""},""contents"":{""href"":""https://api.are.na/v3/channels/fuel-i2iu0tjcilc/contents""},""followers"":{""href"":""https://api.are.na/v3/channels/fuel-i2iu0tjcilc/followers""},""connections"":{""href"":""https://api.are.na/v3/channels/fuel-i2iu0tjcilc/connections""}},""counts"":{""blocks"":273,""channels"":1,""contents"":274,""collaborators"":0},""metadata"":null,""created_at"":""2024-11-11T16:29:36Z"",""updated_at"":""2026-05-28T10:26:05Z"",""visibility"":""closed"",""description"":null,""collaborators"":[]}","2026-07-28 01:55:37.839951","3314426","fuel-i2iu0tjcilc","ᵒʳˢᵉ+FUEL",,"273","525"
"537","{""id"":3343100,""can"":{""add_to"":false,""update"":false,""destroy"":false,""manage_collaborators"":false},""slug"":""light-yemx3t0q3bc"",""type"":""Channel"",""owner"":{""id"":77515,""name"":""H. Stempczynski"",""slug"":""h-stempczynski"",""type"":""User"",""avatar"":""https://static.avatars.are.na/77515/large_cefe6c0b85b24250a47736017e8ce17c.jpeg?1782048552"",""initials"":""HS""},""state"":""available"",""title"":""ᵒʳˢᵉ+LIGHT"",""_links"":{""self"":{""href"":""https://api.are.na/v3/channels/light-yemx3t0q3bc""},""owner"":{""href"":""https://api.are.na/v3/users/h-stempczynski""},""contents"":{""href"":""https://api.are.na/v3/channels/light-yemx3t0q3bc/contents""},""followers"":{""href"":""https://api.are.na/v3/channels/light-yemx3t0q3bc/followers""},""connections"":{""href"":""https://api.are.na/v3/channels/light-yemx3t0q3bc/connections""}},""counts"":{""blocks"":120,""channels"":1,""contents"":121,""collaborators"":0},""metadata"":null,""created_at"":""2024-11-21T11:24:59Z"",""updated_at"":""2026-07-13T19:21:23Z"",""visibility"":""closed"",""description"":null,""collaborators"":[]}","2026-07-28 01:56:18.716506","3343100","light-yemx3t0q3bc","ᵒʳˢᵉ+LIGHT",,"120","525"
"538","{""id"":1895818,""can"":{""add_to"":false,""update"":false,""destroy"":false,""manage_collaborators"":false},""slug"":""misc-prehistoric-futuristic-neolithic-primordial-digitality-and-archaeology"",""type"":""Channel"",""owner"":{""id"":382661,""name"":""OMDD \u200e "",""slug"":""omdd"",""type"":""User"",""avatar"":""https://static.avatars.are.na/382661/large_20570d0c04e37e81329b2886bcb00266.jpg?1703717949"",""initials"":""O\u200e""},""state"":""available"",""title"":""✶ MISC • Prehistoric Futuristic Neolithic Primordial Digitality and Archaeology"",""_links"":{""self"":{""href"":""https://api.are.na/v3/channels/misc-prehistoric-futuristic-neolithic-primordial-digitality-and-archaeology""},""owner"":{""href"":""https://api.are.na/v3/users/omdd""},""contents"":{""href"":""https://api.are.na/v3/channels/misc-prehistoric-futuristic-neolithic-primordial-digitality-and-archaeology/contents""},""followers"":{""href"":""https://api.are.na/v3/channels/misc-prehistoric-futuristic-neolithic-primordial-digitality-and-archaeology/followers""},""connections"":{""href"":""https://api.are.na/v3/channels/misc-prehistoric-futuristic-neolithic-primordial-digitality-and-archaeology/connections""}},""counts"":{""blocks"":184,""channels"":5,""contents"":189,""collaborators"":0},""metadata"":null,""created_at"":""2022-12-06T23:41:07Z"",""updated_at"":""2026-07-19T20:51:50Z"",""visibility"":""public"",""description"":{""html"":""<p>What if the find what we have found in the future? What does this say about us…</p>"",""plain"":""What if the find what we have found in the future? What does this say about us…"",""markdown"":""What if the find what we have found in the future? What does this say about us…""},""collaborators"":[]}","2026-07-28 01:56:48.759708","1895818","misc-prehistoric-futuristic-neolithic-primordial-digitality-and-archaeology","✶ MISC • Prehistoric Futuristic Neolithic Primordial Digitality and Archaeology","What if the find what we have found in the future? What does this say about us…","184","527"
"539","{""id"":541088,""can"":{""add_to"":false,""update"":false,""destroy"":false,""manage_collaborators"":false},""slug"":""r-d-obws3rmudou"",""type"":""Channel"",""owner"":{""id"":81651,""name"":""Ben Scovill"",""slug"":""ben-scovill"",""type"":""User"",""avatar"":""https://static.avatars.are.na/81651/large_1a76e73216377688038d1fbc2e1c7ff4.jpg?1768404045"",""initials"":""BS""},""state"":""available"",""title"":""R&D™"",""_links"":{""self"":{""href"":""https://api.are.na/v3/channels/r-d-obws3rmudou""},""owner"":{""href"":""https://api.are.na/v3/users/ben-scovill""},""contents"":{""href"":""https://api.are.na/v3/channels/r-d-obws3rmudou/contents""},""followers"":{""href"":""https://api.are.na/v3/channels/r-d-obws3rmudou/followers""},""connections"":{""href"":""https://api.are.na/v3/channels/r-d-obws3rmudou/connections""}},""counts"":{""blocks"":1674,""channels"":65,""contents"":1739,""collaborators"":0},""metadata"":null,""created_at"":""2019-12-11T20:52:08Z"",""updated_at"":""2026-07-27T19:57:47Z"",""visibility"":""closed"",""description"":null,""collaborators"":[]}","2026-07-28 01:57:25.554954","541088","r-d-obws3rmudou","R&D™",,"1674","528"
"540","{""id"":2096849,""can"":{""add_to"":false,""update"":false,""destroy"":false,""manage_collaborators"":false},""slug"":""still-life-zngwmgwjubk"",""type"":""Channel"",""owner"":{""id"":490584,""name"":""Unlearn Studio"",""slug"":""unlearn-studio"",""type"":""User"",""avatar"":""https://static.avatars.are.na/490584/large_c349d361b51e02120bd972d356eb647a.png?1684231584"",""initials"":""US""},""state"":""available"",""title"":""Still Life™"",""_links"":{""self"":{""href"":""https://api.are.na/v3/channels/still-life-zngwmgwjubk""},""owner"":{""href"":""https://api.are.na/v3/users/unlearn-studio""},""contents"":{""href"":""https://api.are.na/v3/channels/still-life-zngwmgwjubk/contents""},""followers"":{""href"":""https://api.are.na/v3/channels/still-life-zngwmgwjubk/followers""},""connections"":{""href"":""https://api.are.na/v3/channels/still-life-zngwmgwjubk/connections""}},""counts"":{""blocks"":108,""channels"":7,""contents"":115,""collaborators"":1},""metadata"":null,""created_at"":""2023-03-28T17:11:11Z"",""updated_at"":""2026-06-12T07:39:43Z"",""visibility"":""closed"",""description"":null,""collaborators"":[{""id"":495166,""name"":""Giorgia X"",""slug"":""giorgia-x"",""type"":""User"",""_links"":{""self"":{""href"":""https://api.are.na/v3/users/giorgia-x""}},""avatar"":null,""initials"":""GX""}]}","2026-07-28 02:00:05.280219","2096849","still-life-zngwmgwjubk","Still Life™",,"108","529"
"541","{""id"":3706813,""can"":{""add_to"":false,""update"":false,""destroy"":false,""manage_collaborators"":false},""slug"":""artsy-visus"",""type"":""Channel"",""owner"":{""id"":434638,""name"":""Moritz Klein"",""slug"":""moritz-klein-rsvbtjcnp2w"",""type"":""User"",""avatar"":null,""initials"":""MK""},""state"":""available"",""title"":""artsy-visus"",""_links"":{""self"":{""href"":""https://api.are.na/v3/channels/artsy-visus""},""owner"":{""href"":""https://api.are.na/v3/users/moritz-klein-rsvbtjcnp2w""},""contents"":{""href"":""https://api.are.na/v3/channels/artsy-visus/contents""},""followers"":{""href"":""https://api.are.na/v3/channels/artsy-visus/followers""},""connections"":{""href"":""https://api.are.na/v3/channels/artsy-visus/connections""}},""counts"":{""blocks"":44,""channels"":0,""contents"":44,""collaborators"":0},""metadata"":null,""created_at"":""2025-04-04T17:45:29Z"",""updated_at"":""2026-06-06T02:23:03Z"",""visibility"":""closed"",""description"":null,""collaborators"":[]}","2026-07-28 02:00:36.002959","3706813","artsy-visus","artsy-visus",,"44","530"
"542","{""id"":3577002,""can"":{""add_to"":false,""update"":false,""destroy"":false,""manage_collaborators"":false},""slug"":""4-light-1c-ezzk8vgy"",""type"":""Channel"",""owner"":{""id"":871607,""name"":""charles orliac S"",""slug"":""charles-orliac-s"",""type"":""User"",""avatar"":""https://static.avatars.are.na/871607/large_d3151f2d45bee76cb22f4a1e320a6e72.jpg?1758297213"",""initials"":""coS""},""state"":""available"",""title"":""4.Light"",""_links"":{""self"":{""href"":""https://api.are.na/v3/channels/4-light-1c-ezzk8vgy""},""owner"":{""href"":""https://api.are.na/v3/users/charles-orliac-s""},""contents"":{""href"":""https://api.are.na/v3/channels/4-light-1c-ezzk8vgy/contents""},""followers"":{""href"":""https://api.are.na/v3/channels/4-light-1c-ezzk8vgy/followers""},""connections"":{""href"":""https://api.are.na/v3/channels/4-light-1c-ezzk8vgy/connections""}},""counts"":{""blocks"":298,""channels"":1,""contents"":299,""collaborators"":0},""metadata"":null,""created_at"":""2025-02-18T15:40:54Z"",""updated_at"":""2026-07-27T21:17:47Z"",""visibility"":""closed"",""description"":null,""collaborators"":[]}","2026-07-28 02:01:01.933417","3577002","4-light-1c-ezzk8vgy","4.Light",,"298","531"
"543","{""id"":1080568,""can"":{""add_to"":false,""update"":false,""destroy"":false,""manage_collaborators"":false},""slug"":""sodes-ing"",""type"":""Channel"",""owner"":{""id"":250863,""name"":""olha smnv"",""slug"":""olha-smnv"",""type"":""User"",""avatar"":""https://static.avatars.are.na/250863/large_2b407b0842461a59ab6beb611ec7e477.jpg?1672133329"",""initials"":""os""},""state"":""available"",""title"":""sodes ing"",""_links"":{""self"":{""href"":""https://api.are.na/v3/channels/sodes-ing""},""owner"":{""href"":""https://api.are.na/v3/users/olha-smnv""},""contents"":{""href"":""https://api.are.na/v3/channels/sodes-ing/contents""},""followers"":{""href"":""https://api.are.na/v3/channels/sodes-ing/followers""},""connections"":{""href"":""https://api.are.na/v3/channels/sodes-ing/connections""}},""counts"":{""blocks"":55,""channels"":2,""contents"":57,""collaborators"":0},""metadata"":null,""created_at"":""2021-05-09T18:03:37Z"",""updated_at"":""2025-03-18T21:51:06Z"",""visibility"":""closed"",""description"":{""html"":""<p>design studio</p>"",""plain"":""design studio"",""markdown"":""design studio""},""collaborators"":[]}","2026-07-28 02:01:43.933846","1080568","sodes-ing","sodes ing","design studio","55","532"
"544","{""id"":3647716,""can"":{""add_to"":false,""update"":false,""destroy"":false,""manage_collaborators"":false},""slug"":""lp-exrryxjt1qs"",""type"":""Channel"",""owner"":{""id"":909938,""name"":""Morgane Malleron"",""slug"":""morgane-malleron-js6gwpoty1k"",""type"":""User"",""avatar"":null,""initials"":""MM""},""state"":""available"",""title"":""LP"",""_links"":{""self"":{""href"":""https://api.are.na/v3/channels/lp-exrryxjt1qs""},""owner"":{""href"":""https://api.are.na/v3/users/morgane-malleron-js6gwpoty1k""},""contents"":{""href"":""https://api.are.na/v3/channels/lp-exrryxjt1qs/contents""},""followers"":{""href"":""https://api.are.na/v3/channels/lp-exrryxjt1qs/followers""},""connections"":{""href"":""https://api.are.na/v3/channels/lp-exrryxjt1qs/connections""}},""counts"":{""blocks"":21,""channels"":0,""contents"":21,""collaborators"":0},""metadata"":null,""created_at"":""2025-03-14T17:30:52Z"",""updated_at"":""2025-11-24T10:00:00Z"",""visibility"":""closed"",""description"":null,""collaborators"":[]}","2026-07-28 02:02:10.856669","3647716","lp-exrryxjt1qs","LP",,"21","533"
"545","{""id"":3503039,""can"":{""add_to"":false,""update"":false,""destroy"":false,""manage_collaborators"":false},""slug"":""ux-details-8j3_kapbxtg"",""type"":""Channel"",""owner"":{""id"":207840,""name"":""pigeon $"",""slug"":""pigeon"",""type"":""User"",""avatar"":null,""initials"":""p$""},""state"":""available"",""title"":""ux details"",""_links"":{""self"":{""href"":""https://api.are.na/v3/channels/ux-details-8j3_kapbxtg""},""owner"":{""href"":""https://api.are.na/v3/users/pigeon""},""contents"":{""href"":""https://api.are.na/v3/channels/ux-details-8j3_kapbxtg/contents""},""followers"":{""href"":""https://api.are.na/v3/channels/ux-details-8j3_kapbxtg/followers""},""connections"":{""href"":""https://api.are.na/v3/channels/ux-details-8j3_kapbxtg/connections""}},""counts"":{""blocks"":219,""channels"":0,""contents"":219,""collaborators"":0},""metadata"":null,""created_at"":""2025-01-25T16:06:31Z"",""updated_at"":""2026-02-23T21:37:12Z"",""visibility"":""closed"",""description"":null,""collaborators"":[]}","2026-07-28 02:02:33.812907","3503039","ux-details-8j3_kapbxtg","ux details",,"219","534"