"id","data","crawled_at","arena_user_id","username"
"1","{""id"":410054,""name"":""Ben Magill"",""slug"":""ben-magill-hhyebqoy4ck"",""type"":""User"",""avatar"":null,""initials"":""BM""}","2026-07-27 19:24:56.257787","410054","ben-magill-hhyebqoy4ck"
"2","{""id"":132170,""name"":""auhsoJ rehcsiF "",""slug"":""auhsoj-rehcsif"",""type"":""User"",""avatar"":null,""initials"":""ar""}","2026-07-27 19:25:15.768889","132170","auhsoj-rehcsif"
"3","{""id"":72532,""name"":""Denis Salem"",""slug"":""denis-salem"",""type"":""User"",""avatar"":""https://static.avatars.are.na/72532/large_7e34f765ea267927ded5fd5ab07981ba.gif?1697549602"",""initials"":""DS""}","2026-07-27 19:26:50.395492","72532","denis-salem"
"4","{""id"":265150,""name"":""Bill Whithers"",""slug"":""bill-whithers"",""type"":""User"",""avatar"":null,""initials"":""BW""}","2026-07-27 19:28:08.314288","265150","bill-whithers"
"5","{""id"":137939,""name"":""Joshua Abejo"",""slug"":""joshua-abejo"",""type"":""User"",""avatar"":""https://static.avatars.are.na/137939/large_6e1428bd012520f954f0795566e91adc.jpg?1707252149"",""initials"":""JA""}","2026-07-27 19:28:37.424714","137939","joshua-abejo"
"6","{""id"":717821,""name"":""chili fruit"",""slug"":""chili-fruit"",""type"":""User"",""avatar"":null,""initials"":""cf""}","2026-07-27 19:29:28.046086","717821","chili-fruit"
"7","{""id"":51156,""name"":""Evan Collins"",""slug"":""evan-collins-1522646491"",""type"":""User"",""avatar"":""https://static.avatars.are.na/51156/large_8c6098f64217eca6b4bcff44a7abf2d7.jpg?1563035757"",""initials"":""EC""}","2026-07-27 19:30:03.003097","51156","evan-collins-1522646491"
"8","{""id"":565366,""name"":""ari lysogorski"",""slug"":""ari-lysogorski"",""type"":""User"",""avatar"":null,""initials"":""al""}","2026-07-27 19:30:45.04921","565366","ari-lysogorski"
"9","{""id"":398921,""name"":""dgtl btch"",""slug"":""dgtl-btch"",""type"":""User"",""avatar"":null,""initials"":""db""}","2026-07-27 19:31:24.823831","398921","dgtl-btch"
"10","{""id"":612815,""name"":""SCARLET THURNER"",""slug"":""scarlet-thurner-jzo34sjyjfq"",""type"":""User"",""avatar"":""https://static.avatars.are.na/612815/large_3e433a4ed1bd1aab304b186774dfa6b0.gif?1770136939"",""initials"":""ST""}","2026-07-27 19:31:59.782775","612815","scarlet-thurner-jzo34sjyjfq"
"11","{""id"":637607,""name"":""Aptet Mori"",""slug"":""aptet-mori"",""type"":""User"",""avatar"":""https://static.avatars.are.na/637607/large_7e8b5786a977e6fc25f4c9030a2c3736.png?1752985277"",""initials"":""AM""}","2026-07-27 19:32:20.851716","637607","aptet-mori"
"12","{""id"":436500,""name"":""Hina Fernstrom"",""slug"":""hina-fernstrom-rez5-ok37mi"",""type"":""User"",""avatar"":null,""initials"":""HF""}","2026-07-27 19:33:51.38433","436500","hina-fernstrom-rez5-ok37mi"
"13","{""id"":169874,""name"":""Michelle Belgrod"",""slug"":""michelle-belgrod"",""type"":""User"",""avatar"":null,""initials"":""MB""}","2026-07-27 19:34:24.996728","169874","michelle-belgrod"
"14","{""id"":358189,""name"":""nuria lima"",""slug"":""nuria-lima-rqt8cbl-xe8"",""type"":""User"",""avatar"":null,""initials"":""nl""}","2026-07-27 19:34:55.076579","358189","nuria-lima-rqt8cbl-xe8"
"15","{""id"":172032,""name"":""freeculture .api"",""slug"":""freeculture-api"",""type"":""User"",""avatar"":""https://static.avatars.are.na/172032/large_211943f69e47cabce23cca154f894cec.png?1771792326"",""initials"":""f.""}","2026-07-27 19:35:32.98394","172032","freeculture-api"
"16","{""id"":243095,""name"":""Carson Koo"",""slug"":""carson-koo-bkryjcxmjgo"",""type"":""User"",""avatar"":null,""initials"":""CK""}","2026-07-27 19:36:19.70109","243095","carson-koo-bkryjcxmjgo"
"17","{""id"":340267,""name"":""Nik Mirpuri"",""slug"":""nik-mirpuri"",""type"":""User"",""avatar"":""https://static.avatars.are.na/340267/large_770882657237c6dbe9f34da4a7777742.jpg?1645660681"",""initials"":""NM""}","2026-07-27 19:37:21.304533","340267","nik-mirpuri"
"18","{""id"":56527,""name"":""Erwin Sanvictores"",""slug"":""erwin-sanvictores"",""type"":""User"",""avatar"":""https://static.avatars.are.na/56527/large_c267996720b92007d5b7fd790918e828.jpg?1528835163"",""initials"":""ES""}","2026-07-27 19:40:20.26871","56527","erwin-sanvictores"
"19","{""id"":14593,""name"":""Marian Park"",""slug"":""marian-park"",""type"":""User"",""avatar"":null,""initials"":""MP""}","2026-07-27 19:42:47.08718","14593","marian-park"
"20","{""id"":48574,""name"":""Kit Zauhar"",""slug"":""kit-zauhar"",""type"":""User"",""avatar"":""https://static.avatars.are.na/48574/large_f6a1f1eac527e6b152d63a8f177ad7a5.jpg?1673408068"",""initials"":""KZ""}","2026-07-27 19:43:42.197002","48574","kit-zauhar"
"21","{""id"":241130,""name"":""Joanna Floesser"",""slug"":""joanna-floesser"",""type"":""User"",""avatar"":null,""initials"":""JF""}","2026-07-27 19:44:21.180743","241130","joanna-floesser"
"22","{""id"":114008,""name"":""Evan Kempinski"",""slug"":""evan-kempinski"",""type"":""User"",""avatar"":""https://static.avatars.are.na/114008/large_7f0dd3f28adb37be7ec4c4ed6c3817c5.png?1708622208"",""initials"":""EK""}","2026-07-27 19:44:50.788165","114008","evan-kempinski"
"23","{""id"":139110,""name"":""Maxton O'Connor"",""slug"":""maxton-o-connor-90ppmror2vg"",""type"":""User"",""avatar"":""https://static.avatars.are.na/139110/large_896b04d1ccac7a0ccb531c62ba678108.png?1649301483"",""initials"":""MO""}","2026-07-27 19:45:31.352813","139110","maxton-o-connor-90ppmror2vg"
"24","{""id"":739325,""name"":""Sam Treanor"",""slug"":""sam-treanor"",""type"":""User"",""avatar"":null,""initials"":""ST""}","2026-07-27 19:46:03.319435","739325","sam-treanor"
"25","{""id"":883928,""name"":""LayBron James"",""slug"":""laybron-james"",""type"":""User"",""avatar"":null,""initials"":""LJ""}","2026-07-27 19:46:35.087823","883928","laybron-james"
"26","{""id"":172006,""name"":""ashley girouard"",""slug"":""ashley-girouard"",""type"":""User"",""avatar"":null,""initials"":""ag""}","2026-07-27 19:47:03.493329","172006","ashley-girouard"
"27","{""id"":560024,""name"":""Thomas Lovell"",""slug"":""thomas-lovell"",""type"":""User"",""avatar"":""https://static.avatars.are.na/560024/large_55531413f915c0c7c298a7947141dbb7.png?1709677516"",""initials"":""TL""}","2026-07-27 19:48:14.543762","560024","thomas-lovell"
"28","{""id"":441665,""name"":""Sleepy Revelations"",""slug"":""sleepy-revelations"",""type"":""User"",""avatar"":null,""initials"":""SR""}","2026-07-27 19:48:41.802617","441665","sleepy-revelations"
"29","{""id"":957019,""name"":""jugo de ava"",""slug"":""jugo-de-ava"",""type"":""User"",""avatar"":""https://static.avatars.are.na/957019/large_fc5ee53ce69a29c817b32f3a8487c864.jpg?1753226002"",""initials"":""jda""}","2026-07-27 19:49:07.589911","957019","jugo-de-ava"
"30","{""id"":885893,""name"":""Dante Tobar"",""slug"":""dante-tobar"",""type"":""User"",""avatar"":null,""initials"":""DT""}","2026-07-27 19:49:43.844656","885893","dante-tobar"
"31","{""id"":271800,""name"":""n a"",""slug"":""n-a-jdjhxpohzyk"",""type"":""User"",""avatar"":null,""initials"":""na""}","2026-07-27 19:50:32.28308","271800","n-a-jdjhxpohzyk"
"32","{""id"":252721,""name"":""BEAU BRAY"",""slug"":""beau-bray"",""type"":""User"",""avatar"":null,""initials"":""BB""}","2026-07-27 19:50:47.90765","252721","beau-bray"
"33","{""id"":14786,""name"":""aidan quinlan"",""slug"":""aidan-quinlan"",""type"":""User"",""avatar"":""https://static.avatars.are.na/14786/large_7ca5fc33ba80a6a1dc67dc24661ef2ed.png?1738462318"",""initials"":""aq""}","2026-07-27 19:51:27.180412","14786","aidan-quinlan"
"34","{""id"":204265,""name"":""Anna Chandler"",""slug"":""anna-chandler"",""type"":""User"",""avatar"":null,""initials"":""AC""}","2026-07-27 19:51:51.903632","204265","anna-chandler"
"35","{""id"":61890,""name"":""Ben Shirken"",""slug"":""ben-shirken"",""type"":""User"",""avatar"":null,""initials"":""BS""}","2026-07-27 19:52:25.012574","61890","ben-shirken"
"36","{""id"":61992,""name"":""GIOVANI NGNOATTO ☥"",""slug"":""giovani-ngnoatto"",""type"":""User"",""avatar"":""https://static.avatars.are.na/61992/large_340fcf66705cd9f0339781d78fbdcbd2.png?1694015760"",""initials"":""GN☥""}","2026-07-27 19:53:01.800781","61992","giovani-ngnoatto"
"37","{""id"":533947,""name"":""Frank *"",""slug"":""frank-zvx_rhub2fk"",""type"":""User"",""avatar"":""https://static.avatars.are.na/533947/large_2831150e82e67e79381ddb79b7be765e.png?1717679528"",""initials"":""F*""}","2026-07-27 19:53:45.538991","533947","frank-zvx_rhub2fk"
"38","{""id"":205778,""name"":""Pat O'Reilly"",""slug"":""pat-o-reilly"",""type"":""User"",""avatar"":null,""initials"":""PO""}","2026-07-27 19:54:18.502916","205778","pat-o-reilly"
"39","{""id"":410909,""name"":""Angel  Bambu ꩜"",""slug"":""angel-bambu"",""type"":""User"",""avatar"":""https://static.avatars.are.na/410909/large_9f3b9894e0e03c3b22d26f23887ee4ee.jpg?1682784983"",""initials"":""AB꩜""}","2026-07-27 19:54:57.218694","410909","angel-bambu"
"41","{""id"":64159,""name"":""Mukat Dhillon"",""slug"":""mukat-dhillon"",""type"":""User"",""avatar"":""https://static.avatars.are.na/64159/large_bb4f410d2fd5e424d8d733b5a44ea1d3.png?1649704106"",""initials"":""MD""}","2026-07-27 19:56:44.388427","64159","mukat-dhillon"
"42","{""id"":497928,""name"":""Alix Quentin"",""slug"":""alix-quentin"",""type"":""User"",""avatar"":null,""initials"":""AQ""}","2026-07-27 19:58:03.019939","497928","alix-quentin"
"43","{""id"":182290,""name"":""Patryk Kaplita"",""slug"":""patryk-kaplita"",""type"":""User"",""avatar"":null,""initials"":""PK""}","2026-07-27 19:58:45.487402","182290","patryk-kaplita"
"44","{""id"":182187,""name"":""Ella Mae Jepsen"",""slug"":""ella-mae-jepsen"",""type"":""User"",""avatar"":""https://static.avatars.are.na/182187/large_c6431cb6db44a0c4e6cd87348e9ee1da.jpg?1641862017"",""initials"":""EMJ""}","2026-07-27 19:59:32.548304","182187","ella-mae-jepsen"
"45","{""id"":446930,""name"":""𝖕𝖊𝖗𝖌𝖆𝖑𝖊 \u200e"",""slug"":""sbcqnqjk3tq"",""type"":""User"",""avatar"":""https://static.avatars.are.na/446930/large_7b3cf05ca7c536d1ca704a43fecbf060.jpg?1669158113"",""initials"":""𝖕\u200e""}","2026-07-27 20:00:34.235186","446930","sbcqnqjk3tq"
"46","{""id"":16807,""name"":""Luca Raimondi"",""slug"":""luca-raimondi"",""type"":""User"",""avatar"":""https://static.avatars.are.na/16807/large_40fa00e6b9215d7159cc8747daac20a8?1528664879"",""initials"":""LR""}","2026-07-27 20:01:07.617624","16807","luca-raimondi"
"48","{""id"":338109,""name"":""MIAZAKI STUDIOS"",""slug"":""miazaki-studios"",""type"":""User"",""avatar"":null,""initials"":""MS""}","2026-07-27 20:02:26.308159","338109","miazaki-studios"
"49","{""id"":68233,""name"":""Claire Pedersen"",""slug"":""claire-pedersen"",""type"":""User"",""avatar"":""https://static.avatars.are.na/68233/large_3bd039a2e55d94bc80bfe142c904a580.jpg?1566250525"",""initials"":""CP""}","2026-07-27 20:04:55.25804","68233","claire-pedersen"
"50","{""id"":33085,""name"":""W B"",""slug"":""w-b-jytbjtoeq7y"",""type"":""User"",""avatar"":null,""initials"":""WB""}","2026-07-27 20:06:41.175481","33085","w-b-jytbjtoeq7y"
"51","{""id"":274385,""name"":""felix mzd"",""slug"":""felix-mzd"",""type"":""User"",""avatar"":null,""initials"":""fm""}","2026-07-27 20:07:37.364755","274385","felix-mzd"
"53","{""id"":226904,""name"":""Aaron Krishna"",""slug"":""aaron-krishna"",""type"":""User"",""avatar"":""https://static.avatars.are.na/226904/large_d712e0790508cefe5c5816f39cef9661.jpg?1731129402"",""initials"":""AK""}","2026-07-27 20:10:24.49974","226904","aaron-krishna"
"54","{""id"":938803,""name"":""x o"",""slug"":""x-o-vsz4bqqsvh4"",""type"":""User"",""avatar"":null,""initials"":""xo""}","2026-07-27 20:11:18.327845","938803","x-o-vsz4bqqsvh4"
"55","{""id"":811025,""name"":""Daphne Kim"",""slug"":""daphne-kim"",""type"":""User"",""avatar"":null,""initials"":""DK""}","2026-07-27 20:11:41.49022","811025","daphne-kim"
"56","{""id"":24894,""name"":""zoe marika"",""slug"":""zoe-marika"",""type"":""User"",""avatar"":null,""initials"":""zm""}","2026-07-27 20:12:09.449432","24894","zoe-marika"
"57","{""id"":529431,""name"":""Christine Weston"",""slug"":""christine-weston"",""type"":""User"",""avatar"":null,""initials"":""CW""}","2026-07-27 20:15:03.486856","529431","christine-weston"
"58","{""id"":586686,""name"":""Crea888or 🦋"",""slug"":""crea888or"",""type"":""User"",""avatar"":""https://static.avatars.are.na/586686/large_0b2e4badc21075dd149b3edbc0014f75.jpg?1775310975"",""initials"":""C🦋""}","2026-07-27 20:15:34.708932","586686","crea888or"
"60","{""id"":352256,""name"":""ujn 3000"",""slug"":""ujn-3000"",""type"":""User"",""avatar"":null,""initials"":""u3""}","2026-07-27 20:16:47.015406","352256","ujn-3000"
"61","{""id"":24577,""name"":""Roby S"",""slug"":""roby-s"",""type"":""User"",""avatar"":""https://static.avatars.are.na/24577/large_7322aee7b459856ef40eb16f802e88c3.jpg?1517717325"",""initials"":""RS""}","2026-07-27 20:17:53.942646","24577","roby-s"
"62","{""id"":493278,""name"":""Plueschi Mood"",""slug"":""plueschi-mood"",""type"":""User"",""avatar"":""https://static.avatars.are.na/493278/large_ab41feb749a19b8553be88d797d1b71b.jpg?1680282356"",""initials"":""PM""}","2026-07-27 20:18:20.05716","493278","plueschi-mood"
"63","{""id"":519387,""name"":""ex human"",""slug"":""ex-human"",""type"":""User"",""avatar"":""https://static.avatars.are.na/519387/large_10661ab9a60b12128088188528b81f4d.jpg?1752991075"",""initials"":""eh""}","2026-07-27 20:18:49.051237","519387","ex-human"
"64","{""id"":328284,""name"":""Merrin Winkel"",""slug"":""merrin-winkel"",""type"":""User"",""avatar"":null,""initials"":""MW""}","2026-07-27 20:19:17.231866","328284","merrin-winkel"
"66","{""id"":152080,""name"":""Jen Evans"",""slug"":""jen-evans"",""type"":""User"",""avatar"":null,""initials"":""JE""}","2026-07-27 20:20:02.366291","152080","jen-evans"
"68","{""id"":234657,""name"":""Alva **"",""slug"":""alva"",""type"":""User"",""avatar"":null,""initials"":""A*""}","2026-07-27 20:22:51.282254","234657","alva"
"69","{""id"":107698,""name"":""Alessandro Cugola"",""slug"":""alessandro-cugola"",""type"":""User"",""avatar"":null,""initials"":""AC""}","2026-07-27 20:23:35.596153","107698","alessandro-cugola"
"71","{""id"":37554,""name"":""adephaga 🪲"",""slug"":""adephaga"",""type"":""User"",""avatar"":""https://static.avatars.are.na/37554/large_ae006d1c5f416fbb7a57f58c79d21c3d.jpg?1642629132"",""initials"":""a🪲""}","2026-07-27 20:24:40.813509","37554","adephaga"
"72","{""id"":341111,""name"":""Shohei Higa"",""slug"":""shohei-higa"",""type"":""User"",""avatar"":""https://static.avatars.are.na/341111/large_dae82976893a18ce4165e3828b964f27.jpg?1747628135"",""initials"":""SH""}","2026-07-27 20:25:30.664368","341111","shohei-higa"
"73","{""id"":650518,""name"":""Maya Linenberg"",""slug"":""maya-linenberg"",""type"":""User"",""avatar"":""https://static.avatars.are.na/650518/large_de36cb22b151460a9195b4082a1eed9d.jpg?1709485553"",""initials"":""ML""}","2026-07-27 20:27:49.440939","650518","maya-linenberg"
"74","{""id"":377777,""name"":""Erik Denysyuk"",""slug"":""erik-denysyuk"",""type"":""User"",""avatar"":null,""initials"":""ED""}","2026-07-27 20:28:24.033917","377777","erik-denysyuk"
"75","{""id"":414443,""name"":""Alexander Gwilliam"",""slug"":""alexander-gwilliam"",""type"":""User"",""avatar"":""https://static.avatars.are.na/414443/large_504163af2467e408c423189cb3db860a.jpg?1692091228"",""initials"":""AG""}","2026-07-27 20:29:09.733513","414443","alexander-gwilliam"
"76","{""id"":349192,""name"":""genreless Media"",""slug"":""genreless-media"",""type"":""User"",""avatar"":""https://static.avatars.are.na/349192/large_9047a40626b7ecbcef96a6744b9bc73b.jpg?1691399992"",""initials"":""gM""}","2026-07-27 20:29:33.780043","349192","genreless-media"
"77","{""id"":283812,""name"":""jayden nguyen"",""slug"":""jayden-nguyen"",""type"":""User"",""avatar"":""https://static.avatars.are.na/283812/large_3685f2ce00e7788b3b1fd52b9d308653.jpeg?1781330711"",""initials"":""jn""}","2026-07-27 20:30:48.993577","283812","jayden-nguyen"
"78","{""id"":273370,""name"":""Matthew Miller"",""slug"":""matthew-miller-vmq043yyfuk"",""type"":""User"",""avatar"":null,""initials"":""MM""}","2026-07-27 20:32:45.251981","273370","matthew-miller-vmq043yyfuk"
"79","{""id"":128060,""name"":""Yeah--- eeee"",""slug"":""yeah-eeee"",""type"":""User"",""avatar"":null,""initials"":""Ye""}","2026-07-27 20:33:13.894667","128060","yeah-eeee"
"80","{""id"":320769,""name"":""I R"",""slug"":""i-r-bqldj2tlhoi"",""type"":""User"",""avatar"":null,""initials"":""IR""}","2026-07-27 20:34:43.456819","320769","i-r-bqldj2tlhoi"
"82","{""id"":317543,""name"":""Sam Reyes"",""slug"":""sam-reyes"",""type"":""User"",""avatar"":null,""initials"":""SR""}","2026-07-27 20:35:28.856148","317543","sam-reyes"
"84","{""id"":223597,""name"":""Laura Reither"",""slug"":""laura-reither"",""type"":""User"",""avatar"":null,""initials"":""LR""}","2026-07-27 20:36:31.753749","223597","laura-reither"
"85","{""id"":113350,""name"":""Cedric Payne"",""slug"":""cedric-payne"",""type"":""User"",""avatar"":null,""initials"":""CP""}","2026-07-27 20:37:06.05342","113350","cedric-payne"
"87","{""id"":149925,""name"":""t hanks"",""slug"":""t-hanks"",""type"":""User"",""avatar"":""https://static.avatars.are.na/149925/large_16b226b5337324bb0bbc7e15fa767fde.jpg?1620861122"",""initials"":""th""}","2026-07-27 20:39:14.350563","149925","t-hanks"
"88","{""id"":73316,""name"":""Harry Butt"",""slug"":""harry-butt"",""type"":""User"",""avatar"":null,""initials"":""HB""}","2026-07-27 20:40:16.778625","73316","harry-butt"
"89","{""id"":1306069,""name"":""taesu Lee"",""slug"":""taesu-lee"",""type"":""User"",""avatar"":null,""initials"":""tL""}","2026-07-27 20:43:09.551611","1306069","taesu-lee"
"90","{""id"":1026453,""name"":""Jon Goldman"",""slug"":""jon-goldman"",""type"":""User"",""avatar"":null,""initials"":""JG""}","2026-07-27 20:43:49.042825","1026453","jon-goldman"
"91","{""id"":1510887,""name"":""W Y"",""slug"":""w-y-ollhn_9p8cu"",""type"":""User"",""avatar"":null,""initials"":""WY""}","2026-07-27 20:44:39.098867","1510887","w-y-ollhn_9p8cu"
"92","{""id"":1077272,""name"":""Ambre Blanchard"",""slug"":""ambre-blanchard"",""type"":""User"",""avatar"":null,""initials"":""AB""}","2026-07-27 20:45:05.685221","1077272","ambre-blanchard"
"93","{""id"":534072,""name"":""Mitch Wilson"",""slug"":""mitch-wilson"",""type"":""User"",""avatar"":null,""initials"":""MW""}","2026-07-27 20:45:32.439075","534072","mitch-wilson"
"94","{""id"":300352,""name"":""Midamo Design"",""slug"":""midamo-design"",""type"":""User"",""avatar"":""https://static.avatars.are.na/300352/large_808432603eb33acd6cf64da50c65bc1f.png?1647920447"",""initials"":""MD""}","2026-07-27 20:47:01.869129","300352","midamo-design"
"95","{""id"":445688,""name"":""Dmitrii Erlihman"",""slug"":""dmitrii-erlihman"",""type"":""User"",""avatar"":""https://static.avatars.are.na/445688/large_b1b07c1cf61055013040dfa177165cf0.jpg?1743591675"",""initials"":""DE""}","2026-07-27 20:47:44.150946","445688","dmitrii-erlihman"
"97","{""id"":706408,""name"":""LOUIS BIDOT-NAUDE"",""slug"":""louis-bidot-naude"",""type"":""User"",""avatar"":""https://static.avatars.are.na/706408/large_26c5fdff9c257e116cd15d577b42237c.png?1759907500"",""initials"":""LB""}","2026-07-27 20:56:03.749876","706408","louis-bidot-naude"
"98","{""id"":177021,""name"":""trent e"",""slug"":""trent-e"",""type"":""User"",""avatar"":""https://static.avatars.are.na/177021/large_df097a70d6c56ab5ee5b4a194c024890.png?1636497461"",""initials"":""te""}","2026-07-27 20:57:35.284251","177021","trent-e"
"99","{""id"":1132511,""name"":""Nate Nelson"",""slug"":""nate-nelson"",""type"":""User"",""avatar"":null,""initials"":""NN""}","2026-07-27 20:58:00.97122","1132511","nate-nelson"
"100","{""id"":23774,""name"":""Junsun Ko"",""slug"":""junsun-ko"",""type"":""User"",""avatar"":""https://static.avatars.are.na/23774/large_442898f43cdf04cd86ab2958226f5ffe.jpg?1655337435"",""initials"":""JK""}","2026-07-27 20:58:23.782529","23774","junsun-ko"
"101","{""id"":13978,""name"":""Nathan Reichenthal"",""slug"":""nathan-reichenthal"",""type"":""User"",""avatar"":null,""initials"":""NR""}","2026-07-27 20:59:14.994681","13978","nathan-reichenthal"
"102","{""id"":296915,""name"":""Jakub Węgrzynowicz"",""slug"":""jakub-wegrzynowicz"",""type"":""User"",""avatar"":null,""initials"":""JW""}","2026-07-27 21:00:17.983092","296915","jakub-wegrzynowicz"
"103","{""id"":638411,""name"":""Sasha Ferri"",""slug"":""sasha-ferri"",""type"":""User"",""avatar"":null,""initials"":""SF""}","2026-07-27 21:00:49.202197","638411","sasha-ferri"
"104","{""id"":821440,""name"":""Mike Onuchin"",""slug"":""mike-onuchin"",""type"":""User"",""avatar"":null,""initials"":""MO""}","2026-07-27 21:01:42.76512","821440","mike-onuchin"
"106","{""id"":38619,""name"":""Katya Sikacheva"",""slug"":""katya-sikacheva"",""type"":""User"",""avatar"":""https://static.avatars.are.na/38619/large_776addad67c87ce5967ebe14de4bf913.jpg?1569832108"",""initials"":""KS""}","2026-07-27 21:03:27.04379","38619","katya-sikacheva"
"107","{""id"":639819,""name"":""Katy Wai"",""slug"":""katy-wai"",""type"":""User"",""avatar"":null,""initials"":""KW""}","2026-07-27 21:03:54.078941","639819","katy-wai"
"108","{""id"":340811,""name"":""sara echeveste"",""slug"":""sara-echeveste"",""type"":""User"",""avatar"":null,""initials"":""se""}","2026-07-27 21:04:19.738049","340811","sara-echeveste"
"109","{""id"":168566,""name"":""teo kolev"",""slug"":""teo-kolev"",""type"":""User"",""avatar"":null,""initials"":""tk""}","2026-07-27 21:04:45.593059","168566","teo-kolev"
"110","{""id"":55173,""name"":""toby m"",""slug"":""toby-m-fzrjb3iit-o"",""type"":""User"",""avatar"":null,""initials"":""tm""}","2026-07-27 21:05:11.896994","55173","toby-m-fzrjb3iit-o"
"111","{""id"":296339,""name"":""Marius Trinkunas"",""slug"":""marius-trinkunas"",""type"":""User"",""avatar"":""https://static.avatars.are.na/296339/large_3255b7b419083b84b91bef0e0814cd87.png?1759176606"",""initials"":""MT""}","2026-07-27 21:05:44.122419","296339","marius-trinkunas"
"113","{""id"":106602,""name"":""Bob LR"",""slug"":""bob-lr"",""type"":""User"",""avatar"":null,""initials"":""BL""}","2026-07-27 21:08:07.832221","106602","bob-lr"
"114","{""id"":860187,""name"":""T D"",""slug"":""t-d-5qrsyx9svsg"",""type"":""User"",""avatar"":null,""initials"":""TD""}","2026-07-27 21:08:36.061936","860187","t-d-5qrsyx9svsg"
"115","{""id"":312470,""name"":""Cillian Carroll"",""slug"":""cillian-carroll"",""type"":""User"",""avatar"":""https://static.avatars.are.na/312470/large_f837b85cf5ce086ca3d8660b8ef228a9.png?1668596423"",""initials"":""CC""}","2026-07-27 21:09:09.549858","312470","cillian-carroll"
"116","{""id"":836657,""name"":""Zwa Inyoni"",""slug"":""zwa-inyoni"",""type"":""User"",""avatar"":""https://static.avatars.are.na/836657/large_539fc06bc6a29403f27e7c69188a0753.jpg?1770825914"",""initials"":""ZI""}","2026-07-27 21:10:01.913071","836657","zwa-inyoni"
"117","{""id"":505958,""name"":""Oliver Weglinski"",""slug"":""oliver-weglinski-4sqldotbvwq"",""type"":""User"",""avatar"":null,""initials"":""OW""}","2026-07-27 21:10:38.605805","505958","oliver-weglinski-4sqldotbvwq"
"118","{""id"":56996,""name"":""Zachery Eng"",""slug"":""zachery-eng"",""type"":""User"",""avatar"":""https://static.avatars.are.na/56996/large_b7ec5271a8586c40070ceb8738a63674.jpg?1590258232"",""initials"":""ZE""}","2026-07-27 21:11:03.81763","56996","zachery-eng"
"119","{""id"":502297,""name"":""Lucia Ene-Lesikar"",""slug"":""lucia-ene-lesikar"",""type"":""User"",""avatar"":null,""initials"":""LE""}","2026-07-27 21:12:47.405558","502297","lucia-ene-lesikar"
"120","{""id"":74315,""name"":""Sky Sanders"",""slug"":""sky-sanders"",""type"":""User"",""avatar"":""https://static.avatars.are.na/74315/large_21645db43412872d19695bdbe65304e2.jpg?1542308946"",""initials"":""SS""}","2026-07-27 21:13:35.989477","74315","sky-sanders"
"121","{""id"":570111,""name"":""entrance works"",""slug"":""entrance-works"",""type"":""User"",""avatar"":null,""initials"":""ew""}","2026-07-27 21:15:18.603738","570111","entrance-works"
"122","{""id"":740453,""name"":""Linda Sánchez"",""slug"":""linda-sanchez"",""type"":""User"",""avatar"":null,""initials"":""LS""}","2026-07-27 21:15:57.412265","740453","linda-sanchez"
"123","{""id"":547541,""name"":""GLORIA JIANG"",""slug"":""gloria-jiang"",""type"":""User"",""avatar"":null,""initials"":""GJ""}","2026-07-27 21:16:27.646657","547541","gloria-jiang"
"124","{""id"":678295,""name"":""Paul Nash"",""slug"":""paul-nash"",""type"":""User"",""avatar"":null,""initials"":""PN""}","2026-07-27 21:17:05.816631","678295","paul-nash"
"125","{""id"":55495,""name"":""angelo ⤵"",""slug"":""angelo"",""type"":""User"",""avatar"":""https://static.avatars.are.na/55495/large_d78d51cbcf7296906b6991af4eaef052.jpg?1633811810"",""initials"":""a⤵""}","2026-07-27 21:18:27.838085","55495","angelo"
"126","{""id"":22293,""name"":""Chase Body"",""slug"":""chase-body"",""type"":""User"",""avatar"":""https://static.avatars.are.na/22293/large_46ba5e188b1e30f6d0d7d6d2888d0bed.jpg?1530047616"",""initials"":""CB""}","2026-07-27 21:20:36.058972","22293","chase-body"
"127","{""id"":361349,""name"":""achilles 💒⚔️💒"",""slug"":""achilles"",""type"":""User"",""avatar"":null,""initials"":""a💒""}","2026-07-27 21:21:02.100799","361349","achilles"
"128","{""id"":334241,""name"":""Kelley N"",""slug"":""kelley-n"",""type"":""User"",""avatar"":""https://static.avatars.are.na/334241/large_d1509282d1a86d14cf4b525fa94164b0.png?1718899433"",""initials"":""KN""}","2026-07-27 21:21:28.496247","334241","kelley-n"
"129","{""id"":419213,""name"":""߷ rodell warner ߷"",""slug"":""rodell-warner"",""type"":""User"",""avatar"":""https://static.avatars.are.na/419213/large_671911e4821760443ace3fc2edad4779.jpg?1760158064"",""initials"":""߷rw߷""}","2026-07-27 21:21:56.36104","419213","rodell-warner"
"130","{""id"":218065,""name"":""Ninel Urban"",""slug"":""ninel-urban"",""type"":""User"",""avatar"":null,""initials"":""NU""}","2026-07-27 21:22:27.09377","218065","ninel-urban"
"131","{""id"":1100391,""name"":""LIVER *"",""slug"":""liver"",""type"":""User"",""avatar"":null,""initials"":""L*""}","2026-07-27 21:22:52.410088","1100391","liver"
"132","{""id"":342088,""name"":""Kentaro Kondo"",""slug"":""kentaro-kondo"",""type"":""User"",""avatar"":null,""initials"":""KK""}","2026-07-27 21:23:17.305102","342088","kentaro-kondo"
"133","{""id"":6457,""name"":""Ryan Glenn"",""slug"":""ryan-glenn"",""type"":""User"",""avatar"":""https://static.avatars.are.na/6457/large_281867430f348154d317a0462c230206.png?1749338416"",""initials"":""RG""}","2026-07-27 21:23:47.593455","6457","ryan-glenn"
"134","{""id"":1185121,""name"":""Dmitriy Kan"",""slug"":""dmitriy-kan"",""type"":""User"",""avatar"":null,""initials"":""DK""}","2026-07-27 21:24:14.634426","1185121","dmitriy-kan"
"135","{""id"":472764,""name"":""Jas D"",""slug"":""jas-d"",""type"":""User"",""avatar"":""https://static.avatars.are.na/472764/large_6d48113295e79d024b73f124fbb91b06.jpg?1707372960"",""initials"":""JD""}","2026-07-27 21:24:37.948524","472764","jas-d"
"136","{""id"":77181,""name"":""decoy.life Benjamin"",""slug"":""decoy-life-benjamin"",""type"":""User"",""avatar"":""https://static.avatars.are.na/77181/large_a60bd281f096f9e79cc1cfab1b9de5a2.png?1702307977"",""initials"":""dB""}","2026-07-27 21:25:32.634501","77181","decoy-life-benjamin"
"137","{""id"":61299,""name"":""Raymund Ramirez"",""slug"":""raymund-ramirez"",""type"":""User"",""avatar"":""https://static.avatars.are.na/61299/large_b9fbeaa41df9bda7443a6772962d21ab.jpg?1681762384"",""initials"":""RR""}","2026-07-27 21:25:57.043653","61299","raymund-ramirez"
"138","{""id"":292246,""name"":""Andrii Bekh"",""slug"":""andrii-bekh"",""type"":""User"",""avatar"":null,""initials"":""AB""}","2026-07-27 21:27:18.17422","292246","andrii-bekh"
"139","{""id"":57509,""name"":""Greg Kimball"",""slug"":""greg-kimball"",""type"":""User"",""avatar"":null,""initials"":""GK""}","2026-07-27 21:27:38.817553","57509","greg-kimball"
"140","{""id"":107056,""name"":""brittney phan"",""slug"":""brittney-phan"",""type"":""User"",""avatar"":null,""initials"":""bp""}","2026-07-27 21:28:07.735116","107056","brittney-phan"
"141","{""id"":90350,""name"":""⬤ ⬤ ⬤ ⬤ ⬤"",""slug"":""jluncrl_b4y"",""type"":""User"",""avatar"":""https://static.avatars.are.na/90350/large_91106723d935ffd1eb4b1e26907b4489.png?1596844024"",""initials"":""⬤⬤⬤⬤""}","2026-07-27 21:28:31.647351","90350","jluncrl_b4y"
"142","{""id"":599798,""name"":""Rick Serdiuk "",""slug"":""rick-serdiuk"",""type"":""User"",""avatar"":""https://static.avatars.are.na/599798/large_0419dead43ae8b15ee4e5d5c78c0c586.jpg?1770588941"",""initials"":""RS""}","2026-07-27 21:29:35.54574","599798","rick-serdiuk"
"143","{""id"":268014,""name"":""Isabel Bo-Linn"",""slug"":""isabel-bo-linn"",""type"":""User"",""avatar"":""https://static.avatars.are.na/268014/large_7f83f1e7c1be16c776730d6a511f0ae6.png?1745777865"",""initials"":""IB""}","2026-07-27 21:30:17.887362","268014","isabel-bo-linn"
"144","{""id"":454318,""name"":""An nie"",""slug"":""an-nie"",""type"":""User"",""avatar"":null,""initials"":""An""}","2026-07-27 21:30:40.167895","454318","an-nie"
"145","{""id"":606232,""name"":""Vika Randrup"",""slug"":""vika-randrup"",""type"":""User"",""avatar"":null,""initials"":""VR""}","2026-07-27 21:31:14.546835","606232","vika-randrup"
"146","{""id"":876927,""name"":""Griffin Drew"",""slug"":""griffin-drew"",""type"":""User"",""avatar"":null,""initials"":""GD""}","2026-07-27 21:31:37.164595","876927","griffin-drew"
"147","{""id"":52993,""name"":""Monique Schröder"",""slug"":""monique-schroder"",""type"":""User"",""avatar"":""https://static.avatars.are.na/52993/large_d46b253392884451b75b6bba169ee135.jpg?1523816955"",""initials"":""MS""}","2026-07-27 21:32:12.206805","52993","monique-schroder"
"149","{""id"":730130,""name"":""Yoan Jang"",""slug"":""yoan-jang"",""type"":""User"",""avatar"":null,""initials"":""YJ""}","2026-07-27 21:35:04.365047","730130","yoan-jang"
"150","{""id"":335954,""name"":""Aarya Kini"",""slug"":""aarya-kini"",""type"":""User"",""avatar"":""https://static.avatars.are.na/335954/large_37a7da1c4f32d3d09ff0e5c411834ff1.jpg?1755713761"",""initials"":""AK""}","2026-07-27 21:35:28.652408","335954","aarya-kini"
"151","{""id"":180361,""name"":""Jack Grimes"",""slug"":""jack-grimes"",""type"":""User"",""avatar"":""https://static.avatars.are.na/180361/large_75a8526e20e629d11de3b31180baa597.jpg?1738954731"",""initials"":""JG""}","2026-07-27 21:36:00.979711","180361","jack-grimes"
"152","{""id"":345695,""name"":""Kris Williams"",""slug"":""kris-williams"",""type"":""User"",""avatar"":""https://static.avatars.are.na/345695/large_8a12c51c560f8852420ec6d88c97a84a.jpg?1663384394"",""initials"":""KW""}","2026-07-27 21:37:06.471496","345695","kris-williams"
"153","{""id"":713101,""name"":""hila shifra"",""slug"":""hila-shifra"",""type"":""User"",""avatar"":""https://static.avatars.are.na/713101/large_f8c8e97ef172e4593d23c69195cbbe50.png?1729264802"",""initials"":""hs""}","2026-07-27 21:38:09.057632","713101","hila-shifra"
"154","{""id"":605532,""name"":""Laura Lalonde"",""slug"":""laura-lalonde-pv5ybmhzahw"",""type"":""User"",""avatar"":null,""initials"":""LL""}","2026-07-27 21:40:48.82773","605532","laura-lalonde-pv5ybmhzahw"
"155","{""id"":236785,""name"":""Patty Karafotias"",""slug"":""patty-karafotias"",""type"":""User"",""avatar"":""https://static.avatars.are.na/236785/large_e200bb5c3b2691f98004df84d720115b.png?1774023972"",""initials"":""PK""}","2026-07-27 21:41:29.779744","236785","patty-karafotias"
"156","{""id"":132105,""name"":""Marley Crawford"",""slug"":""marley-crawford"",""type"":""User"",""avatar"":""https://static.avatars.are.na/132105/large_f3663c4a79a6d75e93318c10d71c5192.jpg?1689605717"",""initials"":""MC""}","2026-07-27 21:41:51.319284","132105","marley-crawford"
"158","{""id"":438603,""name"":""Hannah Tutera"",""slug"":""hannah-tutera"",""type"":""User"",""avatar"":null,""initials"":""HT""}","2026-07-27 21:43:42.133862","438603","hannah-tutera"
"159","{""id"":655701,""name"":""Eileen V"",""slug"":""eileen-v"",""type"":""User"",""avatar"":""https://static.avatars.are.na/655701/large_2e015e22b6da23b5c0b3717892aa4697.png?1710689716"",""initials"":""EV""}","2026-07-27 21:45:36.846366","655701","eileen-v"
"160","{""id"":576056,""name"":""STEPHANIE FLYNN"",""slug"":""stephanie-flynn"",""type"":""User"",""avatar"":null,""initials"":""SF""}","2026-07-27 21:46:06.228016","576056","stephanie-flynn"
"161","{""id"":226497,""name"":""tonianne ."",""slug"":""tonianne"",""type"":""User"",""avatar"":""https://static.avatars.are.na/226497/large_4dfa7c751bf5a0ea37b63ee0f1f288d6.png?1713419428"",""initials"":""t.""}","2026-07-27 21:46:34.624643","226497","tonianne"
"162","{""id"":204036,""name"":""Joseff Murphy"",""slug"":""joseff-murphy-men7n5woymg"",""type"":""User"",""avatar"":""https://static.avatars.are.na/204036/large_d4e2e5c46ced456bf5c40ec0bf0c6004.jpg?1719784613"",""initials"":""JM""}","2026-07-27 21:46:59.37607","204036","joseff-murphy-men7n5woymg"
"163","{""id"":83593,""name"":""JULIE KOONG "",""slug"":""julie-koong"",""type"":""User"",""avatar"":null,""initials"":""JK""}","2026-07-27 21:47:32.684964","83593","julie-koong"
"164","{""id"":441534,""name"":""洋99 李"",""slug"":""nine-nine"",""type"":""User"",""avatar"":null,""initials"":""洋李""}","2026-07-27 21:48:35.329621","441534","nine-nine"
"165","{""id"":105497,""name"":""IRACEMA ."",""slug"":""iracema"",""type"":""User"",""avatar"":""https://static.avatars.are.na/105497/large_5627279c88b25f9c8bf97927866d171f.png?1556018929"",""initials"":""I.""}","2026-07-27 21:48:36.668108","105497","iracema"
"166","{""id"":120,""name"":""Martin Murphy"",""slug"":""martin-murphy"",""type"":""User"",""avatar"":""https://static.avatars.are.na/120/large_e553d6a901217ff5f947d3d99bf9d8ad.jpg?1652644475"",""initials"":""MM""}","2026-07-27 21:48:57.23279","120","martin-murphy"
"167","{""id"":629836,""name"":""Noah Hernandez"",""slug"":""noah-hernandez"",""type"":""User"",""avatar"":null,""initials"":""NH""}","2026-07-27 21:50:25.296467","629836","noah-hernandez"
"168","{""id"":121035,""name"":""Anna Alexanina"",""slug"":""anna-alexanina-omjdn6sr5pq"",""type"":""User"",""avatar"":null,""initials"":""AA""}","2026-07-27 21:51:14.282983","121035","anna-alexanina-omjdn6sr5pq"
"169","{""id"":482452,""name"":""Math ilda"",""slug"":""math-ilda"",""type"":""User"",""avatar"":null,""initials"":""Mi""}","2026-07-27 21:51:53.442503","482452","math-ilda"
"170","{""id"":389183,""name"":""Jorgelina Garcia"",""slug"":""jorgelina-garcia"",""type"":""User"",""avatar"":null,""initials"":""JG""}","2026-07-27 21:52:28.889985","389183","jorgelina-garcia"
"171","{""id"":454974,""name"":""Yana Nesterenko"",""slug"":""yana-nesterenko"",""type"":""User"",""avatar"":null,""initials"":""YN""}","2026-07-27 21:53:07.848323","454974","yana-nesterenko"
"172","{""id"":450053,""name"":""natalie hanson"",""slug"":""natalie-hanson"",""type"":""User"",""avatar"":null,""initials"":""nh""}","2026-07-27 21:53:43.364396","450053","natalie-hanson"
"173","{""id"":359179,""name"":""radim returnov"",""slug"":""radim-returnov"",""type"":""User"",""avatar"":""https://static.avatars.are.na/359179/large_f2018bbe57ab02c5ba9a2a7ab7301bac.jpg?1765813386"",""initials"":""rr""}","2026-07-27 21:54:07.963012","359179","radim-returnov"
"174","{""id"":128851,""name"":""allan holmes"",""slug"":""allan-holmes"",""type"":""User"",""avatar"":null,""initials"":""ah""}","2026-07-27 21:54:37.34609","128851","allan-holmes"
"175","{""id"":578179,""name"":""g uest"",""slug"":""g-uest"",""type"":""User"",""avatar"":null,""initials"":""gu""}","2026-07-27 21:55:00.758827","578179","g-uest"
"176","{""id"":1473413,""name"":""Sofia Victoria"",""slug"":""sofia-victoria-sfdlc24lgyu"",""type"":""User"",""avatar"":null,""initials"":""SV""}","2026-07-27 21:55:24.90227","1473413","sofia-victoria-sfdlc24lgyu"
"177","{""id"":875850,""name"":""Arielle 🌀"",""slug"":""arielle"",""type"":""User"",""avatar"":null,""initials"":""A🌀""}","2026-07-27 21:55:49.652967","875850","arielle"
"178","{""id"":135664,""name"":""𓃗 𓄧"",""slug"":""losofsry_ao"",""type"":""User"",""avatar"":""https://static.avatars.are.na/135664/large_58ab3e44dfe8fd0345e1053c947e135e.jpg?1767304757"",""initials"":""𓃗𓄧""}","2026-07-27 21:56:14.740346","135664","losofsry_ao"
"179","{""id"":1410313,""name"":""Thayne Gomes"",""slug"":""thayne-gomes"",""type"":""User"",""avatar"":null,""initials"":""TG""}","2026-07-27 21:56:40.631147","1410313","thayne-gomes"
"180","{""id"":1118735,""name"":""maya rae miller"",""slug"":""maya-rae-miller"",""type"":""User"",""avatar"":""https://static.avatars.are.na/1118735/large_b1e7b22e6d61662fcf9870658836ca80.jpg?1762981915"",""initials"":""mrm""}","2026-07-27 21:57:04.945124","1118735","maya-rae-miller"
"181","{""id"":1162611,""name"":""Skyler Cook"",""slug"":""skyler-cook"",""type"":""User"",""avatar"":null,""initials"":""SC""}","2026-07-27 21:58:12.646596","1162611","skyler-cook"
"182","{""id"":229096,""name"":""Alexandra Boblov"",""slug"":""alexandra-boblov"",""type"":""User"",""avatar"":null,""initials"":""AB""}","2026-07-27 21:58:36.636655","229096","alexandra-boblov"
"183","{""id"":110839,""name"":""UPC666 BLANK"",""slug"":""upc666-blank"",""type"":""User"",""avatar"":""https://static.avatars.are.na/110839/large_39b65b4249962e598cc5f088d7714be5.jpg?1714334327"",""initials"":""UB""}","2026-07-27 21:59:10.787182","110839","upc666-blank"
"184","{""id"":207393,""name"":""Lucas GOUET"",""slug"":""lucas-gouet"",""type"":""User"",""avatar"":""https://static.avatars.are.na/207393/large_ca8a0ff0afb506db34a64a552c7f5fb2.jpg?1684942999"",""initials"":""LG""}","2026-07-27 22:00:41.883074","207393","lucas-gouet"
"185","{""id"":483967,""name"":""Miranda Arias"",""slug"":""miranda-arias"",""type"":""User"",""avatar"":""https://static.avatars.are.na/483967/large_466d6df9575ef5dc9340405b93ae6861.png?1706059432"",""initials"":""MA""}","2026-07-27 22:01:13.004501","483967","miranda-arias"
"187","{""id"":538529,""name"":""saulomoon ✨"",""slug"":""saulomoon"",""type"":""User"",""avatar"":""https://static.avatars.are.na/538529/large_03c4048cac3e1244415764366095d922.gif?1754093550"",""initials"":""s✨""}","2026-07-27 22:02:18.741299","538529","saulomoon"
"188","{""id"":296016,""name"":""yuval brenner"",""slug"":""yuval-brenner"",""type"":""User"",""avatar"":""https://static.avatars.are.na/296016/large_db0c9a11e5f25851d0a51fb633630889.jpg?1656061272"",""initials"":""yb""}","2026-07-27 22:03:03.270119","296016","yuval-brenner"
"189","{""id"":780832,""name"":""Emily Jayne"",""slug"":""emily-jayne"",""type"":""User"",""avatar"":null,""initials"":""EJ""}","2026-07-27 22:03:29.22226","780832","emily-jayne"
"191","{""id"":221225,""name"":""Mad ᕕ༼✿•̀︿•́༽ᕗ Topp♡︎♡︎♡︎"",""slug"":""mad-topp"",""type"":""User"",""avatar"":null,""initials"":""MᕕT""}","2026-07-27 22:04:25.771299","221225","mad-topp"
"192","{""id"":90367,""name"":""ROCHE ☺︎"",""slug"":""roche-l5hhhti3wse"",""type"":""User"",""avatar"":""https://static.avatars.are.na/90367/large_f0103d70941033925f84c4c402607af3.jpg?1753088591"",""initials"":""R☺""}","2026-07-27 22:05:01.285155","90367","roche-l5hhhti3wse"
"193","{""id"":526250,""name"":""Sara Jaye"",""slug"":""sara-jaye"",""type"":""User"",""avatar"":null,""initials"":""SJ""}","2026-07-27 22:05:35.140661","526250","sara-jaye"
"194","{""id"":515156,""name"":""Marthe Boissonnade"",""slug"":""marthe-boissonnade"",""type"":""User"",""avatar"":null,""initials"":""MB""}","2026-07-27 22:06:18.392213","515156","marthe-boissonnade"
"195","{""id"":589761,""name"":""Lillie Pitchforth"",""slug"":""lillie-pitchforth"",""type"":""User"",""avatar"":null,""initials"":""LP""}","2026-07-27 22:06:41.107524","589761","lillie-pitchforth"
"196","{""id"":79026,""name"":""Emma ♡"",""slug"":""emma-sgpf8-z-ubc"",""type"":""User"",""avatar"":""https://static.avatars.are.na/79026/large_d5c3bcb7dc833184d880cd3df2f24b6c.jpg?1772482161"",""initials"":""E♡""}","2026-07-27 22:07:13.782072","79026","emma-sgpf8-z-ubc"
"197","{""id"":24587,""name"":""Gordon Brander"",""slug"":""gordon-brander"",""type"":""User"",""avatar"":null,""initials"":""GB""}","2026-07-27 22:07:40.099344","24587","gordon-brander"
"198","{""id"":223536,""name"":""ju b"",""slug"":""ju-b"",""type"":""User"",""avatar"":null,""initials"":""jb""}","2026-07-27 22:08:04.156284","223536","ju-b"
"199","{""id"":647120,""name"":""lamb drum"",""slug"":""lamb-drum"",""type"":""User"",""avatar"":null,""initials"":""ld""}","2026-07-27 22:08:36.28669","647120","lamb-drum"
"200","{""id"":645715,""name"":""katya dunmur"",""slug"":""katya-dunmur"",""type"":""User"",""avatar"":null,""initials"":""kd""}","2026-07-27 22:09:40.176095","645715","katya-dunmur"
"201","{""id"":403420,""name"":""Jiminal 1224"",""slug"":""jiminal-1224"",""type"":""User"",""avatar"":""https://static.avatars.are.na/403420/large_68a7f6c53273727e0437195e5445ebf8.jpg?1721761557"",""initials"":""J1""}","2026-07-27 22:10:06.008907","403420","jiminal-1224"
"202","{""id"":366979,""name"":""Collin Leary"",""slug"":""collin-leary"",""type"":""User"",""avatar"":null,""initials"":""CL""}","2026-07-27 22:10:34.269368","366979","collin-leary"
"203","{""id"":619668,""name"":""sab miranda"",""slug"":""sab-miranda"",""type"":""User"",""avatar"":""https://static.avatars.are.na/619668/large_06d2c252d0c40f1c3a82e562a7b89cc6.jpg?1753339045"",""initials"":""sm""}","2026-07-27 22:10:57.499944","619668","sab-miranda"
"204","{""id"":19134,""name"":""eee fabbb"",""slug"":""eee-fabbb"",""type"":""User"",""avatar"":null,""initials"":""ef""}","2026-07-27 22:11:22.30758","19134","eee-fabbb"
"205","{""id"":122238,""name"":""laurie ✶"",""slug"":""laurie"",""type"":""User"",""avatar"":""https://static.avatars.are.na/122238/large_8f235b2c9d91690ec2cce7f0921fc5b1.jpg?1768760562"",""initials"":""l✶""}","2026-07-27 22:11:46.133392","122238","laurie"
"206","{""id"":391870,""name"":""alsu 🌞  "",""slug"":""alsu"",""type"":""User"",""avatar"":""https://static.avatars.are.na/391870/large_9dbf0679ebbde3a60038863984242250.jpg?1682417842"",""initials"":""a🌞""}","2026-07-27 22:12:21.191425","391870","alsu"
"207","{""id"":135528,""name"":""Hugo Mut"",""slug"":""hugo-mut"",""type"":""User"",""avatar"":""https://static.avatars.are.na/135528/large_16b12d8b014996a7384e2b4ff30ba74a.jpg?1704818697"",""initials"":""HM""}","2026-07-27 22:12:52.452414","135528","hugo-mut"
"208","{""id"":604712,""name"":""Angelina Fedele"",""slug"":""angelina-fedele-s_3ayxeg-cg"",""type"":""User"",""avatar"":null,""initials"":""AF""}","2026-07-27 22:14:16.578438","604712","angelina-fedele-s_3ayxeg-cg"
"209","{""id"":499975,""name"":""mia jane"",""slug"":""mia-jane"",""type"":""User"",""avatar"":""https://static.avatars.are.na/499975/large_5cb35f9167d63acc7e6215a6067ff43e.jpg?1696441042"",""initials"":""mj""}","2026-07-27 22:15:04.402577","499975","mia-jane"
"210","{""id"":153253,""name"":""Michael LaRosa"",""slug"":""michael-larosa"",""type"":""User"",""avatar"":""https://static.avatars.are.na/153253/large_0e216bc900b8f0dbb85672c5ea85177a.jpg?1670903656"",""initials"":""ML""}","2026-07-27 22:15:28.679326","153253","michael-larosa"
"211","{""id"":440622,""name"":""✤ ✤"",""slug"":""gfw57mivw-w"",""type"":""User"",""avatar"":""https://static.avatars.are.na/440622/large_6a33119e011dc8459b7829decb7fc201.png?1697373681"",""initials"":""✤✤""}","2026-07-27 22:17:04.573238","440622","gfw57mivw-w"
"212","{""id"":125381,""name"":""Hannah Suzanna"",""slug"":""hannah-suzanna"",""type"":""User"",""avatar"":""https://static.avatars.are.na/125381/large_c3cb39b1a1f11a79c723a7f5d0ced379.jpg?1752883223"",""initials"":""HS""}","2026-07-27 22:17:53.476951","125381","hannah-suzanna"
"213","{""id"":80919,""name"":""Liz Crutcher"",""slug"":""liz-crutcher"",""type"":""User"",""avatar"":null,""initials"":""LC""}","2026-07-27 22:18:17.233562","80919","liz-crutcher"
"214","{""id"":544395,""name"":""matei draghici"",""slug"":""matei-draghici"",""type"":""User"",""avatar"":""https://static.avatars.are.na/544395/large_4e2319149b3eb95cd0537d76ed09cf07.gif?1688736931"",""initials"":""md""}","2026-07-27 22:18:49.697138","544395","matei-draghici"
"215","{""id"":190431,""name"":""Kris —"",""slug"":""kris"",""type"":""User"",""avatar"":""https://static.avatars.are.na/190431/large_05d68437329c589601de6fbd18947ccf.jpg?1636919522"",""initials"":""K—""}","2026-07-27 22:19:32.391296","190431","kris"
"216","{""id"":242104,""name"":""James Liao"",""slug"":""james-liao"",""type"":""User"",""avatar"":""https://static.avatars.are.na/242104/large_112267ba97ec1b374f4a13b15e07defa.jpg?1683510910"",""initials"":""JL""}","2026-07-27 22:20:06.744393","242104","james-liao"
"217","{""id"":72113,""name"":""Nick L"",""slug"":""nick-l"",""type"":""User"",""avatar"":null,""initials"":""NL""}","2026-07-27 22:20:35.668712","72113","nick-l"
"218","{""id"":323667,""name"":""Elizabeth Lipson"",""slug"":""elizabeth-lipson"",""type"":""User"",""avatar"":null,""initials"":""EL""}","2026-07-27 22:21:08.714226","323667","elizabeth-lipson"
"219","{""id"":347688,""name"":""angel images"",""slug"":""angel-images"",""type"":""User"",""avatar"":""https://static.avatars.are.na/347688/large_ffdcf5f9aa97f2b39e384887b88b5b74.jpg?1675016339"",""initials"":""ai""}","2026-07-27 22:21:25.77663","347688","angel-images"
"220","{""id"":229464,""name"":""Oliver Roper"",""slug"":""oliver-roper"",""type"":""User"",""avatar"":null,""initials"":""OR""}","2026-07-27 22:22:04.96072","229464","oliver-roper"
"221","{""id"":116550,""name"":""Michel Ortega🎨"",""slug"":""michel-ortega"",""type"":""User"",""avatar"":""https://static.avatars.are.na/116550/large_728474fe87280c2f05d15cfcd5a8a178.png?1585616656"",""initials"":""MO""}","2026-07-27 22:23:35.182039","116550","michel-ortega"
"225","{""id"":74787,""name"":""chloé techoueyres"",""slug"":""chloe-techoueyres"",""type"":""User"",""avatar"":""https://static.avatars.are.na/74787/large_48dec00f924359c1263a1fdadc7b2ea0.png?1578673740"",""initials"":""ct""}","2026-07-27 22:27:09.362443","74787","chloe-techoueyres"
"226","{""id"":89733,""name"":""tg-z *"",""slug"":""tg-z"",""type"":""User"",""avatar"":""https://static.avatars.are.na/89733/large_61a4c45e9a0614fba1306273e9738289.jpg?1768392575"",""initials"":""t*""}","2026-07-27 22:28:19.524541","89733","tg-z"
"227","{""id"":446054,""name"":""⠀ C ⠀"",""slug"":""c-ugcjpdnlg3k"",""type"":""User"",""avatar"":null,""initials"":""⠀C⠀""}","2026-07-27 22:28:59.634126","446054","c-ugcjpdnlg3k"
"229","{""id"":433618,""name"":""Lilyan Stark"",""slug"":""lilyan-stark"",""type"":""User"",""avatar"":""https://static.avatars.are.na/433618/large_2e47abce0f13f82b2770e44affa26618.png?1674992685"",""initials"":""LS""}","2026-07-27 22:29:30.853843","433618","lilyan-stark"
"230","{""id"":221436,""name"":""s0urcesoja 180"",""slug"":""s0urcesoja-180"",""type"":""User"",""avatar"":""https://static.avatars.are.na/221436/large_7592d850777f81b6fca9251b14b66538.jpg?1674383808"",""initials"":""s1""}","2026-07-27 22:29:57.742804","221436","s0urcesoja-180"
"231","{""id"":398931,""name"":""gert world"",""slug"":""gert-world"",""type"":""User"",""avatar"":""https://static.avatars.are.na/398931/large_3e84192de1fdce9058eaac45720da998.png?1768149303"",""initials"":""gw""}","2026-07-27 22:30:25.28856","398931","gert-world"
"232","{""id"":390613,""name"":""s fj"",""slug"":""s-fj"",""type"":""User"",""avatar"":""https://static.avatars.are.na/390613/large_5689145563d6cfb0e2fcf4ea7b36286f.png?1664426265"",""initials"":""sf""}","2026-07-27 22:31:44.393138","390613","s-fj"
"234","{""id"":270002,""name"":""Nathan Nhan"",""slug"":""nathan-nhan"",""type"":""User"",""avatar"":null,""initials"":""NN""}","2026-07-27 22:32:31.169507","270002","nathan-nhan"
"237","{""id"":263213,""name"":""Carly Inghram"",""slug"":""carly-inghram"",""type"":""User"",""avatar"":null,""initials"":""CI""}","2026-07-27 22:35:18.611863","263213","carly-inghram"
"239","{""id"":152525,""name"":""01101101_ www"",""slug"":""01101101_-www"",""type"":""User"",""avatar"":""https://static.avatars.are.na/152525/large_a8f8929e4e9b50a5beb2a3b25dc1d738.jpg?1589736922"",""initials"":""0w""}","2026-07-27 22:35:56.086147","152525","01101101_-www"
"240","{""id"":243250,""name"":""P M"",""slug"":""p-m-2ogc712eite"",""type"":""User"",""avatar"":null,""initials"":""PM""}","2026-07-27 22:36:46.452666","243250","p-m-2ogc712eite"
"241","{""id"":264274,""name"":""⋆ nic✿le ⋆"",""slug"":""nic-le"",""type"":""User"",""avatar"":null,""initials"":""⋆n⋆""}","2026-07-27 22:37:12.11123","264274","nic-le"
"243","{""id"":1054781,""name"":""Phoenix Brown"",""slug"":""phoenix-brown"",""type"":""User"",""avatar"":""https://static.avatars.are.na/1054781/large_c58a268468b392a466feee98c32ac15a.png?1756508378"",""initials"":""PB""}","2026-07-27 22:39:17.560217","1054781","phoenix-brown"
"244","{""id"":477500,""name"":""spider web"",""slug"":""spider-web"",""type"":""User"",""avatar"":""https://static.avatars.are.na/477500/large_f45eacf7df1ac9ace499a772e6eb292f.jpg?1710518043"",""initials"":""sw""}","2026-07-27 22:39:42.719703","477500","spider-web"
"245","{""id"":487629,""name"":""Deep staria"",""slug"":""deep-staria"",""type"":""User"",""avatar"":""https://static.avatars.are.na/487629/large_8271e18866faafd3fa31fa89b398ddba.jpg?1699956397"",""initials"":""Ds""}","2026-07-27 22:40:10.004849","487629","deep-staria"
"248","{""id"":169908,""name"":""Fin Tams-Gray"",""slug"":""fin-tams-gray"",""type"":""User"",""avatar"":null,""initials"":""FT""}","2026-07-27 22:41:47.888361","169908","fin-tams-gray"
"249","{""id"":73202,""name"":""Claire Tomkiw"",""slug"":""claire-tomkiw"",""type"":""User"",""avatar"":null,""initials"":""CT""}","2026-07-27 22:42:10.141602","73202","claire-tomkiw"
"250","{""id"":262483,""name"":""Oonagh McDowell"",""slug"":""oonagh-mcdowell"",""type"":""User"",""avatar"":null,""initials"":""OM""}","2026-07-27 22:43:17.323663","262483","oonagh-mcdowell"
"251","{""id"":435029,""name"":""k jhh"",""slug"":""k-jhh"",""type"":""User"",""avatar"":null,""initials"":""kj""}","2026-07-27 22:44:12.34122","435029","k-jhh"
"252","{""id"":328827,""name"":""Jack Van Boom"",""slug"":""jack-van-boom-smey0ecd0wo"",""type"":""User"",""avatar"":""https://static.avatars.are.na/328827/large_1a387cc57f90544f4b7711ac4975bf07.jpg?1722461645"",""initials"":""JVB""}","2026-07-27 22:44:33.778753","328827","jack-van-boom-smey0ecd0wo"
"253","{""id"":357311,""name"":""Fernando Monroy"",""slug"":""fernando-monroy"",""type"":""User"",""avatar"":null,""initials"":""FM""}","2026-07-27 22:45:08.504141","357311","fernando-monroy"
"254","{""id"":126129,""name"":""spaceheadtr  ✶✶"",""slug"":""spaceheadtr"",""type"":""User"",""avatar"":""https://static.avatars.are.na/126129/large_2e4512c9518fc75f92dca8ec4f15330e.png?1757097194"",""initials"":""s✶""}","2026-07-27 22:45:34.634909","126129","spaceheadtr"
"255","{""id"":184568,""name"":""Colleen Wade"",""slug"":""colleen-wade"",""type"":""User"",""avatar"":""https://static.avatars.are.na/184568/large_8cc40d6d95e096b8cea0dc2a00a6df5a.jpeg?1784425341"",""initials"":""CW""}","2026-07-27 22:46:21.880452","184568","colleen-wade"
"256","{""id"":920652,""name"":""ecks jester"",""slug"":""ecks-jester"",""type"":""User"",""avatar"":null,""initials"":""ej""}","2026-07-27 22:47:35.048754","920652","ecks-jester"
"257","{""id"":256295,""name"":""e m t"",""slug"":""e-m-t"",""type"":""User"",""avatar"":""https://static.avatars.are.na/256295/large_904f0157587192a79d0d6fb6ea3770e8.png?1739668303"",""initials"":""emt""}","2026-07-27 22:48:13.551371","256295","e-m-t"
"258","{""id"":472194,""name"":""Deni Kuster"",""slug"":""deni-kuster"",""type"":""User"",""avatar"":""https://static.avatars.are.na/472194/large_5e9a86c21025327526b007d2697fb584.jpg?1762454654"",""initials"":""DK""}","2026-07-27 22:48:45.198826","472194","deni-kuster"
"259","{""id"":215841,""name"":""ꪶ ꪑ"",""slug"":""sq1ag7bowio"",""type"":""User"",""avatar"":""https://static.avatars.are.na/215841/large_9d15d8acdfe3c621e207f88bb79d52d5.jpg?1704803853"",""initials"":""ꪶꪑ""}","2026-07-27 22:49:58.561211","215841","sq1ag7bowio"
"260","{""id"":221836,""name"":""_ 029c"",""slug"":""_-029c"",""type"":""User"",""avatar"":""https://static.avatars.are.na/221836/large_42548c5782f463ca5e917e05611c3ea3.gif?1770058284"",""initials"":""_0""}","2026-07-27 22:50:21.000094","221836","_-029c"
"261","{""id"":818498,""name"":""dora rara"",""slug"":""dora-rara"",""type"":""User"",""avatar"":null,""initials"":""dr""}","2026-07-27 22:51:23.608991","818498","dora-rara"
"262","{""id"":641977,""name"":""conrad amburgey"",""slug"":""conrad-amburgey"",""type"":""User"",""avatar"":null,""initials"":""ca""}","2026-07-27 22:51:42.291544","641977","conrad-amburgey"
"263","{""id"":210234,""name"":""Jake Chvatal"",""slug"":""jake-chvatal"",""type"":""User"",""avatar"":""https://static.avatars.are.na/210234/large_43ee55997cb4c0dede08d9d7a6c0ff26.jpg?1674752663"",""initials"":""JC""}","2026-07-27 22:52:06.477155","210234","jake-chvatal"
"264","{""id"":740482,""name"":""sancha t"",""slug"":""sancha-t"",""type"":""User"",""avatar"":null,""initials"":""st""}","2026-07-27 22:54:22.069336","740482","sancha-t"
"265","{""id"":270271,""name"":""Kes H"",""slug"":""kes-h"",""type"":""User"",""avatar"":null,""initials"":""KH""}","2026-07-27 22:54:45.95247","270271","kes-h"
"266","{""id"":38091,""name"":""Michael Retzlaff"",""slug"":""michael-retzlaff"",""type"":""User"",""avatar"":null,""initials"":""MR""}","2026-07-27 22:55:09.704266","38091","michael-retzlaff"
"267","{""id"":187560,""name"":""Aaron Amado"",""slug"":""aaron-amado"",""type"":""User"",""avatar"":null,""initials"":""AA""}","2026-07-27 22:55:39.055423","187560","aaron-amado"
"268","{""id"":650387,""name"":""Joel Friedlin"",""slug"":""joel-friedlin"",""type"":""User"",""avatar"":""https://static.avatars.are.na/650387/large_654cbe039eb5aa46d17e2d164ce43e04.jpg?1709043073"",""initials"":""JF""}","2026-07-27 22:56:10.047648","650387","joel-friedlin"
"269","{""id"":688467,""name"":""nisrina adelia"",""slug"":""nisrina-adelia"",""type"":""User"",""avatar"":null,""initials"":""na""}","2026-07-27 22:57:56.715794","688467","nisrina-adelia"
"270","{""id"":660213,""name"":""Zaya G R"",""slug"":""zaya-g-r"",""type"":""User"",""avatar"":null,""initials"":""ZGR""}","2026-07-27 22:58:27.648032","660213","zaya-g-r"
"273","{""id"":500385,""name"":""elizabeth portanova"",""slug"":""elizabeth-portanova-zssdelzpdpg"",""type"":""User"",""avatar"":null,""initials"":""ep""}","2026-07-27 23:02:03.40167","500385","elizabeth-portanova-zssdelzpdpg"
"274","{""id"":576686,""name"":""HArper segal"",""slug"":""harper-segal-uh4x4w5gv8"",""type"":""User"",""avatar"":null,""initials"":""Hs""}","2026-07-27 23:04:14.84198","576686","harper-segal-uh4x4w5gv8"
"275","{""id"":282549,""name"":""Jennie Ellsworth"",""slug"":""jennie-ellsworth"",""type"":""User"",""avatar"":null,""initials"":""JE""}","2026-07-27 23:04:43.084911","282549","jennie-ellsworth"
"276","{""id"":539518,""name"":""Irene Lladó"",""slug"":""irene-llado"",""type"":""User"",""avatar"":null,""initials"":""IL""}","2026-07-27 23:05:16.105841","539518","irene-llado"
"277","{""id"":608375,""name"":""nicolai ganichev"",""slug"":""nicolai-ganichev"",""type"":""User"",""avatar"":""https://static.avatars.are.na/608375/large_8b39d37263896bd1dc4b9b9b3032f86b.jpg?1704142393"",""initials"":""ng""}","2026-07-27 23:05:49.522916","608375","nicolai-ganichev"
"278","{""id"":9242,""name"":""Skip Hursh"",""slug"":""skip-hursh"",""type"":""User"",""avatar"":""https://static.avatars.are.na/9242/large_d239594e3ec30e70faccc6f451b3013d.png?1674226806"",""initials"":""SH""}","2026-07-27 23:06:24.925491","9242","skip-hursh"
"279","{""id"":302170,""name"":""Gerrit Brocks"",""slug"":""gerrit-brocks"",""type"":""User"",""avatar"":""https://static.avatars.are.na/302170/large_dbf6b9a39db9011ce364be38eaf33047.jpg?1763123902"",""initials"":""GB""}","2026-07-27 23:08:31.796795","302170","gerrit-brocks"
"280","{""id"":497945,""name"":""Pablo Castelo"",""slug"":""pablo-castelo"",""type"":""User"",""avatar"":""https://static.avatars.are.na/497945/large_11a0745d52884d0dfe749c9e239b77c2.png?1737661717"",""initials"":""PC""}","2026-07-27 23:10:48.481961","497945","pablo-castelo"
"281","{""id"":236013,""name"":""Louis Roh"",""slug"":""louis-roh-4x2avwergau"",""type"":""User"",""avatar"":""https://static.avatars.are.na/236013/large_fd5f27da9bf566b8185cb573ed8cded4.jpg?1677843859"",""initials"":""LR""}","2026-07-27 23:12:32.403122","236013","louis-roh-4x2avwergau"
"282","{""id"":577775,""name"":""An K"",""slug"":""an-k"",""type"":""User"",""avatar"":null,""initials"":""AK""}","2026-07-27 23:12:55.011997","577775","an-k"
"283","{""id"":442885,""name"":""R Ł"",""slug"":""r-l-wpk8mh-r3dg"",""type"":""User"",""avatar"":""https://static.avatars.are.na/442885/large_d099bb5fa7bb9b474d7f7a714989c7e0.jpg?1690142115"",""initials"":""RŁ""}","2026-07-27 23:13:21.872382","442885","r-l-wpk8mh-r3dg"
"285","{""id"":123461,""name"":""Wesley Eggebrecht"",""slug"":""wesley-eggebrecht"",""type"":""User"",""avatar"":null,""initials"":""WE""}","2026-07-27 23:15:11.428583","123461","wesley-eggebrecht"
"287","{""id"":540821,""name"":""Briain Hudson"",""slug"":""briain-hudson"",""type"":""User"",""avatar"":null,""initials"":""BH""}","2026-07-27 23:16:24.598374","540821","briain-hudson"
"288","{""id"":536743,""name"":""virtue \u200e "",""slug"":""virtue"",""type"":""User"",""avatar"":""https://static.avatars.are.na/536743/large_fe2f32e78cd62796769cdbfb23805818.jpg?1687067225"",""initials"":""v\u200e""}","2026-07-27 23:17:04.21571","536743","virtue"
"289","{""id"":280289,""name"":""em ca"",""slug"":""em-ca"",""type"":""User"",""avatar"":null,""initials"":""ec""}","2026-07-27 23:17:30.577269","280289","em-ca"
"290","{""id"":212309,""name"":""Áine McGee"",""slug"":""aine-mcgee"",""type"":""User"",""avatar"":null,""initials"":""ÁM""}","2026-07-27 23:17:55.642214","212309","aine-mcgee"
"291","{""id"":337460,""name"":""Natalia Ruiz"",""slug"":""natalia-ruiz"",""type"":""User"",""avatar"":""https://static.avatars.are.na/337460/large_c02ab7b0612e20f53e325c8da06a56ef.png?1665596828"",""initials"":""NR""}","2026-07-27 23:18:14.826674","337460","natalia-ruiz"
"292","{""id"":12463,""name"":""Jordan Rundle"",""slug"":""jordan-rundle"",""type"":""User"",""avatar"":""https://static.avatars.are.na/12463/large_423039092b5916e188c87cdcd4075885.gif?1536432054"",""initials"":""JR""}","2026-07-27 23:18:47.896758","12463","jordan-rundle"
"293","{""id"":78567,""name"":""river burns"",""slug"":""river-burns"",""type"":""User"",""avatar"":""https://static.avatars.are.na/78567/large_b1383ac10ff16fb609b550cf9caaeba6.jpg?1626977770"",""initials"":""rb""}","2026-07-27 23:19:32.666726","78567","river-burns"
"294","{""id"":514342,""name"":""wthr rp0rt"",""slug"":""wthr-rp0rt"",""type"":""User"",""avatar"":null,""initials"":""wr""}","2026-07-27 23:19:55.616419","514342","wthr-rp0rt"
"295","{""id"":435333,""name"":""babydieuu °❀⋆."",""slug"":""babydieuu"",""type"":""User"",""avatar"":""https://static.avatars.are.na/435333/large_7640fbdd0ffd016b4b578e4313e60349.jpg?1730300516"",""initials"":""b°""}","2026-07-27 23:20:30.495073","435333","babydieuu"
"296","{""id"":240848,""name"":""Jung Hoon Lee"",""slug"":""jung-hoon-lee"",""type"":""User"",""avatar"":null,""initials"":""JHL""}","2026-07-27 23:21:05.007409","240848","jung-hoon-lee"
"300","{""id"":361026,""name"":""Pedro Lima"",""slug"":""pedro-lima-ynqzxodruwm"",""type"":""User"",""avatar"":""https://static.avatars.are.na/361026/large_8ebc594e75bdc52602db70e8279d8575.jpg?1649899029"",""initials"":""PL""}","2026-07-27 23:24:43.818605","361026","pedro-lima-ynqzxodruwm"
"302","{""id"":187327,""name"":""chris osagie"",""slug"":""chris-osagie"",""type"":""User"",""avatar"":""https://static.avatars.are.na/187327/large_5cad7e412adbdfd1cd296087d8d667af.jpg?1733692561"",""initials"":""co""}","2026-07-27 23:27:05.767354","187327","chris-osagie"
"303","{""id"":258400,""name"":""A_ S_"",""slug"":""a_-s_"",""type"":""User"",""avatar"":null,""initials"":""AS""}","2026-07-27 23:27:38.768049","258400","a_-s_"
"304","{""id"":113234,""name"":""steven lee"",""slug"":""steven-lee"",""type"":""User"",""avatar"":null,""initials"":""sl""}","2026-07-27 23:28:17.302303","113234","steven-lee"
"306","{""id"":176365,""name"":""David Jacob"",""slug"":""david-jacob"",""type"":""User"",""avatar"":""https://static.avatars.are.na/176365/large_adcecf656f9c0a34c172553f2101afd4.jpeg?1784977090"",""initials"":""DJ""}","2026-07-27 23:29:01.248049","176365","david-jacob"
"307","{""id"":893554,""name"":""jasidfoja asdgsdgawe"",""slug"":""jasidfoja-asdgsdgawe"",""type"":""User"",""avatar"":null,""initials"":""ja""}","2026-07-27 23:29:33.285916","893554","jasidfoja-asdgsdgawe"
"308","{""id"":86622,""name"":""Charlotte Butler"",""slug"":""charlotte-butler"",""type"":""User"",""avatar"":null,""initials"":""CB""}","2026-07-27 23:29:54.641191","86622","charlotte-butler"
"309","{""id"":373491,""name"":""Anton Hildingsson"",""slug"":""anton-hildingsson"",""type"":""User"",""avatar"":""https://static.avatars.are.na/373491/large_11b449abaaaf369b89cdd49ce85fabd9.jpg?1692430889"",""initials"":""AH""}","2026-07-27 23:30:30.152801","373491","anton-hildingsson"
"310","{""id"":259811,""name"":""Dobu Haishen"",""slug"":""dobu-haishen"",""type"":""User"",""avatar"":null,""initials"":""DH""}","2026-07-27 23:31:08.08294","259811","dobu-haishen"
"311","{""id"":493190,""name"":""Evelyn Luu"",""slug"":""evelyn-luu-qi6tph27xew"",""type"":""User"",""avatar"":null,""initials"":""EL""}","2026-07-27 23:31:46.825547","493190","evelyn-luu-qi6tph27xew"
"312","{""id"":587438,""name"":""Ksenya Badanova"",""slug"":""ksenya-badanova"",""type"":""User"",""avatar"":null,""initials"":""KB""}","2026-07-27 23:32:09.977483","587438","ksenya-badanova"
"313","{""id"":369962,""name"":""Tom Staples Castello"",""slug"":""tom-staples-castello"",""type"":""User"",""avatar"":""https://static.avatars.are.na/369962/large_782c40177ed6eb85ee3e089d4860810f.jpg?1737545342"",""initials"":""TSC""}","2026-07-27 23:32:37.24394","369962","tom-staples-castello"
"314","{""id"":358233,""name"":""Sabrina Saccente"",""slug"":""sabrina-saccente"",""type"":""User"",""avatar"":""https://static.avatars.are.na/358233/large_fed82af59ebc1788c30916a674f361cd.png?1667223170"",""initials"":""SS""}","2026-07-27 23:33:50.751039","358233","sabrina-saccente"
"316","{""id"":424185,""name"":""Tim W"",""slug"":""tim-w"",""type"":""User"",""avatar"":""https://static.avatars.are.na/424185/large_70cce0883bf34f99c158dd56c93aaaa3.jpg?1730734707"",""initials"":""TW""}","2026-07-27 23:34:49.506717","424185","tim-w"
"317","{""id"":68119,""name"":""Alexis Quarles"",""slug"":""alexis-quarles"",""type"":""User"",""avatar"":null,""initials"":""AQ""}","2026-07-27 23:35:24.711528","68119","alexis-quarles"
"318","{""id"":20427,""name"":""Rachel Kahn"",""slug"":""rachel-kahn"",""type"":""User"",""avatar"":null,""initials"":""RK""}","2026-07-27 23:36:15.894855","20427","rachel-kahn"
"319","{""id"":232887,""name"":""Alice Pesenti"",""slug"":""alice-pesenti"",""type"":""User"",""avatar"":null,""initials"":""AP""}","2026-07-27 23:36:52.914379","232887","alice-pesenti"
"320","{""id"":492918,""name"":""Ana Rivera"",""slug"":""ana-rivera"",""type"":""User"",""avatar"":""https://static.avatars.are.na/492918/large_0ce4f395b21a9e01acfb054efc84362e.png?1706174239"",""initials"":""AR""}","2026-07-27 23:37:24.890013","492918","ana-rivera"
"321","{""id"":194957,""name"":""Shelby Shaw"",""slug"":""shelby-shaw"",""type"":""User"",""avatar"":""https://static.avatars.are.na/194957/large_7fbca61311d0be1cedb1af8e2b150fa9.jpg?1600364853"",""initials"":""SS""}","2026-07-27 23:37:50.07282","194957","shelby-shaw"
"322","{""id"":456559,""name"":""Auph 🌏"",""slug"":""auph"",""type"":""User"",""avatar"":""https://static.avatars.are.na/456559/large_1842f998c117558fb90643a032a8cf5e.png?1671115155"",""initials"":""A🌏""}","2026-07-27 23:38:36.208795","456559","auph"
"323","{""id"":392585,""name"":""Andre Brown"",""slug"":""andre-brown"",""type"":""User"",""avatar"":null,""initials"":""AB""}","2026-07-27 23:39:17.522187","392585","andre-brown"
"324","{""id"":75384,""name"":""Jeff Thomson"",""slug"":""jeff-thomson"",""type"":""User"",""avatar"":""https://static.avatars.are.na/75384/large_21c1f7df12cd7eaee328e11e6e837437.png?1699112606"",""initials"":""JT""}","2026-07-27 23:39:50.549801","75384","jeff-thomson"
"326","{""id"":246768,""name"":""Marino Achraf"",""slug"":""marino-achraf"",""type"":""User"",""avatar"":null,""initials"":""MA""}","2026-07-27 23:41:46.86248","246768","marino-achraf"
"327","{""id"":162810,""name"":""Hani Chladilova"",""slug"":""hani-chladilova"",""type"":""User"",""avatar"":""https://static.avatars.are.na/162810/large_1134966949644e89b45bb2cc517f9c97.png?1586862805"",""initials"":""HC""}","2026-07-27 23:42:21.115498","162810","hani-chladilova"
"328","{""id"":432210,""name"":""Titania Falls"",""slug"":""titania-falls"",""type"":""User"",""avatar"":null,""initials"":""TF""}","2026-07-27 23:42:46.175124","432210","titania-falls"
"329","{""id"":311226,""name"":""Beca Dutra"",""slug"":""beca-dutra"",""type"":""User"",""avatar"":null,""initials"":""BD""}","2026-07-27 23:43:10.32346","311226","beca-dutra"
"330","{""id"":183607,""name"":""Selina Kehuan Wu"",""slug"":""selina-kehuan-wu"",""type"":""User"",""avatar"":""https://static.avatars.are.na/183607/large_08ee98b6125dc6f35266142c000f548e.jpg?1721907894"",""initials"":""SKW""}","2026-07-27 23:43:48.615658","183607","selina-kehuan-wu"
"331","{""id"":121010,""name"":""Mr Curious"",""slug"":""mr-curious"",""type"":""User"",""avatar"":""https://static.avatars.are.na/121010/large_83b86fa74b1ecf9d800cf0bad2a8b331.jpg?1568929177"",""initials"":""MC""}","2026-07-27 23:44:16.576952","121010","mr-curious"
"332","{""id"":370926,""name"":""toy drones"",""slug"":""toy-drones"",""type"":""User"",""avatar"":null,""initials"":""td""}","2026-07-27 23:45:22.311474","370926","toy-drones"
"333","{""id"":48084,""name"":""JENNIFER HOOK"",""slug"":""jennifer-hook"",""type"":""User"",""avatar"":""https://static.avatars.are.na/48084/large_63aaa5ebe7c883a3060935767c54648e.jpg?1707420044"",""initials"":""JH""}","2026-07-27 23:46:35.76993","48084","jennifer-hook"
"334","{""id"":395967,""name"":""molly pierce"",""slug"":""molly-pierce"",""type"":""User"",""avatar"":null,""initials"":""mp""}","2026-07-27 23:47:06.466403","395967","molly-pierce"
"335","{""id"":144799,""name"":""adriana mora"",""slug"":""adriana-mora"",""type"":""User"",""avatar"":""https://static.avatars.are.na/144799/large_16d644829262aafdabfa91ae4eea5d55.png?1748446190"",""initials"":""am""}","2026-07-27 23:47:32.925987","144799","adriana-mora"
"336","{""id"":348293,""name"":""Miyu Shirotsuka"",""slug"":""miyu-shirotsuka"",""type"":""User"",""avatar"":null,""initials"":""MS""}","2026-07-27 23:48:14.750947","348293","miyu-shirotsuka"
"337","{""id"":279081,""name"":""Claudia Pastori"",""slug"":""claudia-pastori"",""type"":""User"",""avatar"":null,""initials"":""CP""}","2026-07-27 23:49:00.35265","279081","claudia-pastori"
"339","{""id"":223816,""name"":""Eduard Bogdanov"",""slug"":""eduard-bogdanov"",""type"":""User"",""avatar"":null,""initials"":""EB""}","2026-07-27 23:50:29.375655","223816","eduard-bogdanov"
"340","{""id"":202129,""name"":""ANTOINE BOURHIS"",""slug"":""antoine-bourhis"",""type"":""User"",""avatar"":""https://static.avatars.are.na/202129/large_ab13ea213f90198116351565773c76fa.jpg?1641570695"",""initials"":""AB""}","2026-07-27 23:51:00.523754","202129","antoine-bourhis"
"341","{""id"":116540,""name"":""Natalie Liu"",""slug"":""natalie-liu-uw_vv4-u7ee"",""type"":""User"",""avatar"":""https://static.avatars.are.na/116540/large_4f8a51f07202dd4f44d318b930fc34d9.jpg?1730157727"",""initials"":""NL""}","2026-07-27 23:51:32.013578","116540","natalie-liu-uw_vv4-u7ee"
"342","{""id"":67377,""name"":""Toon Rooijmans"",""slug"":""toon-rooijmans"",""type"":""User"",""avatar"":null,""initials"":""TR""}","2026-07-27 23:52:03.463309","67377","toon-rooijmans"
"343","{""id"":234033,""name"":""A Sta"",""slug"":""a-sta"",""type"":""User"",""avatar"":null,""initials"":""AS""}","2026-07-27 23:52:46.632811","234033","a-sta"
"344","{""id"":225983,""name"":""Dee  M"",""slug"":""dee-m-mqrwfrn0k9i"",""type"":""User"",""avatar"":""https://static.avatars.are.na/225983/large_2fa4ade9cc80d1b6b475ca928e359f89.jpg?1623161654"",""initials"":""DM""}","2026-07-27 23:53:36.463729","225983","dee-m-mqrwfrn0k9i"
"345","{""id"":208569,""name"":""Max Muthig"",""slug"":""max-muthig"",""type"":""User"",""avatar"":""https://static.avatars.are.na/208569/large_c5d70d3874c4110f685fc7684a6fe1ac.jpg?1613085464"",""initials"":""MM""}","2026-07-27 23:54:18.56467","208569","max-muthig"
"346","{""id"":521477,""name"":""Seb C"",""slug"":""seb-c"",""type"":""User"",""avatar"":null,""initials"":""SC""}","2026-07-27 23:54:41.804256","521477","seb-c"
"347","{""id"":682537,""name"":""dink y"",""slug"":""dink-y"",""type"":""User"",""avatar"":null,""initials"":""dy""}","2026-07-27 23:55:15.371052","682537","dink-y"
"348","{""id"":163505,""name"":""Zack Teachout"",""slug"":""zack-teachout"",""type"":""User"",""avatar"":""https://static.avatars.are.na/163505/large_577e3c850c55096094f879e4af89e178.png?1665506635"",""initials"":""ZT""}","2026-07-27 23:55:40.267917","163505","zack-teachout"
"349","{""id"":140840,""name"":""Hello Tomo"",""slug"":""hello-tomo"",""type"":""User"",""avatar"":""https://static.avatars.are.na/140840/large_5ee1358725bc7299f83ba45d99cc6e7c.jpg?1605478299"",""initials"":""HT""}","2026-07-27 23:56:06.163971","140840","hello-tomo"
"350","{""id"":757999,""name"":""Christopher Fagundo"",""slug"":""christopher-fagundo"",""type"":""User"",""avatar"":null,""initials"":""CF""}","2026-07-27 23:56:37.68082","757999","christopher-fagundo"
"351","{""id"":687889,""name"":""John Brash"",""slug"":""john-brash"",""type"":""User"",""avatar"":null,""initials"":""JB""}","2026-07-27 23:57:19.782661","687889","john-brash"
"352","{""id"":107682,""name"":""Lucas Teixeira"",""slug"":""lucas-teixeira-gi_cdrfwwni"",""type"":""User"",""avatar"":""https://static.avatars.are.na/107682/large_9b04a783ac5aad566332c2abed5a7e0d.jpeg?1779733081"",""initials"":""LT""}","2026-07-27 23:57:55.281534","107682","lucas-teixeira-gi_cdrfwwni"
"353","{""id"":488245,""name"":""Ant B"",""slug"":""ant-b"",""type"":""User"",""avatar"":""https://static.avatars.are.na/488245/large_1bcee8499a003ecc1afabb4b3a5abf20.jpg?1706057447"",""initials"":""AB""}","2026-07-27 23:58:37.52102","488245","ant-b"
"354","{""id"":337227,""name"":""Sophie Thunved"",""slug"":""sophie-thunved"",""type"":""User"",""avatar"":""https://static.avatars.are.na/337227/large_0614c9c8b7518447a4f907a59327010e.jpg?1644395028"",""initials"":""ST""}","2026-07-28 00:00:31.9799","337227","sophie-thunved"
"355","{""id"":183403,""name"":""Garett Gioia"",""slug"":""garett-gioia"",""type"":""User"",""avatar"":null,""initials"":""GG""}","2026-07-28 00:01:01.457225","183403","garett-gioia"
"356","{""id"":112553,""name"":""michael kim"",""slug"":""michael-kim"",""type"":""User"",""avatar"":null,""initials"":""mk""}","2026-07-28 00:01:24.511927","112553","michael-kim"
"357","{""id"":213619,""name"":""Pablo Navone"",""slug"":""pablo-navone"",""type"":""User"",""avatar"":null,""initials"":""PN""}","2026-07-28 00:01:49.406828","213619","pablo-navone"
"358","{""id"":263043,""name"":""Roxi Basa"",""slug"":""roxi-basa"",""type"":""User"",""avatar"":null,""initials"":""RB""}","2026-07-28 00:02:20.873444","263043","roxi-basa"
"359","{""id"":389717,""name"":""Victoria Punturere"",""slug"":""victoria-punturere-ghfws65s50"",""type"":""User"",""avatar"":""https://static.avatars.are.na/389717/large_4a60bd7e4098c0f7e302be0ac6814c45.jpg?1685057091"",""initials"":""VP""}","2026-07-28 00:03:08.09351","389717","victoria-punturere-ghfws65s50"
"360","{""id"":140484,""name"":""Markus Boynton"",""slug"":""markus-boynton"",""type"":""User"",""avatar"":""https://static.avatars.are.na/140484/large_17cd84a887861800f58ba7e940abd204.png?1588044731"",""initials"":""MB""}","2026-07-28 00:04:25.581077","140484","markus-boynton"
"361","{""id"":512054,""name"":""Majesty Bland"",""slug"":""majesty-bland"",""type"":""User"",""avatar"":null,""initials"":""MB""}","2026-07-28 00:05:19.988424","512054","majesty-bland"
"362","{""id"":396613,""name"":""Deye Sarr"",""slug"":""deye-sarr"",""type"":""User"",""avatar"":null,""initials"":""DS""}","2026-07-28 00:06:06.099652","396613","deye-sarr"
"363","{""id"":246604,""name"":""Roseanne Overton"",""slug"":""roseanne-overton"",""type"":""User"",""avatar"":null,""initials"":""RO""}","2026-07-28 00:06:38.422403","246604","roseanne-overton"
"364","{""id"":105519,""name"":""Benson Rong"",""slug"":""benson-rong"",""type"":""User"",""avatar"":""https://static.avatars.are.na/105519/large_7dd7bcaedd751a4cd7beb0eb22dbea1b.png?1690414427"",""initials"":""BR""}","2026-07-28 00:07:57.899493","105519","benson-rong"
"365","{""id"":47793,""name"":""Cody Lidtke"",""slug"":""cody-lidtke"",""type"":""User"",""avatar"":null,""initials"":""CL""}","2026-07-28 00:09:23.51189","47793","cody-lidtke"
"366","{""id"":191114,""name"":""Alana Truong"",""slug"":""alana-truong"",""type"":""User"",""avatar"":null,""initials"":""AT""}","2026-07-28 00:09:51.707069","191114","alana-truong"
"368","{""id"":323617,""name"":""Joanne Hwang"",""slug"":""joanne-hwang"",""type"":""User"",""avatar"":null,""initials"":""JH""}","2026-07-28 00:10:54.550085","323617","joanne-hwang"
"370","{""id"":216049,""name"":""Aliza Kravatz"",""slug"":""aliza-kravatz"",""type"":""User"",""avatar"":""https://static.avatars.are.na/216049/large_d69fcd501b4016b3bef67392adfe6e44.jpg?1641861725"",""initials"":""AK""}","2026-07-28 00:11:40.386059","216049","aliza-kravatz"
"371","{""id"":9302,""name"":""angelina toros"",""slug"":""angelina-toros"",""type"":""User"",""avatar"":""https://static.avatars.are.na/9302/large_59ffe3f85983897577b08c8da4356647.png?1485731615"",""initials"":""at""}","2026-07-28 00:12:10.053017","9302","angelina-toros"
"372","{""id"":13453,""name"":""quite quiet"",""slug"":""quite-quiet"",""type"":""User"",""avatar"":""https://static.avatars.are.na/13453/large_593b81fae771d23b1a4292c82a29d5e9.png?1516362069"",""initials"":""qq""}","2026-07-28 00:12:39.845383","13453","quite-quiet"
"373","{""id"":64091,""name"":""C .Corrado"",""slug"":""c-corrado"",""type"":""User"",""avatar"":""https://static.avatars.are.na/64091/large_366ffefb6f2e4f7d91c88be45fbfc75d.png?1755374777"",""initials"":""C.""}","2026-07-28 00:13:13.2973","64091","c-corrado"
"374","{""id"":116313,""name"":""wev world"",""slug"":""wev-world"",""type"":""User"",""avatar"":""https://static.avatars.are.na/116313/large_7ead173792b94b7e57a074b814058d3d.jpg?1589993601"",""initials"":""ww""}","2026-07-28 00:14:16.157349","116313","wev-world"
"375","{""id"":62171,""name"":""Jean Wojciechowski"",""slug"":""jean-wojciechowski"",""type"":""User"",""avatar"":""https://static.avatars.are.na/62171/large_090e7ddd37869f2d1ae118dbef5a2e8b.jpg?1608182411"",""initials"":""JW""}","2026-07-28 00:14:49.074583","62171","jean-wojciechowski"
"376","{""id"":25970,""name"":""chiroy vincent"",""slug"":""chiroy-vincent-bexodag34ga"",""type"":""User"",""avatar"":""https://static.avatars.are.na/25970/large_a8807ab9b3bd19795d4ad4af5568bf9f.png?1738019132"",""initials"":""cv""}","2026-07-28 00:15:26.146053","25970","chiroy-vincent-bexodag34ga"
"377","{""id"":1111786,""name"":""piliii fernandez"",""slug"":""piliii-fernandez"",""type"":""User"",""avatar"":null,""initials"":""pf""}","2026-07-28 00:15:59.127845","1111786","piliii-fernandez"
"378","{""id"":865860,""name"":""Jessina Lö"",""slug"":""jessina-lo"",""type"":""User"",""avatar"":null,""initials"":""JL""}","2026-07-28 00:16:17.187878","865860","jessina-lo"
"379","{""id"":297296,""name"":""diego velasquez"",""slug"":""diego-velasquez"",""type"":""User"",""avatar"":null,""initials"":""dv""}","2026-07-28 00:16:43.118919","297296","diego-velasquez"
"380","{""id"":239132,""name"":""Alex Does"",""slug"":""alex-does"",""type"":""User"",""avatar"":""https://static.avatars.are.na/239132/large_8d3896c388ec2832f56ebe062cfcb99f.gif?1733352043"",""initials"":""AD""}","2026-07-28 00:17:03.155023","239132","alex-does"
"381","{""id"":541404,""name"":""Alice Kashmouleh"",""slug"":""alice-kashmouleh"",""type"":""User"",""avatar"":""https://static.avatars.are.na/541404/large_213f9b694000130a5df9a3f109ec5e67.jpg?1700563632"",""initials"":""AK""}","2026-07-28 00:17:28.428701","541404","alice-kashmouleh"
"382","{""id"":933791,""name"":""Ava Einstein"",""slug"":""ava-einstein"",""type"":""User"",""avatar"":null,""initials"":""AE""}","2026-07-28 00:17:46.371783","933791","ava-einstein"
"383","{""id"":165611,""name"":""Nat Ova"",""slug"":""nat-ova"",""type"":""User"",""avatar"":null,""initials"":""NO""}","2026-07-28 00:18:26.049315","165611","nat-ova"
"384","{""id"":792377,""name"":""Sage Stasiuk"",""slug"":""sage-stasiuk"",""type"":""User"",""avatar"":null,""initials"":""SS""}","2026-07-28 00:19:02.916807","792377","sage-stasiuk"
"385","{""id"":278851,""name"":""w v"",""slug"":""w-v-ahnk2cvdo-e"",""type"":""User"",""avatar"":null,""initials"":""wv""}","2026-07-28 00:19:29.479436","278851","w-v-ahnk2cvdo-e"
"386","{""id"":74404,""name"":""misha bruk"",""slug"":""misha-bruk"",""type"":""User"",""avatar"":null,""initials"":""mb""}","2026-07-28 00:19:52.425779","74404","misha-bruk"
"387","{""id"":535095,""name"":""Anna Lazzaron"",""slug"":""anna-lazzaron-upwacwgtwww"",""type"":""User"",""avatar"":null,""initials"":""AL""}","2026-07-28 00:20:16.117833","535095","anna-lazzaron-upwacwgtwww"
"388","{""id"":516845,""name"":""Gilly Snail"",""slug"":""gilly-snail"",""type"":""User"",""avatar"":null,""initials"":""GS""}","2026-07-28 00:20:46.44197","516845","gilly-snail"
"389","{""id"":498285,""name"":""pppp rrr"",""slug"":""pppp-rrr"",""type"":""User"",""avatar"":null,""initials"":""pr""}","2026-07-28 00:21:08.349672","498285","pppp-rrr"
"390","{""id"":593673,""name"":""Xinyu Liu"",""slug"":""xinyu-liu-tqgplmrnxju"",""type"":""User"",""avatar"":""https://static.avatars.are.na/593673/large_a2c6b641ca40078426482a4a7670491e.jpg?1734637157"",""initials"":""XL""}","2026-07-28 00:21:35.920346","593673","xinyu-liu-tqgplmrnxju"
"391","{""id"":295735,""name"":""gabrielle white"",""slug"":""gabrielle-white"",""type"":""User"",""avatar"":""https://static.avatars.are.na/295735/large_5ef054e850466e91b448ca2a531d708d.gif?1704529411"",""initials"":""gw""}","2026-07-28 00:22:44.118735","295735","gabrielle-white"
"392","{""id"":280556,""name"":""jessinternet  ₊˚.⋆☾⋆⁺₊⋆˙"",""slug"":""jessinternet"",""type"":""User"",""avatar"":""https://static.avatars.are.na/280556/large_0a750cf2389f65adfa9b835ea430a57b.jpg?1698977929"",""initials"":""j₊""}","2026-07-28 00:23:06.008385","280556","jessinternet"
"394","{""id"":19454,""name"":""Gray Broderick"",""slug"":""gray-broderick"",""type"":""User"",""avatar"":null,""initials"":""GB""}","2026-07-28 00:23:55.302121","19454","gray-broderick"
"395","{""id"":495186,""name"":""cyber 111"",""slug"":""cyber-111"",""type"":""User"",""avatar"":""https://static.avatars.are.na/495186/large_39f0efef274022081441e4aa1f98b5f5.jpg?1707059830"",""initials"":""c1""}","2026-07-28 00:26:38.947395","495186","cyber-111"
"396","{""id"":279128,""name"":""Marina García"",""slug"":""marina-garcia"",""type"":""User"",""avatar"":null,""initials"":""MG""}","2026-07-28 00:27:42.789816","279128","marina-garcia"
"397","{""id"":386055,""name"":""Claus Wares"",""slug"":""claus-wares"",""type"":""User"",""avatar"":null,""initials"":""CW""}","2026-07-28 00:28:09.628098","386055","claus-wares"
"398","{""id"":36993,""name"":""aimee kim"",""slug"":""aimee-kim"",""type"":""User"",""avatar"":null,""initials"":""ak""}","2026-07-28 00:28:31.910549","36993","aimee-kim"
"399","{""id"":536016,""name"":""Thanh Nguyen"",""slug"":""thanh-nguyen-e0ea3mly8ra"",""type"":""User"",""avatar"":null,""initials"":""TN""}","2026-07-28 00:28:54.544413","536016","thanh-nguyen-e0ea3mly8ra"
"400","{""id"":194228,""name"":""Hanna Reichler"",""slug"":""hanna-reichler"",""type"":""User"",""avatar"":null,""initials"":""HR""}","2026-07-28 00:29:21.124245","194228","hanna-reichler"
"401","{""id"":524947,""name"":""௵ Saint."",""slug"":""saint-xo7aucwgwci"",""type"":""User"",""avatar"":""https://static.avatars.are.na/524947/large_39b8d0a9fc0b4d371f29677b37ac41e8.jpeg?1781586908"",""initials"":""௵S""}","2026-07-28 00:31:06.197835","524947","saint-xo7aucwgwci"
"402","{""id"":185398,""name"":""XKM Studio"",""slug"":""xkm-studio"",""type"":""User"",""avatar"":""https://static.avatars.are.na/185398/large_043f697d6e53fec6aa30560824889ae4.jpg?1740063769"",""initials"":""XS""}","2026-07-28 00:31:31.241519","185398","xkm-studio"
"403","{""id"":382404,""name"":""Alex Rainer"",""slug"":""alex-rainer"",""type"":""User"",""avatar"":""https://static.avatars.are.na/382404/large_d139fbc0f37ae86c94d22369fcea9801.png?1760257754"",""initials"":""AR""}","2026-07-28 00:32:04.111346","382404","alex-rainer"
"404","{""id"":25764,""name"":""Torrin Blades"",""slug"":""torrin-blades"",""type"":""User"",""avatar"":""https://static.avatars.are.na/25764/large_c3ca3205cae6dad3d4034232d88f9598.jpg?1681356230"",""initials"":""TB""}","2026-07-28 00:32:42.002632","25764","torrin-blades"
"405","{""id"":261593,""name"":""Shiki DONG"",""slug"":""shiki-dong"",""type"":""User"",""avatar"":null,""initials"":""SD""}","2026-07-28 00:33:40.625696","261593","shiki-dong"
"406","{""id"":371470,""name"":""Flavia Doda"",""slug"":""flavia-doda"",""type"":""User"",""avatar"":""https://static.avatars.are.na/371470/large_2dd802cc5fb32400bcb93aa540acdd0a.jpg?1652955526"",""initials"":""FD""}","2026-07-28 00:34:07.406032","371470","flavia-doda"
"407","{""id"":243037,""name"":""Phil Garip"",""slug"":""phil-garip"",""type"":""User"",""avatar"":null,""initials"":""PG""}","2026-07-28 00:34:35.383278","243037","phil-garip"
"408","{""id"":65965,""name"":""Bohdan Roshchenko"",""slug"":""bohdan-roshchenko"",""type"":""User"",""avatar"":""https://static.avatars.are.na/65965/large_42a7dec4a796220e3b0ab96a501cae18.jpg?1693911558"",""initials"":""BR""}","2026-07-28 00:35:22.072806","65965","bohdan-roshchenko"
"409","{""id"":465650,""name"":""Eva A."",""slug"":""eva-a-qmwqbqkg7bg"",""type"":""User"",""avatar"":null,""initials"":""EA""}","2026-07-28 00:36:00.272799","465650","eva-a-qmwqbqkg7bg"
"410","{""id"":141368,""name"":""Ravi Maher"",""slug"":""ravi-maher"",""type"":""User"",""avatar"":""https://static.avatars.are.na/141368/large_60a14ff9eacd3aa1e5a177f7b4fdc9af.jpg?1660841657"",""initials"":""RM""}","2026-07-28 00:36:32.276681","141368","ravi-maher"
"411","{""id"":106496,""name"":""Tim Zarki"",""slug"":""tim-zarki"",""type"":""User"",""avatar"":""https://static.avatars.are.na/106496/large_ff2fb0024c47357a4c51a43b8d4c79ec.png?1588987151"",""initials"":""TZ""}","2026-07-28 00:37:19.490489","106496","tim-zarki"
"412","{""id"":340878,""name"":""Felix Chilvers"",""slug"":""felix-chilvers"",""type"":""User"",""avatar"":""https://static.avatars.are.na/340878/large_4114914532475e24d6455426d071f777.gif?1667231794"",""initials"":""FC""}","2026-07-28 00:38:06.835905","340878","felix-chilvers"
"414","{""id"":63637,""name"":""Anna Kuts"",""slug"":""anna-kuts"",""type"":""User"",""avatar"":""https://static.avatars.are.na/63637/large_870b9b04ec0060dd09b26625f68596b8.jpg?1662246880"",""initials"":""AK""}","2026-07-28 00:39:22.959224","63637","anna-kuts"
"415","{""id"":420828,""name"":""zara plesuski"",""slug"":""zara-plesuski"",""type"":""User"",""avatar"":null,""initials"":""zp""}","2026-07-28 00:41:29.739151","420828","zara-plesuski"
"416","{""id"":279591,""name"":""ふederico★ \""Roho\"" Yniguez"",""slug"":""ederico-roho-yniguez"",""type"":""User"",""avatar"":""https://static.avatars.are.na/279591/large_fe935219e8fc7d95f23856e67839ccfd.png?1778305131"",""initials"":""ふ\""Y""}","2026-07-28 00:42:00.114025","279591","ederico-roho-yniguez"
"417","{""id"":192741,""name"":""Estela A Ortiz"",""slug"":""estela-a-ortiz"",""type"":""User"",""avatar"":""https://static.avatars.are.na/192741/large_1f9301228dfa52e0d6d6a8f0edcc7e49.jpg?1599058317"",""initials"":""EAO""}","2026-07-28 00:42:27.231485","192741","estela-a-ortiz"
"418","{""id"":1019960,""name"":""michael cahana"",""slug"":""michael-cahana"",""type"":""User"",""avatar"":null,""initials"":""mc""}","2026-07-28 00:42:52.589197","1019960","michael-cahana"
"419","{""id"":210613,""name"":""Collette  $"",""slug"":""collette"",""type"":""User"",""avatar"":""https://static.avatars.are.na/210613/large_887a95b9d6616280834e23764bdaee6e.png?1638460946"",""initials"":""C$""}","2026-07-28 00:43:10.533732","210613","collette"
"420","{""id"":10515,""name"":""Paul R. Novak"",""slug"":""paul-r-novak"",""type"":""User"",""avatar"":""https://static.avatars.are.na/10515/large_20657cde5c361e8a9f9f737b64946196.jpg?1663618705"",""initials"":""PRN""}","2026-07-28 00:44:00.077948","10515","paul-r-novak"
"422","{""id"":52295,""name"":""Simone Robert"",""slug"":""simone-robert"",""type"":""User"",""avatar"":null,""initials"":""SR""}","2026-07-28 00:46:16.848358","52295","simone-robert"
"423","{""id"":134426,""name"":""Evgeniy Shtykhov"",""slug"":""evgeniy-shtykhov"",""type"":""User"",""avatar"":null,""initials"":""ES""}","2026-07-28 00:47:06.657143","134426","evgeniy-shtykhov"
"424","{""id"":1555,""name"":""Gemma Copeland"",""slug"":""gemma-copeland"",""type"":""User"",""avatar"":""https://static.avatars.are.na/1555/large_6319e8b08d4036ec2d2c7b131844b353.jpg?1692046862"",""initials"":""GC""}","2026-07-28 00:47:26.903647","1555","gemma-copeland"
"425","{""id"":687716,""name"":""Em L"",""slug"":""em-l-fgd8nnshhuq"",""type"":""User"",""avatar"":""https://static.avatars.are.na/687716/large_6b392e70e26488bfe8c6dea5339304d0.jpg?1741439618"",""initials"":""EL""}","2026-07-28 00:47:54.719511","687716","em-l-fgd8nnshhuq"
"426","{""id"":814685,""name"":""Surbhi Chawla"",""slug"":""surbhi-chawla-4yn6iijgtsm"",""type"":""User"",""avatar"":null,""initials"":""SC""}","2026-07-28 00:48:15.829057","814685","surbhi-chawla-4yn6iijgtsm"
"427","{""id"":788622,""name"":""ray ahlin"",""slug"":""ray-ahlin-u2joy6_dzje"",""type"":""User"",""avatar"":null,""initials"":""ra""}","2026-07-28 00:48:32.499281","788622","ray-ahlin-u2joy6_dzje"
"428","{""id"":401304,""name"":""Heaven Cult"",""slug"":""heaven-cult"",""type"":""User"",""avatar"":null,""initials"":""HC""}","2026-07-28 00:48:51.33799","401304","heaven-cult"
"430","{""id"":211296,""name"":""k g-t"",""slug"":""k-g-t"",""type"":""User"",""avatar"":null,""initials"":""kg""}","2026-07-28 00:49:41.049615","211296","k-g-t"
"431","{""id"":319599,""name"":""Hugo Gonzalez"",""slug"":""hugo-gonzalez"",""type"":""User"",""avatar"":""https://static.avatars.are.na/319599/large_f58724fec43bfd6195635cdceaaeca66.gif?1680237289"",""initials"":""HG""}","2026-07-28 00:50:07.943584","319599","hugo-gonzalez"
"433","{""id"":297615,""name"":""Jorge Garcia Redondo"",""slug"":""jorge-garcia-redondo"",""type"":""User"",""avatar"":""https://static.avatars.are.na/297615/large_37fa31f33732d7e9d9208bc8ede7d7aa.jpg?1679905853"",""initials"":""JGR""}","2026-07-28 00:50:46.758709","297615","jorge-garcia-redondo"
"434","{""id"":17452,""name"":""Hope Lumsden-Barry"",""slug"":""hope-lumsden-barry"",""type"":""User"",""avatar"":null,""initials"":""HL""}","2026-07-28 00:51:13.0997","17452","hope-lumsden-barry"
"435","{""id"":108727,""name"":""anastasia k"",""slug"":""anastasia-k-z868ly8ewbe"",""type"":""User"",""avatar"":""https://static.avatars.are.na/108727/large_57ec8c6057157f5c5bf978fdb3260556.png?1729146884"",""initials"":""ak""}","2026-07-28 00:51:48.019634","108727","anastasia-k-z868ly8ewbe"
"436","{""id"":123906,""name"":""Van Newman"",""slug"":""van-newman"",""type"":""User"",""avatar"":""https://static.avatars.are.na/123906/large_bc6bd8acff9dea1f2238470eb37b9e95.jpg?1732205829"",""initials"":""VN""}","2026-07-28 00:54:10.543171","123906","van-newman"
"437","{""id"":336990,""name"":""Sveinung Sundfør Sivertsen"",""slug"":""sveinung-sundfor-sivertsen"",""type"":""User"",""avatar"":null,""initials"":""SSS""}","2026-07-28 00:54:30.1181","336990","sveinung-sundfor-sivertsen"
"438","{""id"":377397,""name"":""Tania Peraio"",""slug"":""tania-peraio"",""type"":""User"",""avatar"":""https://static.avatars.are.na/377397/large_cb1a367e81cdd1e5e346ca7bcdc2d76a.png?1708165714"",""initials"":""TP""}","2026-07-28 00:55:21.444568","377397","tania-peraio"
"439","{""id"":184286,""name"":""fiyel aquino"",""slug"":""fiyel-aquino"",""type"":""User"",""avatar"":""https://static.avatars.are.na/184286/large_b7e54b550f232c8dc6e0488c7c6006c5.png?1657440491"",""initials"":""fa""}","2026-07-28 00:55:52.040795","184286","fiyel-aquino"
"440","{""id"":176829,""name"":""chakra ꩜"",""slug"":""chakra"",""type"":""User"",""avatar"":""https://static.avatars.are.na/176829/large_7c461b3fe4a5cb118ab006b0c8d2e250.jpg?1615793551"",""initials"":""c꩜""}","2026-07-28 00:56:11.213592","176829","chakra"
"442","{""id"":536588,""name"":""Leander Lorenzo"",""slug"":""leander-lorenzo"",""type"":""User"",""avatar"":null,""initials"":""LL""}","2026-07-28 00:57:06.319987","536588","leander-lorenzo"
"443","{""id"":456019,""name"":""Miska M"",""slug"":""miska-m"",""type"":""User"",""avatar"":null,""initials"":""MM""}","2026-07-28 00:58:32.117514","456019","miska-m"
"444","{""id"":590233,""name"":""Alejandro Seva "",""slug"":""alejandro-seva"",""type"":""User"",""avatar"":null,""initials"":""AS""}","2026-07-28 00:59:26.122141","590233","alejandro-seva"
"445","{""id"":857855,""name"":""clay dragons"",""slug"":""clay-dragons"",""type"":""User"",""avatar"":null,""initials"":""cd""}","2026-07-28 00:59:50.317812","857855","clay-dragons"
"446","{""id"":253907,""name"":""Daniel Ferro"",""slug"":""daniel-ferro"",""type"":""User"",""avatar"":null,""initials"":""DF""}","2026-07-28 01:00:18.736067","253907","daniel-ferro"
"448","{""id"":206862,""name"":""1m o"",""slug"":""1m-o"",""type"":""User"",""avatar"":""https://static.avatars.are.na/206862/large_27f9cfe71ea861183a95c7f34514d85d.png?1645004444"",""initials"":""1o""}","2026-07-28 01:01:27.503619","206862","1m-o"
"449","{""id"":221580,""name"":""Alana Santiago"",""slug"":""alana-santiago"",""type"":""User"",""avatar"":null,""initials"":""AS""}","2026-07-28 01:02:57.12875","221580","alana-santiago"
"450","{""id"":106284,""name"":""Ekaterina Dolgikh"",""slug"":""ekaterina-dolgikh"",""type"":""User"",""avatar"":""https://static.avatars.are.na/106284/large_efeeacf3ec270ce6aff8add6a09644f4.jpg?1608397720"",""initials"":""ED""}","2026-07-28 01:03:17.30663","106284","ekaterina-dolgikh"
"451","{""id"":116577,""name"":""Melina Sweet"",""slug"":""melina-sweet"",""type"":""User"",""avatar"":""https://static.avatars.are.na/116577/large_b2105e009b5f2e7d6bcba9b65d8d36a2.png?1711416540"",""initials"":""MS""}","2026-07-28 01:04:30.790944","116577","melina-sweet"
"453","{""id"":77678,""name"":""Yejee Pae"",""slug"":""yejee-pae"",""type"":""User"",""avatar"":""https://static.avatars.are.na/77678/large_3a19862a76325f4c7b465be5e6ea0f86.jpg?1600893613"",""initials"":""YP""}","2026-07-28 01:05:34.217235","77678","yejee-pae"
"454","{""id"":249916,""name"":""Jon Schafer"",""slug"":""jon-schafer"",""type"":""User"",""avatar"":""https://static.avatars.are.na/249916/large_e7e19b900ea715c3e7e53f71a8711aea.png?1719958774"",""initials"":""JS""}","2026-07-28 01:05:58.883277","249916","jon-schafer"
"455","{""id"":497635,""name"":""Ash Ma"",""slug"":""ash-ma"",""type"":""User"",""avatar"":""https://static.avatars.are.na/497635/large_986f35a0c992c5d2e51309c9bed7f411.png?1679288173"",""initials"":""AM""}","2026-07-28 01:06:26.853288","497635","ash-ma"
"456","{""id"":1032649,""name"":""caju ༄ juju"",""slug"":""caju-juju"",""type"":""User"",""avatar"":""https://static.avatars.are.na/1032649/large_d5112b5927f556a20e1da64a45716d60.jpg?1754584606"",""initials"":""c༄j""}","2026-07-28 01:06:44.83331","1032649","caju-juju"
"457","{""id"":114989,""name"":""Tom Haswell"",""slug"":""tom-haswell"",""type"":""User"",""avatar"":null,""initials"":""TH""}","2026-07-28 01:07:09.480651","114989","tom-haswell"
"458","{""id"":889850,""name"":""okdoke _s"",""slug"":""okdoke-_s"",""type"":""User"",""avatar"":null,""initials"":""o_""}","2026-07-28 01:07:31.52502","889850","okdoke-_s"
"459","{""id"":277452,""name"":""Ashton Henning"",""slug"":""ashton-henning"",""type"":""User"",""avatar"":""https://static.avatars.are.na/277452/large_3d659aabf501bd6d989b1f95bdf9dad2.jpg?1634657715"",""initials"":""AH""}","2026-07-28 01:08:07.569979","277452","ashton-henning"
"460","{""id"":689578,""name"":""kang hanna"",""slug"":""kang-hanna"",""type"":""User"",""avatar"":null,""initials"":""kh""}","2026-07-28 01:09:02.805294","689578","kang-hanna"
"461","{""id"":115136,""name"":""Peggy Shirin M"",""slug"":""peggy-shirin-m"",""type"":""User"",""avatar"":""https://static.avatars.are.na/115136/large_5eb549eca096f60f6706542f0577821d.jpg?1767821946"",""initials"":""PSM""}","2026-07-28 01:10:11.585309","115136","peggy-shirin-m"
"462","{""id"":726365,""name"":""meg gray"",""slug"":""meg-gray"",""type"":""User"",""avatar"":null,""initials"":""mg""}","2026-07-28 01:10:36.438904","726365","meg-gray"
"463","{""id"":609559,""name"":""Thomas Provost"",""slug"":""thomas-provost"",""type"":""User"",""avatar"":""https://static.avatars.are.na/609559/large_b85e93f851a45048ff282b9812f7ff12.jpg?1708958303"",""initials"":""TP""}","2026-07-28 01:11:08.68158","609559","thomas-provost"
"464","{""id"":692161,""name"":""j7s x0"",""slug"":""j7s-x0"",""type"":""User"",""avatar"":""https://static.avatars.are.na/692161/large_b04a8d3079d080a4e72768722639e260.png?1784638158"",""initials"":""jx""}","2026-07-28 01:11:42.681253","692161","j7s-x0"
"465","{""id"":492484,""name"":""Maisie MacDonald"",""slug"":""maisie-macdonald-c1kk4b5akuq"",""type"":""User"",""avatar"":null,""initials"":""MM""}","2026-07-28 01:13:35.656057","492484","maisie-macdonald-c1kk4b5akuq"
"466","{""id"":30308,""name"":""Bethany Moy"",""slug"":""bethany-moy"",""type"":""User"",""avatar"":null,""initials"":""BM""}","2026-07-28 01:15:08.567848","30308","bethany-moy"
"467","{""id"":11378,""name"":""E N ツ"",""slug"":""e-n"",""type"":""User"",""avatar"":""https://static.avatars.are.na/11378/large_2aa7a535493a1eb27beac0f718c68a62.png?1709825318"",""initials"":""ENツ""}","2026-07-28 01:15:39.701138","11378","e-n"
"471","{""id"":26099,""name"":""Daniela Cuenca"",""slug"":""daniela-cuenca"",""type"":""User"",""avatar"":""https://static.avatars.are.na/26099/large_510c21ad36db5e765d9282ddbc183dfa.png?1617324518"",""initials"":""DC""}","2026-07-28 01:17:00.89893","26099","daniela-cuenca"
"474","{""id"":123528,""name"":""Studio  024™"",""slug"":""studio-024"",""type"":""User"",""avatar"":""https://static.avatars.are.na/123528/large_bed37e59489f4302d67bb63c35f22c47.png?1681323931"",""initials"":""S0""}","2026-07-28 01:18:17.292856","123528","studio-024"
"475","{""id"":522572,""name"":""sngsu shin"",""slug"":""sngsu-shin"",""type"":""User"",""avatar"":""https://static.avatars.are.na/522572/large_ed6058a4610ade517d501d37c8035bb1.jpg?1686290058"",""initials"":""ss""}","2026-07-28 01:19:56.903445","522572","sngsu-shin"
"476","{""id"":303877,""name"":""Stella Bartholet"",""slug"":""stella-bartholet"",""type"":""User"",""avatar"":null,""initials"":""SB""}","2026-07-28 01:20:29.893217","303877","stella-bartholet"
"478","{""id"":152055,""name"":""Brn Prs"",""slug"":""brn-prs"",""type"":""User"",""avatar"":null,""initials"":""BP""}","2026-07-28 01:21:24.469523","152055","brn-prs"
"479","{""id"":73489,""name"":""Marina Yu"",""slug"":""marina-yu"",""type"":""User"",""avatar"":null,""initials"":""MY""}","2026-07-28 01:21:52.760144","73489","marina-yu"
"481","{""id"":72731,""name"":""Misha Bohdanov"",""slug"":""misha-bohdanov"",""type"":""User"",""avatar"":""https://static.avatars.are.na/72731/large_1ecf164eac17a97b23922b7e3dd16949.jpeg?1784721701"",""initials"":""MB""}","2026-07-28 01:22:44.909305","72731","misha-bohdanov"
"483","{""id"":122887,""name"":""Nata Avram"",""slug"":""nata-avram"",""type"":""User"",""avatar"":null,""initials"":""NA""}","2026-07-28 01:25:17.002651","122887","nata-avram"
"484","{""id"":261861,""name"":""Sasha Chalaya"",""slug"":""sasha-chalaya"",""type"":""User"",""avatar"":""https://static.avatars.are.na/261861/large_67a0684014324a1d5b1c8b5bc8163098.jpeg?1784554613"",""initials"":""SC""}","2026-07-28 01:25:44.512235","261861","sasha-chalaya"
"485","{""id"":103627,""name"":""Jonas Majidi"",""slug"":""jonas-majidi"",""type"":""User"",""avatar"":null,""initials"":""JM""}","2026-07-28 01:27:51.017304","103627","jonas-majidi"
"486","{""id"":77225,""name"":""Shelby Seay"",""slug"":""shelby-seay"",""type"":""User"",""avatar"":null,""initials"":""SS""}","2026-07-28 01:30:16.236234","77225","shelby-seay"
"487","{""id"":131178,""name"":""Amelia Rista"",""slug"":""amelia-rista"",""type"":""User"",""avatar"":""https://static.avatars.are.na/131178/large_dfa2daa15d951d0e6b86f79a3b46b563.jpg?1600980816"",""initials"":""AR""}","2026-07-28 01:30:40.915996","131178","amelia-rista"
"488","{""id"":200077,""name"":""K S"",""slug"":""k-s-1v9rgs4cdsu"",""type"":""User"",""avatar"":null,""initials"":""KS""}","2026-07-28 01:31:35.6153","200077","k-s-1v9rgs4cdsu"
"492","{""id"":33234,""name"":""This Meme"",""slug"":""this-meme"",""type"":""User"",""avatar"":""https://static.avatars.are.na/33234/large_996b3eab4d0e031f755e72732fe17ad4.png?1561288368"",""initials"":""TM""}","2026-07-28 01:34:07.544937","33234","this-meme"
"494","{""id"":803755,""name"":""Caden J"",""slug"":""caden-j"",""type"":""User"",""avatar"":null,""initials"":""CJ""}","2026-07-28 01:35:58.198598","803755","caden-j"
"496","{""id"":325555,""name"":""nicolle ૮ • ﻌ - ა\u2069"",""slug"":""nicolle"",""type"":""User"",""avatar"":""https://static.avatars.are.na/325555/large_c83329a1ce402ba46edfe2488dad352f.png?1753463923"",""initials"":""n૮•ﻌ""}","2026-07-28 01:36:37.392965","325555","nicolle"
"497","{""id"":588576,""name"":""Carly Cantlon"",""slug"":""carly-cantlon"",""type"":""User"",""avatar"":null,""initials"":""CC""}","2026-07-28 01:36:53.954845","588576","carly-cantlon"
"503","{""id"":537764,""name"":""FERDMAN STUDIO"",""slug"":""ferdman-studio"",""type"":""User"",""avatar"":""https://static.avatars.are.na/537764/large_5a4901906a9c1a9302fb62a98faa7f1d.jpeg?1779379579"",""initials"":""FS""}","2026-07-28 01:39:59.601449","537764","ferdman-studio"
"505","{""id"":50962,""name"":""Robert Vagin"",""slug"":""robert-vagin"",""type"":""User"",""avatar"":""https://static.avatars.are.na/50962/large_5d7a606aab30c1e89be9dfcab11a5145.png?1761590278"",""initials"":""RV""}","2026-07-28 01:41:03.920893","50962","robert-vagin"
"508","{""id"":105383,""name"":""Kylie Wagner"",""slug"":""kylie-wagner"",""type"":""User"",""avatar"":""https://static.avatars.are.na/105383/large_b41a6eca7dd94ff09a52d9d85fe1ac3a.jpg?1751650197"",""initials"":""KW""}","2026-07-28 01:43:15.851626","105383","kylie-wagner"
"509","{""id"":152880,""name"":""kristian _____s"",""slug"":""kristian-_____s"",""type"":""User"",""avatar"":null,""initials"":""k_""}","2026-07-28 01:43:43.965889","152880","kristian-_____s"
"510","{""id"":1544427,""name"":""Tudinh Duong"",""slug"":""tudinh-duong"",""type"":""User"",""avatar"":""https://static.avatars.are.na/1544427/large_679972d255900b6997b1614f8eca272c.jpeg?1783879529"",""initials"":""TD""}","2026-07-28 01:44:26.217504","1544427","tudinh-duong"
"511","{""id"":713253,""name"":""Nir Tober"",""slug"":""nir-tober"",""type"":""User"",""avatar"":""https://static.avatars.are.na/713253/large_93be3ab8948fd8402060b7010aba33d5.png?1738323922"",""initials"":""NT""}","2026-07-28 01:45:24.640141","713253","nir-tober"
"512","{""id"":496099,""name"":""Tjen  Colman"",""slug"":""tjen-colman"",""type"":""User"",""avatar"":""https://static.avatars.are.na/496099/large_cbc8b9cc2ca93e61bea3267ef4d564af.png?1678699139"",""initials"":""TC""}","2026-07-28 01:45:48.279118","496099","tjen-colman"
"513","{""id"":166412,""name"":""Christiano Fassoli"",""slug"":""christiano-fassoli"",""type"":""User"",""avatar"":""https://static.avatars.are.na/166412/large_ecdfc7a7e86630f709ab75b78273d4c0.png?1764688637"",""initials"":""CF""}","2026-07-28 01:49:19.793217","166412","christiano-fassoli"
"514","{""id"":1306958,""name"":""Jake Tan"",""slug"":""jake-tan"",""type"":""User"",""avatar"":""https://static.avatars.are.na/1306958/large_c4ecefa76f4578a7c21b24beb8364d6b.jpg?1769715508"",""initials"":""JT""}","2026-07-28 01:49:45.590253","1306958","jake-tan"
"515","{""id"":442740,""name"":""Thibault Guillon"",""slug"":""thibault-guillon"",""type"":""User"",""avatar"":null,""initials"":""TG""}","2026-07-28 01:50:18.376552","442740","thibault-guillon"
"516","{""id"":187804,""name"":""jaja blinky"",""slug"":""jaja-blinky"",""type"":""User"",""avatar"":null,""initials"":""jb""}","2026-07-28 01:50:41.085407","187804","jaja-blinky"
"517","{""id"":673155,""name"":""Rafaele M"",""slug"":""rafaele-m"",""type"":""User"",""avatar"":""https://static.avatars.are.na/673155/large_fe8cb05dfd96625685a32520370b4408.png?1766951228"",""initials"":""RM""}","2026-07-28 01:51:12.776603","673155","rafaele-m"
"518","{""id"":159784,""name"":""Tirelle Barron"",""slug"":""tirelle-barron"",""type"":""User"",""avatar"":null,""initials"":""TB""}","2026-07-28 01:51:40.29613","159784","tirelle-barron"
"519","{""id"":263651,""name"":""Existential Pleasures"",""slug"":""existential-pleasures"",""type"":""User"",""avatar"":""https://static.avatars.are.na/263651/large_e69234696d685126cd24e11387fc737e.jpg?1625847434"",""initials"":""EP""}","2026-07-28 01:52:05.969198","263651","existential-pleasures"
"520","{""id"":283715,""name"":""Colin Lawrence"",""slug"":""colin-lawrence"",""type"":""User"",""avatar"":null,""initials"":""CL""}","2026-07-28 01:52:34.075911","283715","colin-lawrence"
"521","{""id"":215164,""name"":""SMSTOEARTH ."",""slug"":""smstoearth"",""type"":""User"",""avatar"":""https://static.avatars.are.na/215164/large_f3175155a2383aeb83514f900b32200a.png?1682437729"",""initials"":""S.""}","2026-07-28 01:52:55.012514","215164","smstoearth"
"522","{""id"":568503,""name"":""Tristan Bobo"",""slug"":""tristan-bobo"",""type"":""User"",""avatar"":""https://static.avatars.are.na/568503/large_e1ce86678115139ac67c16d757f36891.jpeg?1777569790"",""initials"":""TB""}","2026-07-28 01:53:13.384931","568503","tristan-bobo"
"523","{""id"":141376,""name"":""Luis Gutierrez Rico"",""slug"":""luis-gutierrez-rico"",""type"":""User"",""avatar"":""https://static.avatars.are.na/141376/large_16dc5c77f9e5517abc7042fce204ce0e.jpg?1576431854"",""initials"":""LGR""}","2026-07-28 01:54:34.379434","141376","luis-gutierrez-rico"
"524","{""id"":881417,""name"":""vi .IO"",""slug"":""vi-io"",""type"":""User"",""avatar"":""https://static.avatars.are.na/881417/large_47c5ee6d1bf0ca9d728a8a0f6f81808d.jpg?1769105940"",""initials"":""v.""}","2026-07-28 01:55:09.812033","881417","vi-io"
"525","{""id"":77515,""name"":""H. Stempczynski"",""slug"":""h-stempczynski"",""type"":""User"",""avatar"":""https://static.avatars.are.na/77515/large_cefe6c0b85b24250a47736017e8ce17c.jpeg?1782048552"",""initials"":""HS""}","2026-07-28 01:55:37.806593","77515","h-stempczynski"
"527","{""id"":382661,""name"":""OMDD \u200e "",""slug"":""omdd"",""type"":""User"",""avatar"":""https://static.avatars.are.na/382661/large_20570d0c04e37e81329b2886bcb00266.jpg?1703717949"",""initials"":""O\u200e""}","2026-07-28 01:56:48.724271","382661","omdd"
"528","{""id"":81651,""name"":""Ben Scovill"",""slug"":""ben-scovill"",""type"":""User"",""avatar"":""https://static.avatars.are.na/81651/large_1a76e73216377688038d1fbc2e1c7ff4.jpg?1768404045"",""initials"":""BS""}","2026-07-28 01:57:25.477532","81651","ben-scovill"
"529","{""id"":490584,""name"":""Unlearn Studio"",""slug"":""unlearn-studio"",""type"":""User"",""avatar"":""https://static.avatars.are.na/490584/large_c349d361b51e02120bd972d356eb647a.png?1684231584"",""initials"":""US""}","2026-07-28 02:00:05.246088","490584","unlearn-studio"
"530","{""id"":434638,""name"":""Moritz Klein"",""slug"":""moritz-klein-rsvbtjcnp2w"",""type"":""User"",""avatar"":null,""initials"":""MK""}","2026-07-28 02:00:35.967641","434638","moritz-klein-rsvbtjcnp2w"
"531","{""id"":871607,""name"":""charles orliac S"",""slug"":""charles-orliac-s"",""type"":""User"",""avatar"":""https://static.avatars.are.na/871607/large_d3151f2d45bee76cb22f4a1e320a6e72.jpg?1758297213"",""initials"":""coS""}","2026-07-28 02:01:01.897745","871607","charles-orliac-s"
"532","{""id"":250863,""name"":""olha smnv"",""slug"":""olha-smnv"",""type"":""User"",""avatar"":""https://static.avatars.are.na/250863/large_2b407b0842461a59ab6beb611ec7e477.jpg?1672133329"",""initials"":""os""}","2026-07-28 02:01:43.899114","250863","olha-smnv"
"533","{""id"":909938,""name"":""Morgane Malleron"",""slug"":""morgane-malleron-js6gwpoty1k"",""type"":""User"",""avatar"":null,""initials"":""MM""}","2026-07-28 02:02:10.806296","909938","morgane-malleron-js6gwpoty1k"
"534","{""id"":207840,""name"":""pigeon $"",""slug"":""pigeon"",""type"":""User"",""avatar"":null,""initials"":""p$""}","2026-07-28 02:02:33.774692","207840","pigeon"